"C:/Users/user1/Documents/Unreal Projects/Casino_Simulator_KCU/casino_simulator.uproject" 1
"../../../../../../Users/user1/Documents/Unreal Projects/Casino_Simulator_KCU/Binaries/Win64/UnrealEditor.modules" 2
"../../../Engine/Plugins/AudioGameplay/AudioGameplay.uplugin" 3
"../../../Engine/Plugins/AudioInsights/AudioInsights.uplugin" 4
"../../../Engine/Plugins/ChaosClothAssetEditor/ChaosClothAssetEditor.uplugin" 5
"../../../Engine/Plugins/ChaosVD/ChaosVD.uplugin" 6
"../../../Engine/Plugins/Bridge/Bridge.uplugin" 7
"../../../Engine/Plugins/ChaosCloth/ChaosCloth.uplugin" 8
"../../../Engine/Plugins/BlueprintFileUtils/BlueprintFileUtils.uplugin" 9
"../../../Engine/Plugins/BaseMaterial/BaseMaterial.uplugin" 10
"../../../Engine/Plugins/ChaosClothAsset/ChaosClothAsset.uplugin" 11
"../../../Engine/Plugins/ChaosInsights/ChaosInsights.uplugin" 12
"../../../Engine/Plugins/AudioGameplayVolume/AudioGameplayVolume.uplugin" 13
"../../../Engine/Plugins/Chooser/Chooser.uplugin" 14
"../../../Engine/Plugins/CmdLinkServer/CmdLinkServer.uplugin" 15
"../../../Engine/Plugins/DiscoveryBeaconReceiver/DiscoveryBeaconReceiver.uplugin" 16
"../../../Engine/Plugins/LightWeightInstancesEditor/LightWeightInstancesEditor.uplugin" 17
"../../../Engine/Plugins/Fab/Fab.uplugin" 18
"../../../Engine/Plugins/JsonBlueprintUtilities/JsonBlueprintUtilities.uplugin" 19
"../../../Engine/Plugins/MassInsights/MassInsights.uplugin" 20
"../../../Engine/Plugins/MemoryUsageQueries/MemoryUsageQueries.uplugin" 21
"../../../Engine/Plugins/PCG/PCG.uplugin" 22
"../../../Engine/Plugins/MeshPainting/MeshPainting.uplugin" 23
"../../../Engine/Plugins/EnhancedInput/EnhancedInput.uplugin" 24
"../../../Engine/Plugins/Mutable/Mutable.uplugin" 25
"../../../Engine/Plugins/ScriptPlugin/ScriptPlugin.uplugin" 26
"../../../Engine/Plugins/RenderGraphInsights/RenderGraphInsights.uplugin" 27
"../../../Engine/Plugins/FastBuildController/FastBuildController.uplugin" 28
"../../../Engine/Plugins/TextureGraph/TextureGraph.uplugin" 29
"../../../Engine/Plugins/UbaController/UbaController.uplugin" 30
"../../../Engine/Plugins/WorldMetrics/WorldMetrics.uplugin" 31
"../../../Engine/Plugins/XGEController/XGEController.uplugin" 32
"../../../Engine/Plugins/Editor/AssetReferenceRestrictions/AssetReferenceRestrictions.uplugin" 33
"../../../Engine/Plugins/Editor/AssetSearch/AssetSearch.uplugin" 34
"../../../Engine/Plugins/Editor/BlueprintHeaderView/BlueprintHeaderView.uplugin" 35
"../../../Engine/Plugins/Editor/AssetRegistryExport/AssetRegistryExport.uplugin" 36
"../../../Engine/Plugins/Editor/BlueprintMaterialTextureNodes/BlueprintMaterialTextureNodes.uplugin" 37
"../../../Engine/Plugins/Editor/ChangelistReview/ChangelistReview.uplugin" 38
"../../../Engine/Plugins/Editor/ColorGrading/ColorGrading.uplugin" 39
"../../../Engine/Plugins/Editor/CryptoKeys/CryptoKeys.uplugin" 40
"../../../Engine/Plugins/Editor/ConsoleVariablesEditor/ConsoleVariables.uplugin" 41
"../../../Engine/Plugins/Editor/CurveEditorTools/CurveEditorTools.uplugin" 42
"../../../Engine/Plugins/Editor/DisplayClusterLaunch/DisplayClusterLaunch.uplugin" 43
"../../../Engine/Plugins/Editor/DataValidation/DataValidation.uplugin" 44
"../../../Engine/Plugins/Editor/EditorDebugTools/EditorDebugTools.uplugin" 45
"../../../Engine/Plugins/TraceUtilities/TraceUtilities.uplugin" 46
"../../../Engine/Plugins/Editor/EditorScriptingUtilities/EditorScriptingUtilities.uplugin" 47
"../../../Engine/Plugins/Editor/EngineAssetDefinitions/EngineAssetDefinitions.uplugin" 48
"../../../Engine/Plugins/Editor/FacialAnimation/FacialAnimation.uplugin" 49
"../../../Engine/Plugins/IoStoreInsights/IoStoreInsights.uplugin" 50
"../../../Engine/Plugins/Editor/EditorSysConfigAssistant/EditorSysConfigAssistant.uplugin" 51
"../../../Engine/Plugins/Editor/GeometryMode/GeometryMode.uplugin" 52
"../../../Engine/Plugins/VisualStudioTools/VisualStudioTools.uplugin" 53
"../../../Engine/Plugins/Editor/MakeCookedEditorAsDLC/MakeCookedEditorAsDLC.uplugin" 54
"../../../Engine/Plugins/Editor/LandscapePatch/LandscapePatch.uplugin" 55
"../../../Engine/Plugins/Editor/MacGraphicsSwitching/MacGraphicsSwitching.uplugin" 56
"../../../Engine/Plugins/Editor/MeshLODToolset/MeshLODToolset.uplugin" 57
"../../../Engine/Plugins/Editor/MobileLauncherProfileWizard/MobileLauncherProfileWizard.uplugin" 58
"../../../Engine/Plugins/Editor/ModelingToolsEditorMode/ModelingToolsEditorMode.uplugin" 59
"../../../Engine/Plugins/Editor/ModelViewViewModelPreview/ModelViewViewModelPreview.uplugin" 60
"../../../Engine/Plugins/Editor/PluginBrowser/PluginBrowser.uplugin" 61
"../../../Engine/Plugins/Editor/SampleToolsEditorMode/SampleToolsEditorMode.uplugin" 62
"../../../Engine/Plugins/Editor/ScriptableToolsEditorMode/ScriptableToolsEditorMode.uplugin" 63
"../../../Engine/Plugins/Editor/ProxyLODPlugin/ProxyLODPlugin.uplugin" 64
"../../../Engine/Plugins/Editor/GuidedTutorials/GuidedTutorials.uplugin" 65
"../../../Engine/Plugins/Editor/SequencerAnimTools/SequencerAnimTools.uplugin" 66
"../../../Engine/Plugins/Editor/StaticMeshEditorModeling/StaticMeshEditorModeling.uplugin" 67
"../../../Engine/Plugins/Editor/AssetManagerEditor/AssetManagerEditor.uplugin" 68
"../../../Engine/Plugins/Editor/GameplayTagsEditor/GameplayTagsEditor.uplugin" 69
"../../../Engine/Plugins/Editor/LiveUpdateForSlate/LiveUpdateForSlate.uplugin" 70
"../../../Engine/Plugins/Editor/SpeedTreeImporter/SpeedTreeImporter.uplugin" 71
"../../../Engine/Plugins/Editor/UMGWidgetPreview/UMGWidgetPreview.uplugin" 72
"../../../Engine/Plugins/Editor/UVEditor/UVEditor.uplugin" 73
"../../../Engine/Plugins/Importers/AlembicHairImporter/AlembicHairImporter.uplugin" 74
"../../../Engine/Plugins/Editor/MaterialAnalyzer/MaterialAnalyzer.uplugin" 75
"../../../Engine/Plugins/Importers/AlembicImporter/AlembicImporter.uplugin" 76
"../../../Engine/Plugins/Importers/USDImporterMDL/USDImporterMDL.uplugin" 77
"../../../Engine/Plugins/Importers/USDImporter/USDImporter.uplugin" 78
"../../../Engine/Plugins/MovieScene/CustomizableSequencerTracks/CustomizableSequencerTracks.uplugin" 79
"../../../Engine/Plugins/MovieScene/ActorSequence/ActorSequence.uplugin" 80
"../../../Engine/Plugins/MovieScene/LevelSequenceEditor/LevelSequenceEditor.uplugin" 81
"../../../Engine/Plugins/MovieScene/MoviePipelineMaskRenderPass/MoviePipelineMaskRenderPass.uplugin" 82
"../../../Engine/Plugins/MovieScene/MovieRenderPipeline/MovieRenderPipeline.uplugin" 83
"../../../Engine/Plugins/Importers/USDMultiUser/USDMultiUser.uplugin" 84
"../../../Engine/Plugins/MovieScene/ReplayTracks/ReplayTracks.uplugin" 85
"../../../Engine/Plugins/MovieScene/SequencerScripting/SequencerScripting.uplugin" 86
"../../../Engine/Plugins/MovieScene/SequenceValidator/SequenceValidator.uplugin" 87
"../../../Engine/Plugins/MovieScene/TemplateSequence/TemplateSequence.uplugin" 88
"../../../Engine/Plugins/NetcodeUnitTest/NetcodeUnitTest/NetcodeUnitTest.uplugin" 89
"../../../Engine/Plugins/PCGInterops/PCGGeometryScriptInterop/PCGGeometryScriptInterop.uplugin" 90
"../../../Engine/Plugins/MovieScene/MovieSceneTextTrack/MovieSceneTextTrack.uplugin" 91
"../../../Engine/Plugins/PCGInterops/PCGExternalDataInterop/PCGExternalDataInterop.uplugin" 92
"../../../Engine/Plugins/PCGInterops/PCGPythonInterop/PCGPythonInterop.uplugin" 93
"../../../Engine/Plugins/Portal/LauncherChunkInstaller/LauncherChunkInstaller.uplugin" 94
"../../../Engine/Plugins/Protocols/MQTT/MQTT.uplugin" 95
"../../../Engine/Plugins/Slate/SlateInsights/SlateInsights.uplugin" 96
"../../../Engine/Plugins/Tests/AudioCQTests/AudioCQTests.uplugin" 97
"../../../Engine/Plugins/Slate/SlateScripting/SlateScripting.uplugin" 98
"../../../Engine/Plugins/Tests/CQTestEnhancedInput/CQTestEnhancedInput.uplugin" 99
"../../../Engine/Plugins/Editor/WaveformEditor/WaveformEditor.uplugin" 100
"../../../Engine/Plugins/Tests/AutomationDriverTests/AutomationDriverTests.uplugin" 101
"../../../Engine/Plugins/Editor/WorldPartitionHLODUtilities/WorldPartitionHLODUtilities.uplugin" 102
"../../../Engine/Plugins/Tests/CQTestExperimental/CQTestExperimental.uplugin" 103
"../../../Engine/Plugins/Tests/CQTest/CQTest.uplugin" 104
"../../../Engine/Plugins/Tests/InterchangeTests/InterchangeTests.uplugin" 105
"../../../Engine/Plugins/Editor/StylusInput/StylusInput.uplugin" 106
"../../../Engine/Plugins/Tests/FbxAutomationTestBuilder/FbxAutomationTestBuilder.uplugin" 107
"../../../Engine/Plugins/Tests/PythonAutomationTest/PythonAutomationTest.uplugin" 108
"../../../Engine/Plugins/Tests/RHITests/RHITests.uplugin" 109
"../../../Engine/Plugins/Tests/TestSamples/TestSamples.uplugin" 110
"../../../Engine/Plugins/Tests/WidgetAutomationTests/WidgetAutomationTests.uplugin" 111
"../../../Engine/Plugins/VirtualProduction/ActorModifierCore/ActorModifierCore.uplugin" 112
"../../../Engine/Plugins/VirtualProduction/ActorModifier/ActorModifier.uplugin" 113
"../../../Engine/Plugins/NetcodeUnitTest/NUTUnrealEngine/NUTUnrealEngine.uplugin" 114
"../../../Engine/Plugins/VirtualProduction/AvalancheDataLink/AvalancheDataLink.uplugin" 115
"../../../Engine/Plugins/VirtualProduction/CameraCalibration/CameraCalibration.uplugin" 116
"../../../Engine/Plugins/VirtualProduction/AvalancheSceneState/AvalancheSceneState.uplugin" 117
"../../../Engine/Plugins/VirtualProduction/Avalanche/Avalanche.uplugin" 118
"../../../Engine/Plugins/Tests/EditorTests/EditorTests.uplugin" 119
"../../../Engine/Plugins/Tests/TestFramework/TestFramework.uplugin" 120
"../../../Engine/Plugins/VirtualProduction/CameraCalibrationCore/CameraCalibrationCore.uplugin" 121
"../../../Engine/Plugins/VirtualProduction/CameraCalibrationML/CameraCalibrationML.uplugin" 122
"../../../Engine/Plugins/VirtualProduction/CinematicAssemblyTools/CinematicAssemblyTools.uplugin" 123
"../../../Engine/Plugins/VirtualProduction/CompositePlane/CompositePlane.uplugin" 124
"../../../Engine/Plugins/VirtualProduction/ClonerEffector/ClonerEffector.uplugin" 125
"../../../Engine/Plugins/VirtualProduction/CaptureData/CaptureData.uplugin" 126
"../../../Engine/Plugins/VirtualProduction/CustomDetailsView/CustomDetailsView.uplugin" 127
"../../../Engine/Plugins/VirtualProduction/DataCharts/DataCharts.uplugin" 128
"../../../Engine/Plugins/VirtualProduction/DataLink/DataLink.uplugin" 129
"../../../Engine/Plugins/VirtualProduction/DataLinkOAuth/DataLinkOAuth.uplugin" 130
"../../../Engine/Plugins/VirtualProduction/EpicStageApp/EpicStageApp.uplugin" 131
"../../../Engine/Plugins/VirtualProduction/ICVFX/ICVFX.uplugin" 132
"../../../Engine/Plugins/VirtualProduction/DynamicMaterial/DynamicMaterial.uplugin" 133
"../../../Engine/Plugins/VirtualProduction/ICVFXTesting/ICVFXTesting.uplugin" 134
"../../../Engine/Plugins/Tests/RuntimeTests/RuntimeTests.uplugin" 135
"../../../Engine/Plugins/VirtualProduction/GeometryMask/GeometryMask.uplugin" 136
"../../../Engine/Plugins/VirtualProduction/LevelSnapshots/LevelSnapshots.uplugin" 137
"../../../Engine/Plugins/VirtualProduction/LensComponent/LensComponent.uplugin" 138
"../../../Engine/Plugins/VirtualProduction/LiveLinkInputDevice/LiveLinkInputDevice.uplugin" 139
"../../../Engine/Plugins/VirtualProduction/LiveLinkLens/LiveLinkLens.uplugin" 140
"../../../Engine/Plugins/VirtualProduction/LiveLinkFreeD/LiveLinkFreeD.uplugin" 141
"../../../Engine/Plugins/Tests/FunctionalTestingEditor/FunctionalTestingEditor.uplugin" 142
"../../../Engine/Plugins/VirtualProduction/LiveLinkMasterLockit/LiveLinkMasterLockit.uplugin" 143
"../../../Engine/Plugins/VirtualProduction/LiveLinkOpenTrackIO/LiveLinkOpenTrackIO.uplugin" 144
"../../../Engine/Plugins/VirtualProduction/LiveLinkCamera/LiveLinkCamera.uplugin" 145
"../../../Engine/Plugins/VirtualProduction/LiveLinkPrestonMDR/LiveLinkPrestonMDR.uplugin" 146
"../../../Engine/Plugins/VirtualProduction/LiveLinkXR/LiveLinkXR.uplugin" 147
"../../../Engine/Plugins/VirtualProduction/LiveLinkVRPN/LiveLinkVRPN.uplugin" 148
"../../../Engine/Plugins/VirtualProduction/OperatorStack/OperatorStack.uplugin" 149
"../../../Engine/Plugins/VirtualProduction/MultiUserTakes/MultiUserTakes.uplugin" 150
"../../../Engine/Plugins/VirtualProduction/PerformanceCaptureWorkflow/PerformanceCaptureWorkflow.uplugin" 151
"../../../Engine/Plugins/VirtualProduction/PropertyAnimatorCore/PropertyAnimatorCore.uplugin" 152
"../../../Engine/Plugins/VirtualProduction/RemoteControlProtocolMIDI/RemoteControlProtocolMIDI.uplugin" 153
"../../../Engine/Plugins/VirtualProduction/SceneState/SceneState.uplugin" 154
"../../../Engine/Plugins/VirtualProduction/RemoteControlProtocolOSC/RemoteControlProtocolOSC.uplugin" 155
"../../../Engine/Plugins/VirtualProduction/RemoteControlProtocolDMX/RemoteControlProtocolDMX.uplugin" 156
"../../../Engine/Plugins/VirtualProduction/SceneStateDataLink/SceneStateDataLink.uplugin" 157
"../../../Engine/Plugins/VirtualProduction/SequencerPlaylists/SequencerPlaylists.uplugin" 158
"../../../Engine/Plugins/VirtualProduction/RemoteControlWebInterface/RemoteControlWebInterface.uplugin" 159
"../../../Engine/Plugins/VirtualProduction/PropertyAnimator/PropertyAnimator.uplugin" 160
"../../../Engine/Plugins/VirtualProduction/RemoteControlInterception/RemoteControlInterception.uplugin" 161
"../../../Engine/Plugins/VirtualProduction/StormSync/StormSync.uplugin" 162
"../../../Engine/Plugins/VirtualProduction/StageMonitoring/StageMonitoring.uplugin" 163
"../../../Engine/Plugins/VirtualProduction/Takes/Takes.uplugin" 164
"../../../Engine/Plugins/VirtualProduction/StormSyncAvalancheBridge/StormSyncAvalancheBridge.uplugin" 165
"../../../Engine/Plugins/VirtualProduction/Text3D/Text3D.uplugin" 166
"../../../Engine/Plugins/VirtualProduction/Switchboard/Switchboard.uplugin" 167
"../../../Engine/Plugins/VirtualProduction/SVGImporter/SVGImporter.uplugin" 168
"../../../Engine/Plugins/VirtualProduction/TimedDataMonitor/TimedDataMonitor.uplugin" 169
"../../../Engine/Plugins/VirtualProduction/TextureShare/TextureShare.uplugin" 170
"../../../Engine/Plugins/VirtualProduction/VirtualScouting/VirtualScouting.uplugin" 171
"../../../Engine/Plugins/Messaging/MessagingDebugger/MessagingDebugger.uplugin" 172
"../../../Engine/Plugins/VirtualProduction/VirtualCameraCore/VirtualCameraCore.uplugin" 173
"../../../Engine/Plugins/VirtualProduction/VirtualCamera/VirtualCamera.uplugin" 174
"../../../Engine/Plugins/Messaging/TcpMessaging/TcpMessaging.uplugin" 175
"../../../Engine/Plugins/NNE/NNERuntimeORT/NNERuntimeORT.uplugin" 176
"../../../Engine/Plugins/Performance/AutomatedPerfTesting/AutomatedPerfTesting.uplugin" 177
"../../../Engine/Plugins/NNE/NNEDenoiser/NNEDenoiser.uplugin" 178
"../../../Engine/Plugins/Web/HttpBlueprint/HttpBlueprint.uplugin" 179
"../../../Engine/Plugins/Messaging/UdpMessaging/UdpMessaging.uplugin" 180
"../../../Engine/Plugins/2D/Paper2D/Paper2D.uplugin" 181
"../../../Engine/Plugins/Performance/PerformanceMonitor/PerformanceMonitor.uplugin" 182
"../../../Engine/Plugins/AI/EnvironmentQueryEditor/EnvironmentQueryEditor.uplugin" 183
"../../../Engine/Plugins/AI/AISupport/AISupport.uplugin" 184
"../../../Engine/Plugins/AI/MassAI/MassAI.uplugin" 185
"../../../Engine/Plugins/AI/HTNPlanner/HTNPlanner.uplugin" 186
"../../../Engine/Plugins/Animation/AnimationData/AnimationData.uplugin" 187
"../../../Engine/Plugins/Animation/AnimationModifierLibrary/AnimationModifierLibrary.uplugin" 188
"../../../Engine/Plugins/AI/MLAdapter/MLAdapter.uplugin" 189
"../../../Engine/Plugins/AI/MassCrowd/MassCrowd.uplugin" 190
"../../../Engine/Plugins/Animation/ACLPlugin/ACLPlugin.uplugin" 191
"../../../Engine/Plugins/Animation/AnimationLocomotionLibrary/AnimationLocomotionLibrary.uplugin" 192
"../../../Engine/Plugins/Animation/AnimatorKit/AnimatorKit.uplugin" 193
"../../../Engine/Plugins/Animation/EaseCurveTool/EaseCurveTool.uplugin" 194
"../../../Engine/Plugins/Animation/ControlRigSpline/ControlRigSpline.uplugin" 195
"../../../Engine/Plugins/Animation/BlendSpaceMotionAnalysis/BlendSpaceMotionAnalysis.uplugin" 196
"../../../Engine/Plugins/Animation/BlendStack/BlendStack.uplugin" 197
"../../../Engine/Plugins/Animation/ControlRig/ControlRig.uplugin" 198
"../../../Engine/Plugins/Animation/GameplayInsights/GameplayInsights.uplugin" 199
"../../../Engine/Plugins/Animation/DNACalib/DNACalib.uplugin" 200
"../../../Engine/Plugins/Animation/GeneSplicer/GeneSplicer.uplugin" 201
"../../../Engine/Plugins/Animation/LiveLink/LiveLink.uplugin" 202
"../../../Engine/Plugins/Animation/DeformerGraph/DeformerGraph.uplugin" 203
"../../../Engine/Plugins/Animation/LiveLinkExampleDevice/LiveLinkExampleDevice.uplugin" 204
"../../../Engine/Plugins/Animation/LiveLinkCurveDebugUI/LiveLinkCurveDebugUI.uplugin" 205
"../../../Engine/Plugins/Animation/ControlRigModules/ControlRigModules.uplugin" 206
"../../../Engine/Plugins/VirtualProduction/RemoteControl/RemoteControl.uplugin" 207
"../../../Engine/Plugins/Animation/LiveLinkHub/LiveLinkHub.uplugin" 208
"../../../Engine/Plugins/Animation/AnimationWarping/AnimationWarping.uplugin" 209
"../../../Engine/Plugins/Animation/LiveLinkDevice/LiveLinkDevice.uplugin" 210
"../../../Engine/Plugins/Animation/PerformanceCaptureCore/PerformanceCaptureCore.uplugin" 211
"../../../Engine/Plugins/Animation/MotionWarping/MotionWarping.uplugin" 212
"../../../Engine/Plugins/Animation/PoseSearch/PoseSearch.uplugin" 213
"../../../Engine/Plugins/Animation/RigLogic/RigLogic.uplugin" 214
"../../../Engine/Plugins/Animation/TweeningUtils/TweeningUtils.uplugin" 215
"../../../Engine/Plugins/Cameras/EngineCameras/EngineCameras.uplugin" 216
"../../../Engine/Plugins/Cameras/CameraShakePreviewer/CameraShakePreviewer.uplugin" 217
"../../../Engine/Plugins/Compositing/Composite/Composite.uplugin" 218
"../../../Engine/Plugins/Compositing/Composure/Composure.uplugin" 219
"../../../Engine/Plugins/Compositing/HoldoutComposite/HoldoutComposite.uplugin" 220
"../../../Engine/Plugins/Compositing/OpenColorIO/OpenColorIO.uplugin" 221
"../../../Engine/Plugins/Cameras/GameplayCameras/GameplayCameras.uplugin" 222
"../../../Engine/Plugins/Compositing/OpenCVLensDistortion/OpenCVLensDistortion.uplugin" 223
"../../../Engine/Plugins/Animation/SkeletalMeshModelingTools/SkeletalMeshModelingTools.uplugin" 224
"../../../Engine/Plugins/Developer/BlankPlugin/BlankPlugin.uplugin" 225
"../../../Engine/Plugins/Developer/AnimationSharing/AnimationSharing.uplugin" 226
"../../../Engine/Plugins/Developer/CLionSourceCodeAccess/CLionSourceCodeAccess.uplugin" 227
"../../../Engine/Plugins/Developer/CodeLiteSourceCodeAccess/CodeLiteSourceCodeAccess.uplugin" 228
"../../../Engine/Plugins/Compression/OodleNetwork/OodleNetwork.uplugin" 229
"../../../Engine/Plugins/Developer/DirectoryPlaceholder/DirectoryPlaceholder.uplugin" 230
"../../../Engine/Plugins/Developer/DumpGPUServices/DumpGPUServices.uplugin" 231
"../../../Engine/Plugins/Developer/GitSourceControl/GitSourceControl.uplugin" 232
"../../../Engine/Plugins/Developer/FieldNotificationTrace/FieldNotificationTrace.uplugin" 233
"../../../Engine/Plugins/Developer/N10XSourceCodeAccess/N10XSourceCodeAccess.uplugin" 234
"../../../Engine/Plugins/Developer/NamingTokens/NamingTokens.uplugin" 235
"../../../Engine/Plugins/Developer/NullSourceCodeAccess/NullSourceCodeAccess.uplugin" 236
"../../../Engine/Plugins/Developer/KDevelopSourceCodeAccess/KDevelopSourceCodeAccess.uplugin" 237
"../../../Engine/Plugins/Developer/PlasticSourceControl/PlasticSourceControl.uplugin" 238
"../../../Engine/Plugins/Developer/PixWinPlugin/PixWinPlugin.uplugin" 239
"../../../Engine/Plugins/Developer/OneSkyLocalizationService/OneSkyLocalizationService.uplugin" 240
"../../../Engine/Plugins/Developer/PluginUtils/PluginUtils.uplugin" 241
"../../../Engine/Plugins/Developer/PerforceSourceControl/PerforceSourceControl.uplugin" 242
"../../../Engine/Plugins/Developer/TextureFormatOodle/TextureFormatOodle.uplugin" 243
"../../../Engine/Plugins/Developer/SubversionSourceControl/SubversionSourceControl.uplugin" 244
"../../../Engine/Plugins/Developer/TraceSourceFiltering/TraceSourceFilters.uplugin" 245
"../../../Engine/Plugins/Developer/UObjectPlugin/UObjectPlugin.uplugin" 246
"../../../Engine/Plugins/Compositing/LensDistortion/LensDistortion.uplugin" 247
"../../../Engine/Plugins/Animation/IKRig/IKRig.uplugin" 248
"../../../Engine/Plugins/Developer/PropertyAccessNode/PropertyAccessNode.uplugin" 249
"../../../Engine/Plugins/Developer/VisualStudioCodeSourceCodeAccess/VisualStudioCodeSourceCodeAccess.uplugin" 250
"../../../Engine/Plugins/Animation/LiveLinkUnrealDevice/LiveLinkUnrealDevice.uplugin" 251
"../../../Engine/Plugins/Developer/VisualStudioSourceCodeAccess/VisualStudioSourceCodeAccess.uplugin" 252
"../../../Engine/Plugins/Enterprise/AxFImporter/AxFImporter.uplugin" 253
"../../../Engine/Plugins/Developer/RiderSourceCodeAccess/RiderSourceCodeAccess.uplugin" 254
"../../../Engine/Plugins/Developer/XCodeSourceCodeAccess/XCodeSourceCodeAccess.uplugin" 255
"../../../Engine/Plugins/Developer/XcodeGPUDebuggerPlugin/XcodeGPUDebuggerPlugin.uplugin" 256
"../../../Engine/Plugins/Enterprise/DataprepEditor/DataprepEditor.uplugin" 257
"../../../Engine/Plugins/Enterprise/DatasmithC4DImporter/DatasmithC4DImporter.uplugin" 258
"../../../Engine/Plugins/Enterprise/DatasmithCADImporter/DatasmithCADImporter.uplugin" 259
"../../../Engine/Plugins/Enterprise/DatasmithImporter/DatasmithImporter.uplugin" 260
"../../../Engine/Plugins/Enterprise/DatasmithContent/DatasmithContent.uplugin" 261
"../../../Engine/Plugins/Enterprise/GLTFExporter/GLTFExporter.uplugin" 262
"../../../Engine/Plugins/Developer/RenderDocPlugin/RenderDocPlugin.uplugin" 263
"../../../Engine/Plugins/Developer/ProjectLauncher/ProjectLauncher.uplugin" 264
"../../../Engine/Plugins/Enterprise/LidarPointCloud/LidarPointCloud.uplugin" 265
"../../../Engine/Plugins/Enterprise/DatasmithFBXImporter/DatasmithFBXImporter.uplugin" 266
"../../../Engine/Plugins/Enterprise/VariantManager/VariantManager.uplugin" 267
"../../../Engine/Plugins/Enterprise/MDLImporter/MDLImporter.uplugin" 268
"../../../Engine/Plugins/Enterprise/VariantManagerContent/VariantManagerContent.uplugin" 269
"../../../Engine/Plugins/Experimental/AdvancedRenamer/AdvancedRenamer.uplugin" 270
"../../../Engine/Plugins/Experimental/AbilitySystemGameFeatureActions/AbilitySystemGameFeatureActions.uplugin" 271
"../../../Engine/Plugins/Experimental/AIAssistant/AIAssistant.uplugin" 272
"../../../Engine/Plugins/Experimental/AsyncMessageSystem/AsyncMessageSystem.uplugin" 273
"../../../Engine/Plugins/Experimental/ActorPalette/ActorPalette.uplugin" 274
"../../../Engine/Plugins/Experimental/AnimToTexture/AnimToTexture.uplugin" 275
"../../../Engine/Plugins/Experimental/AsyncMessageSystemTests/AsyncMessageSystemTests.uplugin" 276
"../../../Engine/Plugins/Experimental/AutomationUtils/AutomationUtils.uplugin" 277
"../../../Engine/Plugins/Experimental/AvalancheDisplayCluster/AvalancheDisplayCluster.uplugin" 278
"../../../Engine/Plugins/Experimental/BackChannel/BackChannel.uplugin" 279
"../../../Engine/Plugins/Experimental/AvalancheSequenceNavigator/AvalancheSequenceNavigator.uplugin" 280
"../../../Engine/Plugins/Experimental/Buoyancy/Buoyancy.uplugin" 281
"../../../Engine/Plugins/Experimental/BlueprintSnapNodes/BlueprintSnapNodes.uplugin" 282
"../../../Engine/Plugins/Experimental/ChaosCachingUSD/ChaosCachingUSD.uplugin" 283
"../../../Engine/Plugins/Experimental/ChaosCaching/ChaosCaching.uplugin" 284
"../../../Engine/Plugins/Experimental/BlueprintStats/BlueprintStats.uplugin" 285
"../../../Engine/Plugins/Experimental/ChaosClothEditor/ChaosClothEditor.uplugin" 286
"../../../Engine/Plugins/Experimental/ChaosModularVehicle/ChaosModularVehicle.uplugin" 287
"../../../Engine/Plugins/Experimental/ChaosEditor/ChaosEditor.uplugin" 288
"../../../Engine/Plugins/Experimental/ChaosModularVehicleExamples/ChaosModularVehicleExamples.uplugin" 289
"../../../Engine/Plugins/Experimental/ChaosMover/ChaosMover.uplugin" 290
"../../../Engine/Plugins/Experimental/ChaosNiagara/ChaosNiagara.uplugin" 291
"../../../Engine/Plugins/Experimental/ChaosOutfitAsset/ChaosOutfitAsset.uplugin" 292
"../../../Engine/Plugins/Experimental/ChaosRigidAsset/ChaosRigidAsset.uplugin" 293
"../../../Engine/Plugins/Experimental/CelestialVault/CelestialVault.uplugin" 294
"../../../Engine/Plugins/Experimental/ChaosUserDataPT/ChaosUserDataPT.uplugin" 295
"../../../Engine/Plugins/Experimental/ChaosVehiclesPlugin/ChaosVehiclesPlugin.uplugin" 296
"../../../Engine/Plugins/Experimental/CharacterAI/CharacterAI.uplugin" 297
"../../../Engine/Plugins/Experimental/CineCameraRigs/CineCameraRigs.uplugin" 298
"../../../Engine/Plugins/Experimental/ChaosSolverPlugin/ChaosSolverPlugin.uplugin" 299
"../../../Engine/Plugins/Experimental/CineCameraSceneCapture/CineCameraSceneCapture.uplugin" 300
"../../../Engine/Plugins/Experimental/CodeEditor/CodeEditor.uplugin" 301
"../../../Engine/Plugins/Experimental/CinematicSequenceNavigator/CinematicSequenceNavigator.uplugin" 302
"../../../Engine/Plugins/Experimental/ColorCorrectRegions/ColorCorrectRegions.uplugin" 303
"../../../Engine/Plugins/Developer/GPUReshape/GPUReshape.uplugin" 304
"../../../Engine/Plugins/Experimental/ControlRigPhysics/ControlRigPhysics.uplugin" 305
"../../../Engine/Plugins/Compositing/CompositeCore/CompositeCore.uplugin" 306
"../../../Engine/Plugins/Experimental/DrawDebugLibrary/DrawDebugLibrary.uplugin" 307
"../../../Engine/Plugins/Experimental/CommonConversation/CommonConversation.uplugin" 308
"../../../Engine/Plugins/Experimental/ControlFlows/ControlFlows.uplugin" 309
"../../../Engine/Plugins/Experimental/DefaultInstallBundleManager/DefaultInstallBundleManager.uplugin" 310
"../../../Engine/Plugins/Experimental/Dataflow/Dataflow.uplugin" 311
"../../../Engine/Plugins/Experimental/DynamicMaterialMediaStreamBridge/DynamicMaterialMediaStreamBridge.uplugin" 312
"../../../Engine/Plugins/Experimental/DynamicWind/DynamicWind.uplugin" 313
"../../../Engine/Plugins/Experimental/EditorDataStorage/EditorDataStorage.uplugin" 314
"../../../Engine/Plugins/Experimental/EditorDataStorageFeatures/EditorDataStorageFeatures.uplugin" 315
"../../../Engine/Plugins/Experimental/EditorPerformance/EditorPerformance.uplugin" 316
"../../../Engine/Plugins/Experimental/ChaosFlesh/ChaosFlesh.uplugin" 317
"../../../Engine/Plugins/Experimental/EvaluationNotifies/EvaluationNotifies.uplugin" 318
"../../../Engine/Plugins/Experimental/FieldSystemPlugin/FieldSystemPlugin.uplugin" 319
"../../../Engine/Plugins/Experimental/FloatingProperties/FloatingProperties.uplugin" 320
"../../../Engine/Plugins/Experimental/FullBodyIK/FullBodyIK.uplugin" 321
"../../../Engine/Plugins/Experimental/Fracture/Fracture.uplugin" 322
"../../../Engine/Plugins/Experimental/GameplayGraph/GameplayGraph.uplugin" 323
"../../../Engine/Plugins/Experimental/GameplayBehaviors/GameplayBehaviors.uplugin" 324
"../../../Engine/Plugins/Experimental/DaySequence/DaySequence.uplugin" 325
"../../../Engine/Plugins/Experimental/CinematicPrestreaming/CinematicPrestreaming.uplugin" 326
"../../../Engine/Plugins/Experimental/CodeView/CodeView.uplugin" 327
"../../../Engine/Plugins/Experimental/FastGeoStreaming/FastGeoStreaming.uplugin" 328
"../../../Engine/Plugins/Experimental/GameInputWindows/GameInputWindows.uplugin" 329
"../../../Engine/Plugins/Experimental/Gauntlet/Gauntlet.uplugin" 330
"../../../Engine/Plugins/Experimental/GeometryCacheAbcFile/GeometryCacheAbcFile.uplugin" 331
"../../../Engine/Plugins/Experimental/GeometryCollectionPlugin/GeometryCollectionPlugin.uplugin" 332
"../../../Engine/Plugins/Experimental/GeometryDataflow/GeometryDataflow.uplugin" 333
"../../../Engine/Plugins/Experimental/GeometryCacheLevelSequenceBaker/GeometryCacheLevelSequenceBaker.uplugin" 334
"../../../Engine/Plugins/Experimental/GlobalConfigurationData/GlobalConfigurationData.uplugin" 335
"../../../Engine/Plugins/Experimental/GPULightmass/GPULightmass.uplugin" 336
"../../../Engine/Plugins/Experimental/GeometryFlow/GeometryFlow.uplugin" 337
"../../../Engine/Plugins/Experimental/GizmoEdMode/GizmoEdMode.uplugin" 338
"../../../Engine/Plugins/Experimental/HairCardGenerator/HairCardGenerator.uplugin" 339
"../../../Engine/Plugins/Experimental/HairModelingToolset/HairModelingToolset.uplugin" 340
"../../../Engine/Plugins/Experimental/ImpostorBaker/ImpostorBaker.uplugin" 341
"../../../Engine/Plugins/Experimental/EditorTelemetry/EditorTelemetry.uplugin" 342
"../../../Engine/Plugins/Experimental/InEditorDocumentation/InEditorDocumentation.uplugin" 343
"../../../Engine/Plugins/Experimental/GizmoFramework/GizmoFramework.uplugin" 344
"../../../Engine/Plugins/Experimental/InlineMaterialInstance/InlineMaterialInstance.uplugin" 345
"../../../Engine/Plugins/Experimental/ImageWidgets/ImageWidgets.uplugin" 346
"../../../Engine/Plugins/Experimental/JWT/JWT.uplugin" 347
"../../../Engine/Plugins/Experimental/Iris/Iris.uplugin" 348
"../../../Engine/Plugins/Experimental/ImagePlate/ImagePlate.uplugin" 349
"../../../Engine/Plugins/Experimental/InteractionInterface/InteractionInterface.uplugin" 350
"../../../Engine/Plugins/Experimental/LiveLinkControlRig/LiveLinkControlRig.uplugin" 351
"../../../Engine/Plugins/Experimental/GameplayTargetingSystem/TargetingSystem.uplugin" 352
"../../../Engine/Plugins/Experimental/InstanceDataObjectFixupTool/InstanceDataObjectFixupTool.uplugin" 353
"../../../Engine/Plugins/Experimental/LiveLinkFaceImporter/LiveLinkFaceImporter.uplugin" 354
"../../../Engine/Plugins/Experimental/LevelSequenceNavigatorBridge/LevelSequenceNavigatorBridge.uplugin" 355
"../../../Engine/Plugins/Experimental/Landmass/Landmass.uplugin" 356
"../../../Engine/Plugins/Experimental/LiveLinkOpenVR/LiveLinkOpenVR.uplugin" 357
"../../../Engine/Plugins/Experimental/LocalizableMessage/LocalizableMessage.uplugin" 358
"../../../Engine/Plugins/Experimental/MeshModelingToolsetExp/MeshModelingToolsetExp.uplugin" 359
"../../../Engine/Plugins/Experimental/MLflow/MLflow.uplugin" 360
"../../../Engine/Plugins/Experimental/MeshResizing/MeshResizing.uplugin" 361
"../../../Engine/Plugins/Experimental/MotorSimOutputMotoSynth/MotorSimOutputMotoSynth.uplugin" 362
"../../../Engine/Plugins/Experimental/MetasoundExperimental/MetasoundExperimental.uplugin" 363
"../../../Engine/Plugins/Experimental/MoverAnimNext/MoverAnimNext.uplugin" 364
"../../../Engine/Plugins/Experimental/MoverExamples/MoverExamples.uplugin" 365
"../../../Engine/Plugins/Experimental/MediaStream/MediaStream.uplugin" 366
"../../../Engine/Plugins/Experimental/MoverIntegrations/MoverIntegrations.uplugin" 367
"../../../Engine/Plugins/Experimental/MoverTests/MoverTests.uplugin" 368
"../../../Engine/Plugins/Experimental/Mover/Mover.uplugin" 369
"../../../Engine/Plugins/Experimental/MotoSynth/MotoSynth.uplugin" 370
"../../../Engine/Plugins/Experimental/MutableClothing/MutableClothing.uplugin" 371
"../../../Engine/Plugins/Experimental/MovieScenePoseSearchTracks/MovieScenePoseSearchTracks.uplugin" 372
"../../../Engine/Plugins/Experimental/MutableDataflow/MutableDataflow.uplugin" 373
"../../../Engine/Plugins/Experimental/MutablePopulation/MutablePopulation.uplugin" 374
"../../../Engine/Plugins/Experimental/NFORDenoise/NFORDenoise.uplugin" 375
"../../../Engine/Plugins/Experimental/NaniteAssemblyEditorUtils/NaniteAssemblyEditorUtils.uplugin" 376
"../../../Engine/Plugins/Experimental/NNERuntimeCoreML/NNERuntimeCoreML.uplugin" 377
"../../../Engine/Plugins/Experimental/MovieSceneAnimMixer/MovieSceneAnimMixer.uplugin" 378
"../../../Engine/Plugins/Experimental/NNERuntimeIREE/NNERuntimeIREE.uplugin" 379
"../../../Engine/Plugins/Experimental/NaniteDisplacedMesh/NaniteDisplacedMesh.uplugin" 380
"../../../Engine/Plugins/Experimental/OpenImageDenoise/OpenImageDenoise.uplugin" 381
"../../../Engine/Plugins/Experimental/PanoramicCapture/PanoramicCapture.uplugin" 382
"../../../Engine/Plugins/Experimental/OptiXDenoise/OptiXDenoise.uplugin" 383
"../../../Engine/Plugins/Experimental/PCGBiomeCore/PCGBiomeCore.uplugin" 384
"../../../Engine/Plugins/Experimental/LearningAgents/LearningAgents.uplugin" 385
"../../../Engine/Plugins/Experimental/PhysicsControl/PhysicsControl.uplugin" 386
"../../../Engine/Plugins/Experimental/NeuralRendering/NeuralRendering.uplugin" 387
"../../../Engine/Plugins/Experimental/PlainProps/PlainProps.uplugin" 388
"../../../Engine/Plugins/Experimental/NNERuntimeBasicCpu/NNERuntimeBasicCpu.uplugin" 389
"../../../Engine/Plugins/Experimental/PixelStreamingPlayer/PixelStreamingPlayer.uplugin" 390
"../../../Engine/Plugins/Experimental/PlatformCrypto/PlatformCrypto.uplugin" 391
"../../../Engine/Plugins/Experimental/PlainPropsEngine/PlainPropsEngine.uplugin" 392
"../../../Engine/Plugins/Experimental/PlainPropsUObject/PlainPropsUObject.uplugin" 393
"../../../Engine/Plugins/Experimental/LowLevelNetTrace/LowLevelNetTrace.uplugin" 394
"../../../Engine/Plugins/Experimental/PluginAudit/PluginAudit.uplugin" 395
"../../../Engine/Plugins/Experimental/PluginReferenceViewer/PluginReferenceViewer.uplugin" 396
"../../../Engine/Plugins/Experimental/PSDImporter/PSDImporter.uplugin" 397
"../../../Engine/Plugins/Experimental/PluginTemplateTool/PluginTemplateTool.uplugin" 398
"../../../Engine/Plugins/Experimental/PCGBiomeSample/PCGBiomeSample.uplugin" 399
"../../../Engine/Plugins/Experimental/PythonScriptPlugin/PythonScriptPlugin.uplugin" 400
"../../../Engine/Plugins/Experimental/PSDImporterMaterialDesignerBridge/PSDImporterMaterialDesignerBridge.uplugin" 401
"../../../Engine/Plugins/Experimental/PythonFoundationPackages/PythonFoundationPackages.uplugin" 402
"../../../Engine/Plugins/Experimental/PlanarCutPlugin/PlanarCut.uplugin" 403
"../../../Engine/Plugins/Experimental/RawInput/RawInput.uplugin" 404
"../../../Engine/Plugins/Experimental/QuicMessaging/QuicMessaging.uplugin" 405
"../../../Engine/Plugins/Experimental/RazerChromaDevices/RazerChromaDevices.uplugin" 406
"../../../Engine/Plugins/Experimental/RemoteControlActorModifierBridge/RemoteControlActorModifierBridge.uplugin" 407
"../../../Engine/Plugins/Experimental/NNERuntimeRDG/NNERuntimeRDG.uplugin" 408
"../../../Engine/Plugins/Experimental/PythonMLPackages/PythonMLPackages.uplugin" 409
"../../../Engine/Plugins/Experimental/RemoteSession/RemoteSession.uplugin" 410
"../../../Engine/Plugins/Experimental/RigLogicMutable/RigLogicMutable.uplugin" 411
"../../../Engine/Plugins/Experimental/PostProcessMaterialChainGraph/PostProcessMaterialChainGraph.uplugin" 412
"../../../Engine/Plugins/Experimental/HairStrandsMutable/HairStrandsMutable.uplugin" 413
"../../../Engine/Plugins/Experimental/ScreenReader/ScreenReader.uplugin" 414
"../../../Engine/Plugins/Experimental/ProceduralVegetationEditor/ProceduralVegetationEditor.uplugin" 415
"../../../Engine/Plugins/Experimental/Shotgrid/Shotgrid.uplugin" 416
"../../../Engine/Plugins/Experimental/SerializationUtils/SerializationUtils.uplugin" 417
"../../../Engine/Plugins/Experimental/SkeletalReduction/SkeletalReduction.uplugin" 418
"../../../Engine/Plugins/Experimental/SlateIM/SlateIM.uplugin" 419
"../../../Engine/Plugins/Experimental/SlateModelViewViewModel/SlateModelViewViewModel.uplugin" 420
"../../../Engine/Plugins/Experimental/SpatialReadiness/SpatialReadiness.uplugin" 421
"../../../Engine/Plugins/Experimental/RigLogicUAF/RigLogicUAF.uplugin" 422
"../../../Engine/Plugins/Experimental/SlateScreenReader/SlateScreenReader.uplugin" 423
"../../../Engine/Plugins/Experimental/SecuritySandbox/SecuritySandbox.uplugin" 424
"../../../Engine/Plugins/Experimental/SubtitlesAndClosedCaptions/SubtitlesAndClosedCaptions.uplugin" 425
"../../../Engine/Plugins/Experimental/RuntimeTelemetry/RuntimeTelemetry.uplugin" 426
"../../../Engine/Plugins/Experimental/StructUtils/StructUtils.uplugin" 427
"../../../Engine/Plugins/Experimental/SurfaceEffects/SurfaceEffects.uplugin" 428
"../../../Engine/Plugins/Experimental/SimpleHMD/SimpleHMD.uplugin" 429
"../../../Engine/Plugins/Experimental/RenderGrid/RenderGrid.uplugin" 430
"../../../Engine/Plugins/Experimental/TechAudioTools/TechAudioTools.uplugin" 431
"../../../Engine/Plugins/Experimental/Tensorboard/Tensorboard.uplugin" 432
"../../../Engine/Plugins/Experimental/TetMeshing/TetMeshing.uplugin" 433
"../../../Engine/Plugins/Experimental/TextToSpeech/TextToSpeech.uplugin" 434
"../../../Engine/Plugins/Experimental/UIFramework/UIFramework.uplugin" 435
"../../../Engine/Plugins/Experimental/StateGraph/StateGraph.uplugin" 436
"../../../Engine/Plugins/Experimental/UserToolBoxBasicCommand/UserToolBoxBasicCommand.uplugin" 437
"../../../Engine/Plugins/Experimental/UserToolBoxCore/UserToolBoxCore.uplugin" 438
"../../../Engine/Plugins/Experimental/VirtualHeightfieldMesh/VirtualHeightfieldMesh.uplugin" 439
"../../../Engine/Plugins/Experimental/VirtualProductionUtilities/VirtualProductionUtilities.uplugin" 440
"../../../Engine/Plugins/Experimental/Volumetrics/Volumetrics.uplugin" 441
"../../../Engine/Plugins/Experimental/WaveFunctionCollapse/WaveFunctionCollapse.uplugin" 442
"../../../Engine/Plugins/Experimental/WaterAdvanced/WaterAdvanced.uplugin" 443
"../../../Engine/Plugins/Experimental/WaterExtras/WaterExtras.uplugin" 444
"../../../Engine/Plugins/Experimental/Water/Water.uplugin" 445
"../../../Engine/Plugins/Experimental/ToolPresets/ToolPresets.uplugin" 446
"../../../Engine/Plugins/Experimental/WebSocketMessaging/WebSocketMessaging.uplugin" 447
"../../../Engine/Plugins/Experimental/WebSocketNetworking/WebSocketNetworking.uplugin" 448
"../../../Engine/Plugins/Experimental/Workspace/Workspace.uplugin" 449
"../../../Engine/Plugins/FX/Cascade/Cascade.uplugin" 450
"../../../Engine/Plugins/FX/CascadeToNiagaraConverter/CascadeToNiagaraConverter.uplugin" 451
"../../../Engine/Plugins/Experimental/XRCreativeFramework/XRCreativeFramework.uplugin" 452
"../../../Engine/Plugins/FX/ExampleCustomDataInterface/ExampleCustomDataInterface.uplugin" 453
"../../../Engine/Plugins/FX/Niagara/Niagara.uplugin" 454
"../../../Engine/Plugins/FX/NiagaraFluids/NiagaraFluids.uplugin" 455
"../../../Engine/Plugins/FX/NiagaraMRQ/NiagaraMRQ.uplugin" 456
"../../../Engine/Plugins/FX/NiagaraNanite/NiagaraNanite.uplugin" 457
"../../../Engine/Plugins/FX/NiagaraPreviewContent/NiagaraPreviewContent.uplugin" 458
"../../../Engine/Plugins/FX/NiagaraSimCaching/NiagaraSimCaching.uplugin" 459
"../../../Engine/Plugins/Interchange/Assets/InterchangeAssets.uplugin" 460
"../../../Engine/Plugins/Interchange/Editor/InterchangeEditor.uplugin" 461
"../../../Engine/Plugins/Interchange/Runtime/Interchange.uplugin" 462
"../../../Engine/Plugins/Media/AndroidCamera/AndroidCamera.uplugin" 463
"../../../Engine/Plugins/Media/AndroidMedia/AndroidMedia.uplugin" 464
"../../../Engine/Plugins/Experimental/WidgetEditorToolPalette/WidgetEditorToolPalette.uplugin" 465
"../../../Engine/Plugins/Marketplace/FabLauncher/FabLauncher.uplugin" 466
"../../../Engine/Plugins/Media/AppleProResDecoderElectra/AppleProResDecoderElectra.uplugin" 467
"../../../Engine/Plugins/Experimental/SubmitToolEditor/SubmitToolEditor.uplugin" 468
"../../../Engine/Plugins/Media/AppleProResMedia/AppleProResMedia.uplugin" 469
"../../../Engine/Plugins/Media/BinkMedia/BinkMedia.uplugin" 470
"../../../Engine/Plugins/Media/AvidDNxHDDecoderElectra/AvidDNxHDDecoderElectra.uplugin" 471
"../../../Engine/Plugins/Media/D3D12VideoDecodersElectra/D3D12VideoDecodersElectra.uplugin" 472
"../../../Engine/Plugins/Media/AudioCaptureTimecodeProvider/AudioCaptureTimecodeProvider.uplugin" 473
"../../../Engine/Plugins/Experimental/TargetDeviceServicesScripting/TargetDeviceServicesScripting.uplugin" 474
"../../../Engine/Plugins/Media/AjaMedia/AjaMedia.uplugin" 475
"../../../Engine/Plugins/Media/AvfMedia/AvfMedia.uplugin" 476
"../../../Engine/Plugins/Media/ElectraCDM/ElectraCDM.uplugin" 477
"../../../Engine/Plugins/Media/FlacDecoderElectra/FlacDecoderElectra.uplugin" 478
"../../../Engine/Plugins/Media/AvidDNxMedia/AvidDNxMedia.uplugin" 479
"../../../Engine/Plugins/Media/HAPMedia/HAPMedia.uplugin" 480
"../../../Engine/Plugins/Media/ElectraUtil/ElectraUtil.uplugin" 481
"../../../Engine/Plugins/Media/HardwareEncoders/HardwareEncoders.uplugin" 482
"../../../Engine/Plugins/Media/ImgMedia/ImgMedia.uplugin" 483
"../../../Engine/Plugins/Media/MediaCompositing/MediaCompositing.uplugin" 484
"../../../Engine/Plugins/Media/ElectraSubtitles/ElectraSubtitles.uplugin" 485
"../../../Engine/Plugins/Media/MediaFrameworkUtilities/MediaFrameworkUtilities.uplugin" 486
"../../../Engine/Plugins/Media/MediaMovieStreamer/MediaMovieStreamer.uplugin" 487
"../../../Engine/Plugins/Media/MediaIOFramework/MediaIOFramework.uplugin" 488
"../../../Engine/Plugins/Media/HAPDecoderElectra/HAPDecoderElectra.uplugin" 489
"../../../Engine/Plugins/Media/MediaViewer/MediaViewer.uplugin" 490
"../../../Engine/Plugins/Media/MediaPlate/MediaPlate.uplugin" 491
"../../../Engine/Plugins/Media/MediaPlayerEditor/MediaPlayerEditor.uplugin" 492
"../../../Engine/Plugins/Media/ElectraCodecs/ElectraCodecs.uplugin" 493
"../../../Engine/Plugins/Media/MfMedia/MfMedia.uplugin" 494
"../../../Engine/Plugins/Media/MJPEGDecoderElectra/MJPEGDecoderElectra.uplugin" 495
"../../../Engine/Plugins/Media/NDIMedia/NDIMedia.uplugin" 496
"../../../Engine/Plugins/Media/OpusDecoderElectra/OpusDecoderElectra.uplugin" 497
"../../../Engine/Plugins/Media/PixelCapture/PixelCapture.uplugin" 498
"../../../Engine/Plugins/Media/PixelStreaming/PixelStreaming.uplugin" 499
"../../../Engine/Plugins/Media/VPxDecoderElectra/VPxDecoderElectra.uplugin" 500
"../../../Engine/Plugins/Media/PixelStreaming2/PixelStreaming2.uplugin" 501
"../../../Engine/Plugins/Media/TimecodeSynchronizer/TimecodeSynchronizer.uplugin" 502
"../../../Engine/Plugins/Media/WebMMedia/WebMMedia.uplugin" 503
"../../../Engine/Plugins/Media/BlackmagicMedia/BlackmagicMedia.uplugin" 504
"../../../Engine/Plugins/MetaHuman/MetaHumanLiveLink/MetaHumanLiveLink.uplugin" 505
"../../../Engine/Plugins/MetaHuman/MetaHumanCoreTechLib/MetaHumanCoreTech.uplugin" 506
"../../../Engine/Plugins/MetaHuman/MetaHumanSDK/MetaHumanSDK.uplugin" 507
"../../../Engine/Plugins/Online/EOSShared/EOSShared.uplugin" 508
"../../../Engine/Plugins/Online/EOSOverlayInputProvider/EOSOverlayInputProvider.uplugin" 509
"../../../Engine/Plugins/Experimental/SequenceNavigator/SequenceNavigator.uplugin" 510
"../../../Engine/Plugins/Online/OnlineFramework/OnlineFramework.uplugin" 511
"../../../Engine/Plugins/Experimental/RemoteControlComponents/RemoteControlComponents.uplugin" 512
"../../../Engine/Plugins/Online/OnlineBase/OnlineBase.uplugin" 513
"../../../Engine/Plugins/Online/OnlineFrameworkCommon/OnlineFrameworkCommon.uplugin" 514
"../../../Engine/Plugins/Online/OnlineServicesEOS/OnlineServicesEOS.uplugin" 515
"../../../Engine/Plugins/Media/WmfMedia/WmfMedia.uplugin" 516
"../../../Engine/Plugins/Online/OnlineServicesEOSGS/OnlineServicesEOSGS.uplugin" 517
"../../../Engine/Plugins/Online/OnlineServicesOSSAdapter/OnlineServicesOSSAdapter.uplugin" 518
"../../../Engine/Plugins/Online/OnlineSubsystemAmazon/OnlineSubsystemAmazon.uplugin" 519
"../../../Engine/Plugins/Online/OnlineSubsystemApple/OnlineSubsystemApple.uplugin" 520
"../../../Engine/Plugins/Media/ElectraPlayer/ElectraPlayer.uplugin" 521
"../../../Engine/Plugins/MetaHuman/MetaHumanCharacter/MetaHumanCharacter.uplugin" 522
"../../../Engine/Plugins/Online/OnlineSubsystemGoogle/OnlineSubsystemGoogle.uplugin" 523
"../../../Engine/Plugins/MetaHuman/MetaHumanCalibrationProcessing/MetaHumanCalibrationProcessing.uplugin" 524
"../../../Engine/Plugins/Online/OnlineSubsystem/OnlineSubsystem.uplugin" 525
"../../../Engine/Plugins/Online/OnlineServices/OnlineServices.uplugin" 526
"../../../Engine/Plugins/Online/OnlineSubsystemFacebook/OnlineSubsystemFacebook.uplugin" 527
"../../../Engine/Plugins/Online/OnlineSubsystemNull/OnlineSubsystemNull.uplugin" 528
"../../../Engine/Plugins/Online/OnlineSubsystemUtils/OnlineSubsystemUtils.uplugin" 529
"../../../Engine/Plugins/Media/LinearTimecode/LinearTimecode.uplugin" 530
"../../../Engine/Plugins/Online/WebAuth/WebAuth.uplugin" 531
"../../../Engine/Plugins/Online/OnlineSubsystemEOS/OnlineSubsystemEOS.uplugin" 532
"../../../Engine/Plugins/Online/OnlineSubsystemSteam/OnlineSubsystemSteam.uplugin" 533
"../../../Engine/Plugins/Online/OnlineServicesEpicCommon/OnlineServicesEpicCommon.uplugin" 534
"../../../Engine/Plugins/MetaHuman/MetaHumanAnimator/MetaHuman.uplugin" 535
"../../../Engine/Plugins/Runtime/ActorLayerUtilities/ActorLayerUtilities.uplugin" 536
"../../../Engine/Plugins/Runtime/ADM/ADM.uplugin" 537
"../../../Engine/Plugins/Online/SocketSubsystemEOS/SocketSubsystemEOS.uplugin" 538
"../../../Engine/Plugins/Online/SocketSubsystemSteamIP/SocketSubsystemSteamIP.uplugin" 539
"../../../Engine/Plugins/Runtime/AndroidFileServer/AndroidFileServer.uplugin" 540
"../../../Engine/Plugins/Runtime/AndroidDeviceProfileSelector/AndroidDeviceProfileSelector.uplugin" 541
"../../../Engine/Plugins/Runtime/ApexDestruction/ApexDestruction.uplugin" 542
"../../../Engine/Plugins/Runtime/AnimationBudgetAllocator/AnimationBudgetAllocator.uplugin" 543
"../../../Engine/Plugins/Runtime/AndroidBackgroundService/AndroidBackgroundService.uplugin" 544
"../../../Engine/Plugins/Runtime/AndroidPermission/AndroidPermission.uplugin" 545
"../../../Engine/Plugins/Runtime/AppleMoviePlayer/AppleMoviePlayer.uplugin" 546
"../../../Engine/Plugins/Runtime/AudioCapture/AudioCapture.uplugin" 547
"../../../Engine/Plugins/Runtime/AudioMotorSim/AudioMotorSim.uplugin" 548
"../../../Engine/Plugins/Runtime/CommonUI/CommonUI.uplugin" 549
"../../../Engine/Plugins/Runtime/AudioModulation/AudioModulation.uplugin" 550
"../../../Engine/Plugins/Runtime/AssetTags/AssetTags.uplugin" 551
"../../../Engine/Plugins/Runtime/ChunkDownloader/ChunkDownloader.uplugin" 552
"../../../Engine/Plugins/Runtime/CableComponent/CableComponent.uplugin" 553
"../../../Engine/Plugins/Runtime/ComputeFramework/ComputeFramework.uplugin" 554
"../../../Engine/Plugins/Runtime/CustomMeshComponent/CustomMeshComponent.uplugin" 555
"../../../Engine/Plugins/Runtime/DataRegistry/DataRegistry.uplugin" 556
"../../../Engine/Plugins/Runtime/ExternalGPUStatistics/ExternalGPUStatistics.uplugin" 557
"../../../Engine/Plugins/Runtime/GameFeatures/GameFeatures.uplugin" 558
"../../../Engine/Plugins/Runtime/Firebase/Firebase.uplugin" 559
"../../../Engine/Plugins/Runtime/ExampleDeviceProfileSelector/ExampleDeviceProfileSelector.uplugin" 560
"../../../Engine/Plugins/Runtime/AudioSynesthesia/AudioSynesthesia.uplugin" 561
"../../../Engine/Plugins/Runtime/GameInput/GameInput.uplugin" 562
"../../../Engine/Plugins/Runtime/GameplayInteractions/GameplayInteractions.uplugin" 563
"../../../Engine/Plugins/Runtime/GeometryCache/GeometryCache.uplugin" 564
"../../../Engine/Plugins/Runtime/GameplayAbilities/GameplayAbilities.uplugin" 565
"../../../Engine/Plugins/Runtime/AppleImageUtils/AppleImageUtils.uplugin" 566
"../../../Engine/Plugins/Runtime/AndroidMoviePlayer/AndroidMoviePlayer.uplugin" 567
"../../../Engine/Plugins/Runtime/GeoReferencing/GeoReferencing.uplugin" 568
"../../../Engine/Plugins/Runtime/GameplayBehaviorSmartObjects/GameplayBehaviorSmartObjects.uplugin" 569
"../../../Engine/Plugins/Runtime/GoogleCloudMessaging/GoogleCloudMessaging.uplugin" 570
"../../../Engine/Plugins/Runtime/HairStrands/HairStrands.uplugin" 571
"../../../Engine/Plugins/Runtime/HDRIBackdrop/HDRIBackdrop.uplugin" 572
"../../../Engine/Plugins/Runtime/AudioWidgets/AudioWidgets.uplugin" 573
"../../../Engine/Plugins/Online/OnlineSubsystemTencent/OnlineSubsystemTencent.uplugin" 574
"../../../Engine/Plugins/Online/OnlineServicesNull/OnlineServicesNull.uplugin" 575
"../../../Engine/Plugins/Runtime/InputDebugging/InputDebugging.uplugin" 576
"../../../Engine/Plugins/Runtime/HTTPChunkInstaller/HTTPChunkInstaller.uplugin" 577
"../../../Engine/Plugins/Runtime/LevelStreamingPersistence/LevelStreamingPersistence.uplugin" 578
"../../../Engine/Plugins/Runtime/IOSDeviceProfileSelector/IOSDeviceProfileSelector.uplugin" 579
"../../../Engine/Plugins/Runtime/LinuxDeviceProfileSelector/LinuxDeviceProfileSelector.uplugin" 580
"../../../Engine/Plugins/Runtime/LiveLinkOvernDisplay/LiveLinkOverNDisplay.uplugin" 581
"../../../Engine/Plugins/Runtime/MassEntity/MassEntity.uplugin" 582
"../../../Engine/Plugins/Runtime/LocationServicesAndroidImpl/LocationServicesAndroidImpl.uplugin" 583
"../../../Engine/Plugins/Runtime/LocationServicesIOSImpl/LocationServicesIOSImpl.uplugin" 584
"../../../Engine/Plugins/Runtime/MeshModelingToolset/MeshModelingToolset.uplugin" 585
"../../../Engine/Plugins/Runtime/Harmonix/Harmonix.uplugin" 586
"../../../Engine/Plugins/Runtime/LocationServicesBPLibrary/LocationServicesBPLibrary.uplugin" 587
"../../../Engine/Plugins/Runtime/GooglePAD/GooglePAD.uplugin" 588
"../../../Engine/Plugins/Runtime/Metasound/Metasound.uplugin" 589
"../../../Engine/Plugins/Runtime/MIDIDevice/MIDIDevice.uplugin" 590
"../../../Engine/Plugins/Runtime/MixedRealityCaptureFramework/MixedRealityCaptureFramework.uplugin" 591
"../../../Engine/Plugins/Runtime/GeometryScripting/GeometryScripting.uplugin" 592
"../../../Engine/Plugins/Runtime/InstancedActors/InstancedActors.uplugin" 593
"../../../Engine/Plugins/Runtime/ArchVisCharacter/ArchVisCharacter.uplugin" 594
"../../../Engine/Plugins/Runtime/GeometryProcessing/GeometryProcessing.uplugin" 595
"../../../Engine/Plugins/Runtime/MsQuic/MsQuic.uplugin" 596
"../../../Engine/Plugins/Runtime/IOSReplayKit/IOSReplayKit.uplugin" 597
"../../../Engine/Plugins/Runtime/ModelViewViewModel/ModelViewViewModel.uplugin" 598
"../../../Engine/Plugins/Runtime/MassGameplay/MassGameplay.uplugin" 599
"../../../Engine/Plugins/Runtime/HPMotionController/HPMotionController.uplugin" 600
"../../../Engine/Plugins/Runtime/ModularGameplay/ModularGameplay.uplugin" 601
"../../../Engine/Plugins/Runtime/nDisplay/nDisplay.uplugin" 602
"../../../Engine/Plugins/Runtime/MusicEnvironment/MusicEnvironment.uplugin" 603
"../../../Engine/Plugins/Runtime/nDisplayModularFeatures/nDisplayModularFeatures.uplugin" 604
"../../../Engine/Plugins/Runtime/NetworkPrediction/NetworkPrediction.uplugin" 605
"../../../Engine/Plugins/Runtime/NetworkPredictionExtras/NetworkPredictionExtras.uplugin" 606
"../../../Engine/Plugins/Runtime/NetworkPredictionInsights/NetworkPredictionInsights.uplugin" 607
"../../../Engine/Plugins/Runtime/NavCorridor/NavCorridor.uplugin" 608
"../../../Engine/Plugins/Runtime/OpenCV/OpenCV.uplugin" 609
"../../../Engine/Plugins/Runtime/OpenXRViveTracker/OpenXRViveTracker.uplugin" 610
"../../../Engine/Plugins/Runtime/OpenXRMsftHandInteraction/OpenXRMsftHandInteraction.uplugin" 611
"../../../Engine/Plugins/Runtime/OSC/OSC.uplugin" 612
"../../../Engine/Plugins/Runtime/OptionalMobileFeaturesBPLibrary/OptionalMobileFeaturesBPLibrary.uplugin" 613
"../../../Engine/Plugins/Runtime/PreLoadScreenMoviePlayer/PreLoadScreenMoviePlayer.uplugin" 614
"../../../Engine/Plugins/Runtime/PropertyBindingUtils/PropertyBindingUtils.uplugin" 615
"../../../Engine/Plugins/Runtime/ProceduralMeshComponent/ProceduralMeshComponent.uplugin" 616
"../../../Engine/Plugins/Runtime/PropertyAccess/PropertyAccessEditor.uplugin" 617
"../../../Engine/Plugins/Runtime/OpenXRHandTracking/OpenXRHandTracking.uplugin" 618
"../../../Engine/Plugins/Runtime/ReplicationGraph/ReplicationGraph.uplugin" 619
"../../../Engine/Plugins/Runtime/RigVM/RigVM.uplugin" 620
"../../../Engine/Plugins/Runtime/MultiServerReplication/MultiServerReplication.uplugin" 621
"../../../Engine/Plugins/Runtime/GameplayStateTree/GameplayStateTree.uplugin" 622
"../../../Engine/Plugins/Runtime/ReplicationSystemTestPlugin/ReplicationSystemTestPlugin.uplugin" 623
"../../../Engine/Plugins/Runtime/ScriptableToolsFramework/ScriptableToolsFramework.uplugin" 624
"../../../Engine/Plugins/Runtime/ResonanceAudio/ResonanceAudio.uplugin" 625
"../../../Engine/Plugins/Runtime/SignificanceManager/SignificanceManager.uplugin" 626
"../../../Engine/Plugins/Runtime/SmartObjects/SmartObjects.uplugin" 627
"../../../Engine/Plugins/Runtime/SoundCueTemplates/SoundCueTemplates.uplugin" 628
"../../../Engine/Plugins/Runtime/RenderTrace/RenderTrace.uplugin" 629
"../../../Engine/Plugins/Runtime/SoundMod/SoundMod.uplugin" 630
"../../../Engine/Plugins/Runtime/Soundscape/Soundscape.uplugin" 631
"../../../Engine/Plugins/Runtime/StateTree/StateTree.uplugin" 632
"../../../Engine/Plugins/Runtime/Spatialization/Spatialization.uplugin" 633
"../../../Engine/Plugins/Runtime/SunPosition/SunPosition.uplugin" 634
"../../../Engine/Plugins/Runtime/Synthesis/Synthesis.uplugin" 635
"../../../Engine/Plugins/Runtime/SkeletalMerging/SkeletalMerging.uplugin" 636
"../../../Engine/Plugins/Runtime/MicrosoftSpatialAudio/MicroSoftSpatialSound.uplugin" 637
"../../../Engine/Plugins/Runtime/USDCore/USDCore.uplugin" 638
"../../../Engine/Plugins/Runtime/WarpUtils/WarpUtils.uplugin" 639
"../../../Engine/Plugins/Runtime/WaveTable/WaveTable.uplugin" 640
"../../../Engine/Plugins/Runtime/SoundUtilities/SoundUtilities.uplugin" 641
"../../../Engine/Plugins/Runtime/WebBrowserNativeProxy/WebBrowserNativeProxy.uplugin" 642
"../../../Engine/Plugins/Runtime/WebBrowserWidget/WebBrowserWidget.uplugin" 643
"../../../Engine/Plugins/Runtime/SoundFields/SoundFields.uplugin" 644
"../../../Engine/Plugins/Runtime/WorldConditions/WorldConditions.uplugin" 645
"../../../Engine/Plugins/Runtime/WindowsMoviePlayer/WindowsMoviePlayer.uplugin" 646
"../../../Engine/Plugins/Runtime/WebMMoviePlayer/WebMMoviePlayer.uplugin" 647
"../../../Engine/Plugins/Runtime/ZoneGraphAnnotations/ZoneGraphAnnotations.uplugin" 648
"../../../Engine/Plugins/Runtime/XRBase/XRBase.uplugin" 649
"../../../Engine/Plugins/Runtime/ZoneGraph/ZoneGraph.uplugin" 650
"../../../Engine/Plugins/Editor/Localization/PortableObjectFileDataSource/PortableObjectFileDataSource.uplugin" 651
"../../../Engine/Plugins/VirtualProduction/Rivermax/RivermaxMedia/RivermaxMedia.uplugin" 652
"../../../Engine/Plugins/VirtualProduction/CaptureManager/CaptureManagerCore/CaptureManagerCore.uplugin" 653
"../../../Engine/Plugins/Animation/MLDeformer/ChaosClothGenerator/ChaosClothGenerator.uplugin" 654
"../../../Engine/Plugins/VirtualProduction/Rivermax/RivermaxCore/RivermaxCore.uplugin" 655
"../../../Engine/Plugins/Animation/MLDeformer/NearestNeighborModel/NearestNeighborModel.uplugin" 656
"../../../Engine/Plugins/VirtualProduction/CaptureManager/CaptureManagerDevices/CaptureManagerDevices.uplugin" 657
"../../../Engine/Plugins/Animation/MLDeformer/VertexDeltaModel/VertexDeltaModel.uplugin" 658
"../../../Engine/Plugins/Experimental/CharacterFXEditor/BaseCharacterFXEditor/BaseCharacterFXEditor.uplugin" 659
"../../../Engine/Plugins/Runtime/AR/ARUtilities/ARUtilities.uplugin" 660
"../../../Engine/Plugins/VirtualProduction/CaptureManager/CaptureManagerApp/CaptureManagerApp.uplugin" 661
"../../../Engine/Plugins/Animation/MLDeformer/NeuralMorphModel/NeuralMorphModel.uplugin" 662
"../../../Engine/Plugins/VirtualProduction/CaptureManager/CaptureManagerEditor/CaptureManagerEditor.uplugin" 663
"../../../Engine/Plugins/Runtime/OpenXREyeTracker/OpenXREyeTracker.uplugin" 664
"../../../Engine/Plugins/Animation/MLDeformer/ChaosFleshGenerator/ChaosFleshGenerator.uplugin" 665
"../../../Engine/Plugins/Experimental/CharacterFXEditor/ExampleCharacterFXEditor/ExampleCharacterFXEditor.uplugin" 666
"../../../Engine/Plugins/VirtualProduction/Rivermax/RivermaxSync/RivermaxSync.uplugin" 667
"../../../Engine/Plugins/Animation/MLDeformer/MLDeformerFramework/MLDeformerFramework.uplugin" 668
"../../../Engine/Plugins/Runtime/Analytics/Adjust/Adjust.uplugin" 669
"../../../Engine/Plugins/Developer/Concert/ConcertMain/ConcertMain.uplugin" 670
"../../../Engine/Plugins/Runtime/Analytics/FileLogging/FileLogging.uplugin" 671
"../../../Engine/Plugins/Runtime/Database/DatabaseSupport/DatabaseSupport.uplugin" 672
"../../../Engine/Plugins/Runtime/Analytics/AnalyticsMulticast/AnalyticsMulticast.uplugin" 673
"../../../Engine/Plugins/Runtime/Database/RemoteDatabaseSupport/RemoteDatabaseSupport.uplugin" 674
"../../../Engine/Plugins/Runtime/Database/ADOSupport/ADOSupport.uplugin" 675
"../../../Engine/Plugins/Runtime/WindowsDeviceProfileSelector/WindowsDeviceProfileSelector.uplugin" 676
"../../../Engine/Plugins/Runtime/Database/SQLiteSupport/SQLiteSupport.uplugin" 677
"../../../Engine/Plugins/Runtime/Analytics/AnalyticsBlueprintLibrary/AnalyticsBlueprintLibrary.uplugin" 678
"../../../Engine/Plugins/Interchange/Extensions/OpenUSD/InterchangeOpenUSD.uplugin" 679
"../../../Engine/Plugins/Experimental/VirtualProduction/LedWallCalibration/LedWallCalibration.uplugin" 680
"../../../Engine/Plugins/Runtime/XR/XRScribe/XRScribe.uplugin" 681
"../../../Engine/Plugins/Experimental/VirtualProduction/VPRoles/VPRoles.uplugin" 682
"../../../Engine/Plugins/Experimental/VirtualProduction/VPSettings/VPSettings.uplugin" 683
"../../../Engine/Plugins/Runtime/MeshReconstruction/DummyMeshReconstructor/DummyMeshReconstructor.uplugin" 684
"../../../Engine/Plugins/Online/VoiceChat/EOSVoiceChat/EOSVoiceChat.uplugin" 685
"../../../Engine/Plugins/Online/VoiceChat/VoiceChat/VoiceChat.uplugin" 686
"../../../Engine/Plugins/Runtime/PacketHandlers/AESGCMHandlerComponent/AESGCMHandlerComponent.uplugin" 687
"../../../Engine/Plugins/Runtime/PacketHandlers/AESHandlerComponent/AESHandlerComponent.uplugin" 688
"../../../Engine/Plugins/Runtime/PacketHandlers/DTLSHandlerComponent/DTLSHandlerComponent.uplugin" 689
"../../../Engine/Plugins/Experimental/Enterprise/DataprepGeometryOperations/DataprepGeometryOperations.uplugin" 690
"../../../Engine/Plugins/Experimental/Enterprise/DatasmithInterchange/DatasmithInterchange.uplugin" 691
"../../../Engine/Plugins/Experimental/Enterprise/DatasmithRuntime/DatasmithRuntime.uplugin" 692
"../../../Engine/Plugins/Experimental/MetaHuman/MetaHumanCalibrationDiagnostics/MetaHumanCalibrationDiagnostics.uplugin" 693
"../../../Engine/Plugins/Experimental/PCGInterops/PCGInstancedActorsInterop/PCGInstancedActorsInterop.uplugin" 694
"../../../Engine/Plugins/Experimental/PCGInterops/PCGNiagaraInterop/PCGNiagaraInterop.uplugin" 695
"../../../Engine/Plugins/Experimental/PCGInterops/PCGNaniteAssembliesInterop/PCGNaniteAssembliesInterop.uplugin" 696
"../../../Engine/Plugins/Runtime/OpenXR/OpenXR.uplugin" 697
"../../../Engine/Plugins/Online/Android/AndroidFetchBackgroundDownload/AndroidFetchBackgroundDownload.uplugin" 698
"../../../Engine/Plugins/Experimental/PCGInterops/PCGWaterInterop/PCGWaterInterop.uplugin" 699
"../../../Engine/Plugins/Experimental/PCGInterops/PCGFastGeoInterop/PCGFastGeoInterop.uplugin" 700
"../../../Engine/Plugins/Experimental/MetaHuman/MetaHumanCharacterUAF/MetaHumanCharacterUAF.uplugin" 701
"../../../Engine/Plugins/Online/Android/OnlineSubsystemGooglePlay/OnlineSubsystemGooglePlay.uplugin" 702
"../../../Engine/Plugins/Runtime/Nvidia/Reflex/Reflex.uplugin" 703
"../../../Engine/Plugins/Runtime/Nvidia/GeForceNOWWrapper/GeForceNOWWrapper.uplugin" 704
"../../../Engine/Plugins/Interchange/Extensions/OpenVDB/InterchangeOpenVDB.uplugin" 705
"../../../Engine/Plugins/Runtime/Steam/SteamController/SteamController.uplugin" 706
"../../../Engine/Plugins/Runtime/Steam/SteamSockets/SteamSockets.uplugin" 707
"../../../Engine/Plugins/Runtime/Steam/SteamAudio/SteamAudio.uplugin" 708
"../../../Engine/Plugins/Runtime/Windows/WinVirtualKeyboard/WinVirtualKeyboard.uplugin" 709
"../../../Engine/Plugins/Experimental/AVCodecs/AMFCodecs/AMFCodecs.uplugin" 710
"../../../Engine/Plugins/Runtime/Windows/WinDualShock/WinDualShock.uplugin" 711
"../../../Engine/Plugins/Runtime/MobilePatchingUtils/MobilePatchingUtils.uplugin" 712
"../../../Engine/Plugins/Experimental/AVCodecs/AVCodecsCore/AVCodecsCore.uplugin" 713
"../../../Engine/Plugins/Experimental/AVCodecs/NVCodecs/NVCodecs.uplugin" 714
"../../../Engine/Plugins/Runtime/Steam/SteamShared/SteamShared.uplugin" 715
"../../../Engine/Plugins/Runtime/Advertising/IOSTapJoy/IOSTapJoy.uplugin" 716
"../../../Engine/Plugins/Experimental/UAF/UAF/UAF.uplugin" 717
"../../../Engine/Plugins/Experimental/AVCodecs/LibVpxCodecs/LibVpxCodecs.uplugin" 718
"../../../Engine/Plugins/Experimental/UAF/UAFChooser/UAFChooser.uplugin" 719
"../../../Engine/Plugins/Experimental/AVCodecs/WMFCodecs/WMFCodecs.uplugin" 720
"../../../Engine/Plugins/Experimental/UAF/UAFControlRig/UAFControlRig.uplugin" 721
"../../../Engine/Plugins/Experimental/UAF/UAFAnimGraph/UAFAnimGraph.uplugin" 722
"../../../Engine/Plugins/Experimental/UAF/UAFMirroring/UAFMirroring.uplugin" 723
"../../../Engine/Plugins/Experimental/UAF/UAFPoseSearch/UAFPoseSearch.uplugin" 724
"../../../Engine/Plugins/Editor/ContentBrowser/ContentBrowserAliasDataSource/ContentBrowserAliasDataSource.uplugin" 725
"../../../Engine/Plugins/Experimental/UAF/UAFStateTree/UAFStateTree.uplugin" 726
"../../../Engine/Plugins/Editor/ContentBrowser/ContentBrowserClassDataSource/ContentBrowserClassDataSource.uplugin" 727
"../../../Engine/Plugins/Editor/ContentBrowser/ContentBrowserFileDataSource/ContentBrowserFileDataSource.uplugin" 728
"../../../Engine/Plugins/Editor/ContentBrowser/ContentBrowserAssetDataSource/ContentBrowserAssetDataSource.uplugin" 729
"../../../Engine/Plugins/Experimental/AVCodecs/VTCodecs/VTCodecs.uplugin" 730
"../../../Engine/Plugins/Runtime/XR/XRVisualization/XRVisualization.uplugin" 731
"../../../Engine/Plugins/Editor/ObjectMixer/LightMixer/LightMixer.uplugin" 732
"../../../Engine/Plugins/Experimental/UAF/UAFTests/UAFTests.uplugin" 733
"../../../Engine/Plugins/Editor/ObjectMixer/ObjectMixer/ObjectMixer.uplugin" 734
"../../../Engine/Plugins/VirtualProduction/DMX/DatasmithMVR/DatasmithMVR.uplugin" 735
"../../../Engine/Plugins/VirtualProduction/DMX/DMXDisplayCluster/DMXDisplayCluster.uplugin" 736
"../../../Engine/Plugins/Experimental/UAF/UAFWarping/UAFWarping.uplugin" 737
"../../../Engine/Plugins/VirtualProduction/DMX/DMXControlConsole/DMXControlConsole.uplugin" 738
"../../../Engine/Plugins/Runtime/Database/SQLiteCore/SQLiteCore.uplugin" 739
"../../../Engine/Plugins/VirtualProduction/DMX/DMXEngine/DMXEngine.uplugin" 740
"../../../Engine/Plugins/VirtualProduction/DMX/DMXGDTF/DMXGDTF.uplugin" 741
"../../../Engine/Plugins/VirtualProduction/DMX/DMXFixtures/DMXFixtures.uplugin" 742
"../../../Engine/Plugins/VirtualProduction/DMX/DMXProtocol/DMXProtocol.uplugin" 743
"../../../Engine/Plugins/VirtualProduction/DMX/DMXModularFeatures/DMXModularFeatures.uplugin" 744
"../../../Engine/Plugins/VirtualProduction/DMX/DMXPixelMapping/DMXPixelMapping.uplugin" 745
"../../../Engine/Plugins/Experimental/Animation/CurveExpression/CurveExpression.uplugin" 746
"../../../Engine/Plugins/Experimental/Animation/ContextualAnimation/ContextualAnimation.uplugin" 747
"../../../Engine/Plugins/Experimental/Animation/HierarchyTable/HierarchyTable.uplugin" 748
"../../../Engine/Plugins/Experimental/Animation/HierarchyTableAnimation/HierarchyTableAnimation.uplugin" 749
"../../../Engine/Plugins/Experimental/Animation/Optimus/Optimus.uplugin" 750
"../../../Engine/Plugins/Experimental/Animation/RelativeIKOp/RelativeIKOp.uplugin" 751
"../../../Engine/Plugins/Experimental/Animation/RigMapper/RigMapper.uplugin" 752
"../../../Engine/Plugins/Experimental/Animation/MotionTrajectory/MotionTrajectory.uplugin" 753
"../../../Engine/Plugins/Experimental/Animation/PackedAttributes/PackedAttributes.uplugin" 754
"../../../Engine/Plugins/Experimental/Animation/Locomotor/Locomotor.uplugin" 755
"../../../Engine/Plugins/Experimental/Animation/RigMapperOp/RigMapperOp.uplugin" 756
"../../../Engine/Plugins/Experimental/Animation/TrajectoryTools/TrajectoryTools.uplugin" 757
"../../../Engine/Plugins/Online/IOS/OnlineSubsystemIOS/OnlineSubsystemIOS.uplugin" 758
"../../../Engine/Plugins/Experimental/Web/WebAPI/WebAPI.uplugin" 759
"../../../Engine/Plugins/Experimental/Animation/SkeletalMeshMorphTargetEditingTools/SkeletalMeshMorphTargetEditingTools.uplugin" 760
"../../../Engine/Plugins/Runtime/AR/Google/GoogleARCore/GoogleARCore.uplugin" 761
"../../../Engine/Plugins/Runtime/AR/Google/GoogleARCoreServices/GoogleARCoreServices.uplugin" 762
"../../../Engine/Plugins/Developer/Concert/ConcertApp/DisasterRecoveryClient/DisasterRecoveryClient.uplugin" 763
"../../../Engine/Plugins/Developer/Concert/ConcertApp/MultiUserClient/MultiUserClient.uplugin" 764
"../../../Engine/Plugins/Developer/Concert/ConcertInsights/ConcertInsightsClient/ConcertInsightsClient.uplugin" 765
"../../../Engine/Plugins/Developer/Concert/ConcertInsights/ConcertInsightsServer/ConcertInsightsServer.uplugin" 766
"../../../Engine/Plugins/Developer/Concert/ConcertApp/MultiUserServer/MultiUserServer.uplugin" 767
"../../../Engine/Plugins/Developer/Concert/ConcertInsights/ConcertInsightsCore/ConcertInsightsCore.uplugin" 768
"../../../Engine/Plugins/Developer/Concert/ConcertInsights/ConcertInsightsVisualizer/ConcertInsightsVisualizer.uplugin" 769
"../../../Engine/Plugins/Developer/Concert/ConcertScripting/ConcertReplicationScripting/ConcertReplicationScripting.uplugin" 770
"../../../Engine/Plugins/Runtime/AR/AppleAR/AppleARKitFaceSupport/AppleARKitFaceSupport.uplugin" 771
"../../../Engine/Plugins/Experimental/MetaHuman/MetaHumanRuntime/MetaHumanRuntime.uplugin" 772
"../../../Engine/Plugins/Developer/Concert/ConcertSync/ConcertSyncClient/ConcertSyncClient.uplugin" 773
"../../../Engine/Plugins/Developer/Concert/ConcertUI/ConcertSharedSlate/ConcertSharedSlate.uplugin" 774
"../../../Engine/Plugins/Runtime/AR/AppleAR/AppleARKit/AppleARKit.uplugin" 775
"../../../Engine/Plugins/Developer/Concert/ConcertSync/ConcertSyncCore/ConcertSyncCore.uplugin" 776
"../../../Engine/Plugins/Experimental/Animation/MLDeformer/DetailPoseModel/DetailPoseModel.uplugin" 777
"../../../Engine/Plugins/Developer/Concert/ConcertSync/ConcertSyncServer/ConcertSyncServer.uplugin" 778
"../../../Engine/Plugins/Developer/Concert/ConcertUI/ConcertClientSharedSlate/ConcertClientSharedSlate.uplugin" 779
"../../../Engine/Plugins/Runtime/Windows/XInputDevice/XInputDevice.uplugin" 780
"../../../Engine/Plugins/Developer/Concert/ConcertSync/ConcertSyncTest/ConcertSyncTest.uplugin" 781
"../../../Engine/Platforms/Android/Plugins/Animation/RigLogic/RigLogic_Android.uplugin" 782
"../../../Engine/Platforms/Android/Plugins/Animation/ACLPlugin/ACLPlugin_Android.uplugin" 783
"../../../Engine/Platforms/IOS/Plugins/Animation/RigLogic/RigLogic_IOS.uplugin" 784
"../../../Engine/Content/Internationalization/icudt64l/cnvalias.icu" 785
"../../../Engine/Content/Internationalization/icudt64l/res_index.res" 786
"../../../Engine/Content/Internationalization/icudt64l/plurals.res" 787
"../../../Engine/Content/Internationalization/icudt64l/lang/ko.res" 788
"../../../Engine/Content/Internationalization/icudt64l/lang/pool.res" 789
"../../../Engine/Content/Internationalization/icudt64l/lang/root.res" 790
"../../../Engine/Content/Internationalization/icudt64l/region/ko.res" 791
"../../../Engine/Content/Internationalization/icudt64l/region/pool.res" 792
"../../../Engine/Content/Internationalization/icudt64l/region/root.res" 793
"../../../Engine/Content/Internationalization/icudt64l/lang/en.res" 794
"../../../Engine/Content/Internationalization/icudt64l/region/en.res" 795
"../../../Engine/Content/Internationalization/icudt64l/windowsZones.res" 796
"../../../Engine/Content/Internationalization/icudt64l/zoneinfo64.res" 797
"../../../Engine/Content/Internationalization/icudt64l/keyTypeData.res" 798
"../../../Engine/Content/Internationalization/icudt64l/timezoneTypes.res" 799
"../../../Engine/Content/Internationalization/icudt64l/likelySubtags.res" 800
"../../../Engine/Content/Internationalization/icudt64l/ko_KR.res" 801
"../../../Engine/Content/Internationalization/icudt64l/pool.res" 802
"../../../Engine/Content/Internationalization/icudt64l/ko.res" 803
"../../../Engine/Content/Internationalization/icudt64l/root.res" 804
"../../../Engine/Content/Internationalization/icudt64l/supplementalData.res" 805
"../../../Engine/Config/ConfigRedirects.ini" 806
"C:/Users/user1/AppData/Local/UnrealEngine/5.7/Saved/Config/WindowsEditor/Manifest.ini" 807
"../../../Engine/Config/BaseEngine.ini" 808
"../../../Engine/Config/Windows/BaseWindowsEngine.ini" 809
"../../../../../../Users/user1/Documents/Unreal Projects/Casino_Simulator_KCU/Config/DefaultEngine.ini" 810
"C:/Users/user1/Documents/Unreal Projects/Casino_Simulator_KCU/Saved/Config/WindowsEditor/Engine.ini" 811
"../../../Engine/Config/BaseGame.ini" 812
"../../../../../../Users/user1/Documents/Unreal Projects/Casino_Simulator_KCU/Config/DefaultGame.ini" 813
"../../../Engine/Config/Windows/WindowsGame.ini" 814
"C:/Users/user1/Documents/Unreal Projects/Casino_Simulator_KCU/Saved/Config/WindowsEditor/Game.ini" 815
"../../../Engine/Config/BaseInput.ini" 816
"../../../Engine/Config/Windows/BaseWindowsInput.ini" 817
"../../../../../../Users/user1/Documents/Unreal Projects/Casino_Simulator_KCU/Config/DefaultInput.ini" 818
"../../../Engine/Config/Windows/WindowsInput.ini" 819
"../../../Engine/Config/BaseDeviceProfiles.ini" 820
"../../../Engine/Config/BaseGameUserSettings.ini" 821
"C:/Users/user1/Documents/Unreal Projects/Casino_Simulator_KCU/Saved/Config/WindowsEditor/GameUserSettings.ini" 822
"../../../Engine/Config/BaseScalability.ini" 823
"../../../Engine/Config/BaseRuntimeOptions.ini" 824
"../../../Engine/Config/BaseInstallBundle.ini" 825
"../../../Engine/Config/BaseHardware.ini" 826
"../../../../../../Users/user1/Documents/Unreal Projects/Casino_Simulator_KCU/Config/DefaultGameplayTags.ini" 827
"../../../Engine/Config/BaseCompat.ini" 828
"../../../Engine/Config/BaseLightmass.ini" 829
"../../../Engine/Config/BaseEditor.ini" 830
"../../../../../../Users/user1/Documents/Unreal Projects/Casino_Simulator_KCU/Config/DefaultEditor.ini" 831
"C:/Users/user1/Documents/Unreal Projects/Casino_Simulator_KCU/Saved/Config/WindowsEditor/Editor.ini" 832
"../../../Engine/Config/BaseMaterialExpressions.ini" 833
"../../../Engine/Config/BaseEditorPerProjectUserSettings.ini" 834
"../../../../../../Users/user1/Documents/Unreal Projects/Casino_Simulator_KCU/Config/DefaultEditorPerProjectUserSettings.ini" 835
"../../../Engine/Config/Windows/WindowsEditorPerProjectUserSettings.ini" 836
"C:/Users/user1/Documents/Unreal Projects/Casino_Simulator_KCU/Saved/Config/WindowsEditor/EditorPerProjectUserSettings.ini" 837
"../../../Engine/Config/BaseEditorSettings.ini" 838
"../../../Engine/Config/Windows/WindowsEditorSettings.ini" 839
"C:/Users/user1/AppData/Local/UnrealEngine/5.7/Saved/Config/WindowsEditor/EditorSettings.ini" 840
"../../../Engine/Config/BaseEditorKeyBindings.ini" 841
"C:/Users/user1/AppData/Local/UnrealEngine/5.7/Saved/Config/WindowsEditor/EditorLayout.ini" 842
"../../../Engine/Config/Linux/BaseLinuxEngine.ini" 843
"../../../Engine/Config/Mac/BaseMacEngine.ini" 844
"../../../Engine/Config/IOS/BaseIOSEngine.ini" 845
"../../../../../../Users/user1/Documents/Unreal Projects/Casino_Simulator_KCU/Intermediate/CachedAssetRegistryDiscovery.bin" 846
"../../../../../../Users/user1/Documents/Unreal Projects/Casino_Simulator_KCU/Binaries/Win64/casino_simulator.target" 847
"../../../Engine/Config/Unix/UnixEngine.ini" 848
"../../../Engine/Config/Linux/LinuxEngine.ini" 849
"../../../Engine/Config/TVOS/TVOSEngine.ini" 850
"../../../../../../Users/user1/Documents/Unreal Projects/Casino_Simulator_KCU/Binaries/Win64/casino_simulatorEditor.target" 851
"../../../Engine/Config/Android/BaseAndroidEngine.ini" 852
"../../../Engine/Config/IOS/BaseIOSGame.ini" 853
"../../../Engine/Config/Mac/MacGame.ini" 854
"../../../Engine/Config/IOS/IOSGame.ini" 855
"../../../Engine/Config/Linux/LinuxGame.ini" 856
"../../../Engine/Config/Android/AndroidEngine.ini" 857
"../../../Engine/Config/IOS/BaseIOSInput.ini" 858
"../../../Engine/Config/Mac/BaseMacInput.ini" 859
"../../../Engine/Config/Android/BaseAndroidGame.ini" 860
"../../../Engine/Config/Android/BaseAndroidInput.ini" 861
"../../../Engine/Config/IOS/IOSScalability.ini" 862
"../../../Engine/Config/Android/AndroidScalability.ini" 863
"../../../Engine/Config/IOS/BaseIOSInstallBundle.ini" 864
"../../../Engine/Config/Android/BaseAndroidInstallBundle.ini" 865
"../../../Engine/Platforms/VisionOS/Config/BaseVisionOSEngine.ini" 866
"../../../Engine/Platforms/VisionOS/Config/VisionOSEngine.ini" 867
"../../../Engine/Config/PluginBase.ini" 868
"../../../Engine/Plugins/ChaosVD/Config/DefaultChaosVD.ini" 869
"../../../Engine/Plugins/EnhancedInput/Config/BaseEnhancedInput.ini" 870
"../../../Engine/Plugins/Fab/Config/BaseFab.ini" 871
"../../../Engine/Plugins/TraceUtilities/Config/BaseTraceUtilities.ini" 872
"../../../Engine/Plugins/Editor/EditorScriptingUtilities/Config/BaseEditorScriptingUtilities.ini" 873
"../../../Engine/Plugins/VirtualProduction/Takes/Config/BaseTakes.ini" 874
"../../../Engine/Plugins/2D/Paper2D/Config/BasePaper2D.ini" 875
"../../../Engine/Plugins/Animation/ControlRig/Config/BaseControlRig.ini" 876
"../../../Engine/Plugins/Animation/DeformerGraph/Config/BaseDeformerGraph.ini" 877
"../../../Engine/Plugins/Animation/LiveLink/Config/BaseLiveLink.ini" 878
"../../../Engine/Plugins/Animation/IKRig/Config/BaseIKRig.ini" 879
"../../../Engine/Plugins/Cameras/GameplayCameras/Config/BaseGameplayCameras.ini" 880
"../../../Engine/Plugins/Compositing/CompositeCore/Config/BaseCompositeCore.ini" 881
"../../../Engine/Plugins/Enterprise/DatasmithContent/Config/BaseDatasmithContent.ini" 882
"../../../Engine/Plugins/Enterprise/GLTFExporter/Config/BaseGLTFExporter.ini" 883
"../../../Engine/Plugins/Enterprise/GLTFExporter/Config/DefaultGLTFExporter.ini" 884
"../../../Engine/Plugins/Enterprise/VariantManagerContent/Config/BaseVariantManagerContent.ini" 885
"../../../Engine/Plugins/Experimental/FullBodyIK/Config/BaseFullBodyIK.ini" 886
"../../../Engine/Plugins/Experimental/ToolPresets/Config/BaseToolPresets.ini" 887
"../../../Engine/Plugins/FX/Niagara/Config/BaseNiagara.ini" 888
"../../../Engine/Plugins/Interchange/Assets/Config/BaseInterchangeAssets.ini" 889
"../../../Engine/Plugins/Interchange/Runtime/Config/BaseInterchange.ini" 890
"../../../Engine/Plugins/MetaHuman/MetaHumanSDK/Config/BaseMetaHumanSDK.ini" 891
"../../../Engine/Plugins/Runtime/GameplayAbilities/Config/BaseGameplayAbilities.ini" 892
"../../../Engine/Plugins/Runtime/HairStrands/Config/BaseHairStrands.ini" 893
"../../../Engine/Plugins/Runtime/Metasound/Config/BaseMetasound.ini" 894
"../../../Engine/Plugins/Runtime/Metasound/Config/DefaultMetasound.ini" 895
"../../../Engine/Plugins/Runtime/PropertyBindingUtils/Config/BasePropertyBindingUtils.ini" 896
"../../../Engine/Plugins/Runtime/RigVM/Config/BaseRigVM.ini" 897
"../../../Engine/Plugins/Runtime/GameplayStateTree/Config/BaseGameplayStateTree.ini" 898
"../../../Engine/Plugins/Runtime/StateTree/Config/BaseStateTree.ini" 899
"../../../Engine/Plugins/Runtime/Synthesis/Config/BaseSynthesis.ini" 900
"../../../Engine/Plugins/Runtime/USDCore/Config/BaseUSDCore.ini" 901
"../../../Engine/Plugins/Developer/Concert/ConcertSync/ConcertSyncCore/Config/BaseConcertSyncCore.ini" 902
"../../../Engine/Plugins/ChaosVD/Config/Engine.ini" 903
"../../../Engine/Plugins/EnhancedInput/Config/Input.ini" 904
"../../../Engine/Plugins/Runtime/GameplayAbilities/Config/Input.ini" 905
"../../../Engine/Plugins/Runtime/InputDebugging/Config/Input.ini" 906
"../../../Engine/Plugins/Runtime/Windows/XInputDevice/Config/Input.ini" 907
"../../../Engine/Plugins/NNE/NNEDenoiser/Config/Game.ini" 908
"../../../Engine/Plugins/Online/OnlineSubsystemUtils/Config/Editor.ini" 909
"../../../Engine/Plugins/Runtime/RigVM/Config/Editor.ini" 910
"../../../Engine/Plugins/Editor/ModelingToolsEditorMode/Binaries/Win64/UnrealEditor.modules" 911
"../../../Engine/Plugins/Runtime/MeshModelingToolset/Binaries/Win64/UnrealEditor.modules" 912
"../../../Engine/Plugins/Experimental/MeshModelingToolsetExp/Binaries/Win64/UnrealEditor.modules" 913
"../../../Engine/Plugins/Editor/MeshLODToolset/Binaries/Win64/UnrealEditor.modules" 914
"../../../Engine/Plugins/Experimental/ToolPresets/Binaries/Win64/UnrealEditor.modules" 915
"../../../Engine/Plugins/Editor/StylusInput/Binaries/Win64/UnrealEditor.modules" 916
"../../../Engine/Plugins/Runtime/GeometryProcessing/Binaries/Win64/UnrealEditor.modules" 917
"../../../Engine/Plugins/Editor/ProxyLODPlugin/Binaries/Win64/UnrealEditor.modules" 918
"../../../Engine/Plugins/Experimental/PlanarCutPlugin/Binaries/Win64/UnrealEditor.modules" 919
"../../../Engine/Plugins/Runtime/GeometryCache/Binaries/Win64/UnrealEditor.modules" 920
"../../../Engine/Plugins/Experimental/GeometryFlow/Binaries/Win64/UnrealEditor.modules" 921
"../../../Engine/Plugins/Editor/EditorScriptingUtilities/Binaries/Win64/UnrealEditor.modules" 922
"../../../Engine/Plugins/FX/Niagara/Binaries/Win64/UnrealEditor.modules" 923
"../../../Engine/Plugins/Experimental/PythonScriptPlugin/Binaries/Win64/UnrealEditor.modules" 924
"../../../Engine/Plugins/Editor/ContentBrowser/ContentBrowserFileDataSource/Binaries/Win64/UnrealEditor.modules" 925
"../../../Engine/Plugins/Runtime/StateTree/Binaries/Win64/UnrealEditor.modules" 926
"../../../Engine/Plugins/Animation/GameplayInsights/Binaries/Win64/UnrealEditor.modules" 927
"../../../Engine/Plugins/Runtime/PropertyAccess/Binaries/Win64/UnrealEditor.modules" 928
"../../../Engine/Plugins/Runtime/PropertyBindingUtils/Binaries/Win64/UnrealEditor.modules" 929
"../../../Engine/Plugins/Runtime/GameplayStateTree/Binaries/Win64/UnrealEditor.modules" 930
"../../../Engine/Plugins/Runtime/GameplayAbilities/Binaries/Win64/UnrealEditor.modules" 931
"../../../Engine/Plugins/Editor/GameplayTagsEditor/Binaries/Win64/UnrealEditor.modules" 932
"../../../Engine/Plugins/Runtime/DataRegistry/Binaries/Win64/UnrealEditor.modules" 933
"../../../Engine/Plugins/AudioInsights/Binaries/Win64/UnrealEditor.modules" 934
"../../../Engine/Plugins/Runtime/AudioWidgets/Binaries/Win64/UnrealEditor.modules" 935
"../../../Engine/Plugins/Runtime/AudioSynesthesia/Binaries/Win64/UnrealEditor.modules" 936
"../../../Engine/Plugins/Bridge/Binaries/Win64/UnrealEditor.modules" 937
"../../../Engine/Plugins/MetaHuman/MetaHumanSDK/Binaries/Win64/UnrealEditor.modules" 938
"../../../Engine/Plugins/Animation/ControlRig/Binaries/Win64/UnrealEditor.modules" 939
"../../../Engine/Plugins/Runtime/HairStrands/Binaries/Win64/UnrealEditor.modules" 940
"../../../Engine/Plugins/Animation/RigLogic/Binaries/Win64/UnrealEditor.modules" 941
"../../../Engine/Plugins/Interchange/Runtime/Binaries/Win64/UnrealEditor.modules" 942
"../../../Engine/Plugins/Online/EOSShared/Binaries/Win64/UnrealEditor.modules" 943
"../../../Engine/Plugins/Runtime/RigVM/Binaries/Win64/UnrealEditor.modules" 944
"../../../Engine/Plugins/MovieScene/LevelSequenceEditor/Binaries/Win64/UnrealEditor.modules" 945
"../../../Engine/Plugins/MovieScene/SequencerScripting/Binaries/Win64/UnrealEditor.modules" 946
"../../../Engine/Plugins/Animation/TweeningUtils/Binaries/Win64/UnrealEditor.modules" 947
"../../../Engine/Plugins/Animation/DeformerGraph/Binaries/Win64/UnrealEditor.modules" 948
"../../../Engine/Plugins/Experimental/Dataflow/Binaries/Win64/UnrealEditor.modules" 949
"../../../Engine/Plugins/Runtime/ComputeFramework/Binaries/Win64/UnrealEditor.modules" 950
"../../../Engine/Plugins/Enterprise/VariantManagerContent/Binaries/Win64/UnrealEditor.modules" 951
"../../../Engine/Plugins/Enterprise/VariantManager/Binaries/Win64/UnrealEditor.modules" 952
"../../../Engine/Plugins/Interchange/Assets/Binaries/Win64/UnrealEditor.modules" 953
"../../../Engine/Plugins/Experimental/CharacterFXEditor/BaseCharacterFXEditor/Binaries/Win64/UnrealEditor.modules" 954
"../../../Engine/Plugins/Runtime/ProceduralMeshComponent/Binaries/Win64/UnrealEditor.modules" 955
"../../../Engine/Plugins/Experimental/ChaosCaching/Binaries/Win64/UnrealEditor.modules" 956
"../../../Engine/Plugins/Experimental/EditorDataStorage/Binaries/Win64/UnrealEditor.modules" 957
"../../../Engine/Plugins/Experimental/EditorDataStorageFeatures/Binaries/Win64/UnrealEditor.modules" 958
"../../../Engine/Plugins/Animation/SkeletalMeshModelingTools/Binaries/Win64/UnrealEditor.modules" 959
"../../../Engine/Plugins/VirtualProduction/Takes/Binaries/Win64/UnrealEditor.modules" 960
"../../../Engine/Plugins/Runtime/AudioCapture/Binaries/Win64/UnrealEditor.modules" 961
"../../../Engine/Plugins/Developer/NamingTokens/Binaries/Win64/UnrealEditor.modules" 962
"../../../Engine/Plugins/Editor/EngineAssetDefinitions/Binaries/Win64/UnrealEditor.modules" 963
"../../../Engine/Plugins/ChaosCloth/Binaries/Win64/UnrealEditor.modules" 964
"../../../Engine/Plugins/ChaosInsights/Binaries/Win64/UnrealEditor.modules" 965
"../../../Engine/Plugins/ChaosVD/Binaries/Win64/UnrealEditor.modules" 966
"../../../Engine/Plugins/CmdLinkServer/Binaries/Win64/UnrealEditor.modules" 967
"../../../Engine/Plugins/EnhancedInput/Binaries/Win64/UnrealEditor.modules" 968
"../../../Engine/Plugins/Editor/DataValidation/Binaries/Win64/UnrealEditor.modules" 969
"../../../Engine/Plugins/Fab/Binaries/Win64/UnrealEditor.modules" 970
"../../../Engine/Plugins/IoStoreInsights/Binaries/Win64/UnrealEditor.modules" 971
"../../../Engine/Plugins/MassInsights/Binaries/Win64/UnrealEditor.modules" 972
"../../../Engine/Plugins/MeshPainting/Binaries/Win64/UnrealEditor.modules" 973
"../../../Engine/Plugins/Interchange/Editor/Binaries/Win64/UnrealEditor.modules" 974
"../../../Engine/Plugins/RenderGraphInsights/Binaries/Win64/UnrealEditor.modules" 975
"../../../Engine/Plugins/TraceUtilities/Binaries/Win64/UnrealEditor.modules" 976
"../../../Engine/Plugins/UbaController/Binaries/Win64/UnrealEditor.modules" 977
"../../../Engine/Plugins/WorldMetrics/Binaries/Win64/UnrealEditor.modules" 978
"../../../Engine/Plugins/XGEController/Binaries/Win64/UnrealEditor.modules" 979
"../../../Engine/Plugins/Editor/AssetManagerEditor/Binaries/Win64/UnrealEditor.modules" 980
"../../../Engine/Plugins/Editor/ContentBrowser/ContentBrowserAssetDataSource/Binaries/Win64/UnrealEditor.modules" 981
"../../../Engine/Plugins/Editor/BlueprintHeaderView/Binaries/Win64/UnrealEditor.modules" 982
"../../../Engine/Plugins/Editor/ChangelistReview/Binaries/Win64/UnrealEditor.modules" 983
"../../../Engine/Plugins/Editor/ColorGrading/Binaries/Win64/UnrealEditor.modules" 984
"../../../Engine/Plugins/Editor/ObjectMixer/ObjectMixer/Binaries/Win64/UnrealEditor.modules" 985
"../../../Engine/Plugins/Editor/CryptoKeys/Binaries/Win64/UnrealEditor.modules" 986
"../../../Engine/Plugins/Editor/CurveEditorTools/Binaries/Win64/UnrealEditor.modules" 987
"../../../Engine/Plugins/Editor/EditorDebugTools/Binaries/Win64/UnrealEditor.modules" 988
"../../../Engine/Plugins/Editor/FacialAnimation/Binaries/Win64/UnrealEditor.modules" 989
"../../../Engine/Plugins/Editor/GeometryMode/Binaries/Win64/UnrealEditor.modules" 990
"../../../Engine/Plugins/Editor/MaterialAnalyzer/Binaries/Win64/UnrealEditor.modules" 991
"../../../Engine/Plugins/Editor/MobileLauncherProfileWizard/Binaries/Win64/UnrealEditor.modules" 992
"../../../Engine/Plugins/Editor/PluginBrowser/Binaries/Win64/UnrealEditor.modules" 993
"../../../Engine/Plugins/Developer/PluginUtils/Binaries/Win64/UnrealEditor.modules" 994
"../../../Engine/Plugins/Editor/SequencerAnimTools/Binaries/Win64/UnrealEditor.modules" 995
"../../../Engine/Plugins/Editor/SpeedTreeImporter/Binaries/Win64/UnrealEditor.modules" 996
"../../../Engine/Plugins/Editor/UMGWidgetPreview/Binaries/Win64/UnrealEditor.modules" 997
"../../../Engine/Plugins/Editor/UVEditor/Binaries/Win64/UnrealEditor.modules" 998
"../../../Engine/Plugins/Editor/WorldPartitionHLODUtilities/Binaries/Win64/UnrealEditor.modules" 999
"../../../Engine/Plugins/Importers/AlembicImporter/Binaries/Win64/UnrealEditor.modules" 1000
"../../../Engine/Plugins/MovieScene/ActorSequence/Binaries/Win64/UnrealEditor.modules" 1001
"../../../Engine/Plugins/MovieScene/SequenceValidator/Binaries/Win64/UnrealEditor.modules" 1002
"../../../Engine/Plugins/Portal/LauncherChunkInstaller/Binaries/Win64/UnrealEditor.modules" 1003
"../../../Engine/Plugins/Tests/InterchangeTests/Binaries/Win64/UnrealEditor.modules" 1004
"../../../Engine/Plugins/Messaging/TcpMessaging/Binaries/Win64/UnrealEditor.modules" 1005
"../../../Engine/Plugins/NNE/NNEDenoiser/Binaries/Win64/UnrealEditor.modules" 1006
"../../../Engine/Plugins/NNE/NNERuntimeORT/Binaries/Win64/UnrealEditor.modules" 1007
"../../../Engine/Plugins/Messaging/UdpMessaging/Binaries/Win64/UnrealEditor.modules" 1008
"../../../Engine/Plugins/2D/Paper2D/Binaries/Win64/UnrealEditor.modules" 1009
"../../../Engine/Plugins/AI/EnvironmentQueryEditor/Binaries/Win64/UnrealEditor.modules" 1010
"../../../Engine/Plugins/AI/AISupport/Binaries/Win64/UnrealEditor.modules" 1011
"../../../Engine/Plugins/Animation/AnimationData/Binaries/Win64/UnrealEditor.modules" 1012
"../../../Engine/Plugins/Animation/AnimationModifierLibrary/Binaries/Win64/UnrealEditor.modules" 1013
"../../../Engine/Plugins/Animation/ACLPlugin/Binaries/Win64/UnrealEditor.modules" 1014
"../../../Engine/Plugins/Animation/BlendSpaceMotionAnalysis/Binaries/Win64/UnrealEditor.modules" 1015
"../../../Engine/Plugins/Animation/ControlRigSpline/Binaries/Win64/UnrealEditor.modules" 1016
"../../../Engine/Plugins/Animation/EaseCurveTool/Binaries/Win64/UnrealEditor.modules" 1017
"../../../Engine/Plugins/Animation/IKRig/Binaries/Win64/UnrealEditor.modules" 1018
"../../../Engine/Plugins/Experimental/FullBodyIK/Binaries/Win64/UnrealEditor.modules" 1019
"../../../Engine/Plugins/Cameras/CameraShakePreviewer/Binaries/Win64/UnrealEditor.modules" 1020
"../../../Engine/Plugins/Cameras/GameplayCameras/Binaries/Win64/UnrealEditor.modules" 1021
"../../../Engine/Plugins/MovieScene/TemplateSequence/Binaries/Win64/UnrealEditor.modules" 1022
"../../../Engine/Plugins/Cameras/EngineCameras/Binaries/Win64/UnrealEditor.modules" 1023
"../../../Engine/Plugins/Developer/AnimationSharing/Binaries/Win64/UnrealEditor.modules" 1024
"../../../Engine/Plugins/Runtime/SignificanceManager/Binaries/Win64/UnrealEditor.modules" 1025
"../../../Engine/Plugins/Developer/CLionSourceCodeAccess/Binaries/Win64/UnrealEditor.modules" 1026
"../../../Engine/Plugins/Compression/OodleNetwork/Binaries/Win64/UnrealEditor.modules" 1027
"../../../Engine/Plugins/Developer/DumpGPUServices/Binaries/Win64/UnrealEditor.modules" 1028
"../../../Engine/Plugins/Developer/GitSourceControl/Binaries/Win64/UnrealEditor.modules" 1029
"../../../Engine/Plugins/Developer/GPUReshape/Binaries/Win64/UnrealEditor.modules" 1030
"../../../Engine/Plugins/Developer/N10XSourceCodeAccess/Binaries/Win64/UnrealEditor.modules" 1031
"../../../Engine/Plugins/Developer/PlasticSourceControl/Binaries/Win64/UnrealEditor.modules" 1032
"../../../Engine/Plugins/Developer/PixWinPlugin/Binaries/Win64/UnrealEditor.modules" 1033
"../../../Engine/Plugins/Developer/PerforceSourceControl/Binaries/Win64/UnrealEditor.modules" 1034
"../../../Engine/Plugins/Developer/ProjectLauncher/Binaries/Win64/UnrealEditor.modules" 1035
"../../../Engine/Plugins/Developer/PropertyAccessNode/Binaries/Win64/UnrealEditor.modules" 1036
"../../../Engine/Plugins/Developer/RenderDocPlugin/Binaries/Win64/UnrealEditor.modules" 1037
"../../../Engine/Plugins/Developer/RiderSourceCodeAccess/Binaries/Win64/UnrealEditor.modules" 1038
"../../../Engine/Plugins/Developer/TextureFormatOodle/Binaries/Win64/UnrealEditor.modules" 1039
"../../../Engine/Plugins/Developer/SubversionSourceControl/Binaries/Win64/UnrealEditor.modules" 1040
"../../../Engine/Plugins/Developer/UObjectPlugin/Binaries/Win64/UnrealEditor.modules" 1041
"../../../Engine/Plugins/Developer/VisualStudioCodeSourceCodeAccess/Binaries/Win64/UnrealEditor.modules" 1042
"../../../Engine/Plugins/Developer/VisualStudioSourceCodeAccess/Binaries/Win64/UnrealEditor.modules" 1043
"../../../Engine/Plugins/Enterprise/DatasmithContent/Binaries/Win64/UnrealEditor.modules" 1044
"../../../Engine/Plugins/Enterprise/GLTFExporter/Binaries/Win64/UnrealEditor.modules" 1045
"../../../Engine/Plugins/Experimental/AdvancedRenamer/Binaries/Win64/UnrealEditor.modules" 1046
"../../../Engine/Plugins/Experimental/AutomationUtils/Binaries/Win64/UnrealEditor.modules" 1047
"../../../Engine/Plugins/Experimental/BackChannel/Binaries/Win64/UnrealEditor.modules" 1048
"../../../Engine/Plugins/Experimental/ChaosEditor/Binaries/Win64/UnrealEditor.modules" 1049
"../../../Engine/Plugins/Experimental/GeometryCollectionPlugin/Binaries/Win64/UnrealEditor.modules" 1050
"../../../Engine/Plugins/Experimental/Fracture/Binaries/Win64/UnrealEditor.modules" 1051
"../../../Engine/Plugins/Experimental/ChaosSolverPlugin/Binaries/Win64/UnrealEditor.modules" 1052
"../../../Engine/Plugins/Experimental/GeometryDataflow/Binaries/Win64/UnrealEditor.modules" 1053
"../../../Engine/Plugins/Experimental/ChaosNiagara/Binaries/Win64/UnrealEditor.modules" 1054
"../../../Engine/Plugins/Experimental/ChaosUserDataPT/Binaries/Win64/UnrealEditor.modules" 1055
"../../../Engine/Plugins/Experimental/CharacterAI/Binaries/Win64/UnrealEditor.modules" 1056
"../../../Engine/Plugins/Experimental/EditorTelemetry/Binaries/Win64/UnrealEditor.modules" 1057
"../../../Engine/Plugins/Experimental/EditorPerformance/Binaries/Win64/UnrealEditor.modules" 1058
"../../../Engine/Plugins/Experimental/GlobalConfigurationData/Binaries/Win64/UnrealEditor.modules" 1059
"../../../Engine/Plugins/Experimental/LevelSequenceNavigatorBridge/Binaries/Win64/UnrealEditor.modules" 1060
"../../../Engine/Plugins/Experimental/SequenceNavigator/Binaries/Win64/UnrealEditor.modules" 1061
"../../../Engine/Plugins/Experimental/LocalizableMessage/Binaries/Win64/UnrealEditor.modules" 1062
"../../../Engine/Plugins/Experimental/NFORDenoise/Binaries/Win64/UnrealEditor.modules" 1063
"../../../Engine/Plugins/Experimental/PlatformCrypto/Binaries/Win64/UnrealEditor.modules" 1064
"../../../Engine/Plugins/Experimental/SkeletalReduction/Binaries/Win64/UnrealEditor.modules" 1065
"../../../Engine/Plugins/Experimental/RuntimeTelemetry/Binaries/Win64/UnrealEditor.modules" 1066
"../../../Engine/Plugins/FX/Cascade/Binaries/Win64/UnrealEditor.modules" 1067
"../../../Engine/Plugins/FX/NiagaraPreviewContent/Binaries/Win64/UnrealEditor.modules" 1068
"../../../Engine/Plugins/FX/NiagaraSimCaching/Binaries/Win64/UnrealEditor.modules" 1069
"../../../Engine/Plugins/Marketplace/FabLauncher/Binaries/Win64/UnrealEditor.modules" 1070
"../../../Engine/Plugins/Importers/USDImporter/Binaries/Win64/UnrealEditor.modules" 1071
"../../../Engine/Plugins/Runtime/USDCore/Binaries/Win64/UnrealEditor.modules" 1072
"../../../Engine/Plugins/Runtime/Analytics/AnalyticsBlueprintLibrary/Binaries/Win64/UnrealEditor.modules" 1073
"../../../Engine/Plugins/Animation/LiveLink/Binaries/Win64/UnrealEditor.modules" 1074
"../../../Engine/Plugins/Developer/Concert/ConcertSync/ConcertSyncClient/Binaries/Win64/UnrealEditor.modules" 1075
"../../../Engine/Plugins/Developer/Concert/ConcertSync/ConcertSyncCore/Binaries/Win64/UnrealEditor.modules" 1076
"../../../Engine/Plugins/Developer/Concert/ConcertMain/Binaries/Win64/UnrealEditor.modules" 1077
"../../../Engine/Plugins/Runtime/Database/SQLiteCore/Binaries/Win64/UnrealEditor.modules" 1078
"../../../Engine/Plugins/Media/AndroidMedia/Binaries/Win64/UnrealEditor.modules" 1079
"../../../Engine/Plugins/Media/AvfMedia/Binaries/Win64/UnrealEditor.modules" 1080
"../../../Engine/Plugins/Media/ImgMedia/Binaries/Win64/UnrealEditor.modules" 1081
"../../../Engine/Plugins/Media/MediaPlayerEditor/Binaries/Win64/UnrealEditor.modules" 1082
"../../../Engine/Plugins/Media/MediaCompositing/Binaries/Win64/UnrealEditor.modules" 1083
"../../../Engine/Plugins/Media/MediaPlate/Binaries/Win64/UnrealEditor.modules" 1084
"../../../Engine/Plugins/Compositing/CompositeCore/Binaries/Win64/UnrealEditor.modules" 1085
"../../../Engine/Plugins/Media/WmfMedia/Binaries/Win64/UnrealEditor.modules" 1086
"../../../Engine/Plugins/Online/OnlineBase/Binaries/Win64/UnrealEditor.modules" 1087
"../../../Engine/Plugins/Online/OnlineSubsystem/Binaries/Win64/UnrealEditor.modules" 1088
"../../../Engine/Plugins/Online/OnlineSubsystemNull/Binaries/Win64/UnrealEditor.modules" 1089
"../../../Engine/Plugins/Online/OnlineSubsystemUtils/Binaries/Win64/UnrealEditor.modules" 1090
"../../../Engine/Plugins/Online/OnlineServices/Binaries/Win64/UnrealEditor.modules" 1091
"../../../Engine/Plugins/Runtime/ActorLayerUtilities/Binaries/Win64/UnrealEditor.modules" 1092
"../../../Engine/Plugins/Runtime/AndroidDeviceProfileSelector/Binaries/Win64/UnrealEditor.modules" 1093
"../../../Engine/Plugins/Runtime/AndroidFileServer/Binaries/Win64/UnrealEditor.modules" 1094
"../../../Engine/Plugins/Runtime/AndroidPermission/Binaries/Win64/UnrealEditor.modules" 1095
"../../../Engine/Plugins/Runtime/AssetTags/Binaries/Win64/UnrealEditor.modules" 1096
"../../../Engine/Plugins/Runtime/AppleImageUtils/Binaries/Win64/UnrealEditor.modules" 1097
"../../../Engine/Plugins/Runtime/ChunkDownloader/Binaries/Win64/UnrealEditor.modules" 1098
"../../../Engine/Plugins/Runtime/CableComponent/Binaries/Win64/UnrealEditor.modules" 1099
"../../../Engine/Plugins/Runtime/CustomMeshComponent/Binaries/Win64/UnrealEditor.modules" 1100
"../../../Engine/Plugins/Runtime/ExampleDeviceProfileSelector/Binaries/Win64/UnrealEditor.modules" 1101
"../../../Engine/Plugins/Runtime/InputDebugging/Binaries/Win64/UnrealEditor.modules" 1102
"../../../Engine/Plugins/Runtime/ArchVisCharacter/Binaries/Win64/UnrealEditor.modules" 1103
"../../../Engine/Plugins/Runtime/LocationServicesBPLibrary/Binaries/Win64/UnrealEditor.modules" 1104
"../../../Engine/Plugins/Runtime/GooglePAD/Binaries/Win64/UnrealEditor.modules" 1105
"../../../Engine/Plugins/Runtime/Metasound/Binaries/Win64/UnrealEditor.modules" 1106
"../../../Engine/Plugins/Runtime/WaveTable/Binaries/Win64/UnrealEditor.modules" 1107
"../../../Engine/Plugins/Runtime/MobilePatchingUtils/Binaries/Win64/UnrealEditor.modules" 1108
"../../../Engine/Plugins/Runtime/MsQuic/Binaries/Win64/UnrealEditor.modules" 1109
"../../../Engine/Plugins/Runtime/ResonanceAudio/Binaries/Win64/UnrealEditor.modules" 1110
"../../../Engine/Plugins/Runtime/SoundFields/Binaries/Win64/UnrealEditor.modules" 1111
"../../../Engine/Plugins/Runtime/Synthesis/Binaries/Win64/UnrealEditor.modules" 1112
"../../../Engine/Plugins/Runtime/WebMMoviePlayer/Binaries/Win64/UnrealEditor.modules" 1113
"../../../Engine/Plugins/Media/WebMMedia/Binaries/Win64/UnrealEditor.modules" 1114
"../../../Engine/Plugins/Runtime/WindowsDeviceProfileSelector/Binaries/Win64/UnrealEditor.modules" 1115
"../../../Engine/Plugins/Runtime/WindowsMoviePlayer/Binaries/Win64/UnrealEditor.modules" 1116
"../../../Engine/Plugins/Editor/Localization/PortableObjectFileDataSource/Binaries/Win64/UnrealEditor.modules" 1117
"../../../Engine/Plugins/Runtime/Windows/XInputDevice/Binaries/Win64/UnrealEditor.modules" 1118
"../../../Engine/Plugins/Editor/ContentBrowser/ContentBrowserClassDataSource/Binaries/Win64/UnrealEditor.modules" 1119
"../../../Engine/Plugins/Editor/ObjectMixer/LightMixer/Binaries/Win64/UnrealEditor.modules" 1120
"../../../Engine/Config/BaseSourceControlSettings.ini" 1121
"../../../Engine/Content/Internationalization/icudt64l/coll/ucadata.icu" 1122
"../../../Engine/Content/Internationalization/icudt64l/coll/ko.res" 1123
"../../../Engine/Content/Internationalization/icudt64l/coll/root.res" 1124
"../../../Engine/Content/Certificates/ThirdParty/cacert.pem" 1125
"../../../Engine/Config/ConsoleVariables.ini" 1126
"../../../Engine/Binaries/Win64/Android/UnrealEditor.modules" 1127
"../../../Engine/Binaries/Win64/IOS/UnrealEditor.modules" 1128
"../../../Engine/Binaries/Win64/Linux/UnrealEditor.modules" 1129
"../../../Engine/Content/Localization/Editor/ko/Editor.locres" 1130
"../../../Engine/Content/Localization/Keywords/ko/Keywords.locres" 1131
"../../../Engine/Content/Localization/Category/ko/Category.locres" 1132
"../../../Engine/Content/Localization/ToolTips/ko/ToolTips.locres" 1133
"../../../Engine/Content/Localization/PropertyNames/ko/PropertyNames.locres" 1134
"../../../Engine/Content/Localization/Engine/ko/Engine.locres" 1135
"../../../Engine/Plugins/MetaHuman/MetaHumanSDK/Content/Localization/MetaHumanSDK/ko/MetaHumanSDK.locres" 1136
"../../../Engine/Plugins/MetaHuman/MetaHumanSDK/Content/Localization/MetaHumanSDK_Properties/ko/MetaHumanSDK_Properties.locres" 1137
"../../../Engine/Plugins/MetaHuman/MetaHumanSDK/Content/Localization/MetaHumanSDK_Tooltips/ko/MetaHumanSDK_Tooltips.locres" 1138
"../../../Engine/Plugins/Online/OnlineSubsystem/Content/Localization/OnlineSubsystem/ko/OnlineSubsystem.locres" 1139
"../../../Engine/Plugins/Online/OnlineSubsystemUtils/Content/Localization/OnlineSubsystemUtils/ko/OnlineSubsystemUtils.locres" 1140
"../../../Engine/Plugins/Online/Android/OnlineSubsystemGooglePlay/Content/Localization/OnlineSubsystemGooglePlay/ko/OnlineSubsystemGooglePlay.locres" 1141
"../../../Engine/Plugins/Online/IOS/OnlineSubsystemIOS/Content/Localization/OnlineSubsystemIOS/ko/OnlineSubsystemIOS.locres" 1142
"../../../Engine/Content/Internationalization/icudt64l/numberingSystems.res" 1143
"../../../Engine/Content/Internationalization/icudt64l/curr/supplementalData.res" 1144
"../../../Engine/Content/Internationalization/icudt64l/curr/ko.res" 1145
"../../../Engine/Content/Internationalization/icudt64l/curr/pool.res" 1146
"../../../Engine/Content/Internationalization/icudt64l/curr/root.res" 1147
"../../../Engine/Content/Internationalization/icudt64l/lang/af.res" 1148
"../../../Engine/Content/Internationalization/icudt64l/region/af.res" 1149
"../../../Engine/Content/Internationalization/icudt64l/lang/agq.res" 1150
"../../../Engine/Content/Internationalization/icudt64l/region/agq.res" 1151
"../../../Engine/Content/Internationalization/icudt64l/lang/ak.res" 1152
"../../../Engine/Content/Internationalization/icudt64l/region/ak.res" 1153
"../../../Engine/Content/Internationalization/icudt64l/lang/am.res" 1154
"../../../Engine/Content/Internationalization/icudt64l/region/am.res" 1155
"../../../Engine/Content/Internationalization/icudt64l/lang/ar.res" 1156
"../../../Engine/Content/Internationalization/icudt64l/region/ar.res" 1157
"../../../Engine/Content/Internationalization/icudt64l/region/ar_AE.res" 1158
"../../../Engine/Content/Internationalization/icudt64l/lang/ar_EG.res" 1159
"../../../Engine/Content/Internationalization/icudt64l/lang/ar_LY.res" 1160
"../../../Engine/Content/Internationalization/icudt64l/region/ar_LY.res" 1161
"../../../Engine/Content/Internationalization/icudt64l/lang/ar_SA.res" 1162
"../../../Engine/Content/Internationalization/icudt64l/region/ar_SA.res" 1163
"../../../Engine/Content/Internationalization/icudt64l/lang/as.res" 1164
"../../../Engine/Content/Internationalization/icudt64l/region/as.res" 1165
"../../../Engine/Content/Internationalization/icudt64l/lang/asa.res" 1166
"../../../Engine/Content/Internationalization/icudt64l/region/asa.res" 1167
"../../../Engine/Content/Internationalization/icudt64l/lang/ast.res" 1168
"../../../Engine/Content/Internationalization/icudt64l/region/ast.res" 1169
"../../../Engine/Content/Internationalization/icudt64l/lang/az.res" 1170
"../../../Engine/Content/Internationalization/icudt64l/lang/az_Cyrl.res" 1171
"../../../Engine/Content/Internationalization/icudt64l/lang/az_AZ.res" 1172
"../../../Engine/Content/Internationalization/icudt64l/lang/az_Latn_AZ.res" 1173
"../../../Engine/Content/Internationalization/icudt64l/lang/az_Latn.res" 1174
"../../../Engine/Content/Internationalization/icudt64l/region/az_AZ.res" 1175
"../../../Engine/Content/Internationalization/icudt64l/region/az_Latn_AZ.res" 1176
"../../../Engine/Content/Internationalization/icudt64l/region/az_Latn.res" 1177
"../../../Engine/Content/Internationalization/icudt64l/region/az.res" 1178
"../../../Engine/Content/Internationalization/icudt64l/region/az_Cyrl.res" 1179
"../../../Engine/Content/Internationalization/icudt64l/lang/bas.res" 1180
"../../../Engine/Content/Internationalization/icudt64l/region/bas.res" 1181
"../../../Engine/Content/Internationalization/icudt64l/lang/be.res" 1182
"../../../Engine/Content/Internationalization/icudt64l/region/be.res" 1183
"../../../Engine/Content/Internationalization/icudt64l/lang/bem.res" 1184
"../../../Engine/Content/Internationalization/icudt64l/region/bem.res" 1185
"../../../Engine/Content/Internationalization/icudt64l/lang/bez.res" 1186
"../../../Engine/Content/Internationalization/icudt64l/region/bez.res" 1187
"../../../Engine/Content/Internationalization/icudt64l/lang/bg.res" 1188
"../../../Engine/Content/Internationalization/icudt64l/region/bg.res" 1189
"../../../Engine/Content/Internationalization/icudt64l/lang/bm.res" 1190
"../../../Engine/Content/Internationalization/icudt64l/region/bm.res" 1191
"../../../Engine/Content/Internationalization/icudt64l/lang/bn.res" 1192
"../../../Engine/Content/Internationalization/icudt64l/region/bn.res" 1193
"../../../Engine/Content/Internationalization/icudt64l/lang/bn_IN.res" 1194
"../../../Engine/Content/Internationalization/icudt64l/region/bn_IN.res" 1195
"../../../Engine/Content/Internationalization/icudt64l/lang/bo.res" 1196
"../../../Engine/Content/Internationalization/icudt64l/region/bo.res" 1197
"../../../Engine/Content/Internationalization/icudt64l/region/bo_IN.res" 1198
"../../../Engine/Content/Internationalization/icudt64l/lang/br.res" 1199
"../../../Engine/Content/Internationalization/icudt64l/region/br.res" 1200
"../../../Engine/Content/Internationalization/icudt64l/lang/brx.res" 1201
"../../../Engine/Content/Internationalization/icudt64l/region/brx.res" 1202
"../../../Engine/Content/Internationalization/icudt64l/lang/bs.res" 1203
"../../../Engine/Content/Internationalization/icudt64l/lang/bs_Cyrl.res" 1204
"../../../Engine/Content/Internationalization/icudt64l/lang/bs_BA.res" 1205
"../../../Engine/Content/Internationalization/icudt64l/lang/bs_Latn_BA.res" 1206
"../../../Engine/Content/Internationalization/icudt64l/lang/bs_Latn.res" 1207
"../../../Engine/Content/Internationalization/icudt64l/region/bs_BA.res" 1208
"../../../Engine/Content/Internationalization/icudt64l/region/bs_Latn_BA.res" 1209
"../../../Engine/Content/Internationalization/icudt64l/region/bs_Latn.res" 1210
"../../../Engine/Content/Internationalization/icudt64l/region/bs.res" 1211
"../../../Engine/Content/Internationalization/icudt64l/region/bs_Cyrl.res" 1212
"../../../Engine/Content/Internationalization/icudt64l/lang/ca.res" 1213
"../../../Engine/Content/Internationalization/icudt64l/region/ca.res" 1214
"../../../Engine/Content/Internationalization/icudt64l/lang/ccp.res" 1215
"../../../Engine/Content/Internationalization/icudt64l/region/ccp.res" 1216
"../../../Engine/Content/Internationalization/icudt64l/lang/ce.res" 1217
"../../../Engine/Content/Internationalization/icudt64l/region/ce.res" 1218
"../../../Engine/Content/Internationalization/icudt64l/lang/ceb.res" 1219
"../../../Engine/Content/Internationalization/icudt64l/region/ceb.res" 1220
"../../../Engine/Content/Internationalization/icudt64l/lang/cgg.res" 1221
"../../../Engine/Content/Internationalization/icudt64l/region/cgg.res" 1222
"../../../Engine/Content/Internationalization/icudt64l/lang/chr.res" 1223
"../../../Engine/Content/Internationalization/icudt64l/region/chr.res" 1224
"../../../Engine/Content/Internationalization/icudt64l/lang/ckb.res" 1225
"../../../Engine/Content/Internationalization/icudt64l/region/ckb.res" 1226
"../../../Engine/Content/Internationalization/icudt64l/lang/cs.res" 1227
"../../../Engine/Content/Internationalization/icudt64l/region/cs.res" 1228
"../../../Engine/Content/Internationalization/icudt64l/lang/cy.res" 1229
"../../../Engine/Content/Internationalization/icudt64l/region/cy.res" 1230
"../../../Engine/Content/Internationalization/icudt64l/lang/da.res" 1231
"../../../Engine/Content/Internationalization/icudt64l/region/da.res" 1232
"../../../Engine/Content/Internationalization/icudt64l/lang/dav.res" 1233
"../../../Engine/Content/Internationalization/icudt64l/region/dav.res" 1234
"../../../Engine/Content/Internationalization/icudt64l/lang/de.res" 1235
"../../../Engine/Content/Internationalization/icudt64l/lang/de_AT.res" 1236
"../../../Engine/Content/Internationalization/icudt64l/region/de_AT.res" 1237
"../../../Engine/Content/Internationalization/icudt64l/region/de.res" 1238
"../../../Engine/Content/Internationalization/icudt64l/lang/de_CH.res" 1239
"../../../Engine/Content/Internationalization/icudt64l/region/de_CH.res" 1240
"../../../Engine/Content/Internationalization/icudt64l/lang/de_LU.res" 1241
"../../../Engine/Content/Internationalization/icudt64l/lang/dje.res" 1242
"../../../Engine/Content/Internationalization/icudt64l/region/dje.res" 1243
"../../../Engine/Content/Internationalization/icudt64l/lang/dsb.res" 1244
"../../../Engine/Content/Internationalization/icudt64l/region/dsb.res" 1245
"../../../Engine/Content/Internationalization/icudt64l/lang/dua.res" 1246
"../../../Engine/Content/Internationalization/icudt64l/region/dua.res" 1247
"../../../Engine/Content/Internationalization/icudt64l/lang/dyo.res" 1248
"../../../Engine/Content/Internationalization/icudt64l/region/dyo.res" 1249
"../../../Engine/Content/Internationalization/icudt64l/lang/dz.res" 1250
"../../../Engine/Content/Internationalization/icudt64l/region/dz.res" 1251
"../../../Engine/Content/Internationalization/icudt64l/lang/ebu.res" 1252
"../../../Engine/Content/Internationalization/icudt64l/region/ebu.res" 1253
"../../../Engine/Content/Internationalization/icudt64l/lang/ee.res" 1254
"../../../Engine/Content/Internationalization/icudt64l/region/ee.res" 1255
"../../../Engine/Content/Internationalization/icudt64l/lang/el.res" 1256
"../../../Engine/Content/Internationalization/icudt64l/region/el.res" 1257
"../../../Engine/Content/Internationalization/icudt64l/lang/en_001.res" 1258
"../../../Engine/Content/Internationalization/icudt64l/lang/en_150.res" 1259
"../../../Engine/Content/Internationalization/icudt64l/region/en_150.res" 1260
"../../../Engine/Content/Internationalization/icudt64l/lang/en_AG.res" 1261
"../../../Engine/Content/Internationalization/icudt64l/region/en_AG.res" 1262
"../../../Engine/Content/Internationalization/icudt64l/lang/en_AI.res" 1263
"../../../Engine/Content/Internationalization/icudt64l/region/en_AI.res" 1264
"../../../Engine/Content/Internationalization/icudt64l/lang/en_AT.res" 1265
"../../../Engine/Content/Internationalization/icudt64l/region/en_AT.res" 1266
"../../../Engine/Content/Internationalization/icudt64l/lang/en_AU.res" 1267
"../../../Engine/Content/Internationalization/icudt64l/region/en_AU.res" 1268
"../../../Engine/Content/Internationalization/icudt64l/lang/en_BB.res" 1269
"../../../Engine/Content/Internationalization/icudt64l/region/en_BB.res" 1270
"../../../Engine/Content/Internationalization/icudt64l/lang/en_BE.res" 1271
"../../../Engine/Content/Internationalization/icudt64l/region/en_BE.res" 1272
"../../../Engine/Content/Internationalization/icudt64l/lang/en_BM.res" 1273
"../../../Engine/Content/Internationalization/icudt64l/region/en_BM.res" 1274
"../../../Engine/Content/Internationalization/icudt64l/lang/en_BS.res" 1275
"../../../Engine/Content/Internationalization/icudt64l/region/en_BS.res" 1276
"../../../Engine/Content/Internationalization/icudt64l/lang/en_BW.res" 1277
"../../../Engine/Content/Internationalization/icudt64l/region/en_BW.res" 1278
"../../../Engine/Content/Internationalization/icudt64l/lang/en_BZ.res" 1279
"../../../Engine/Content/Internationalization/icudt64l/region/en_BZ.res" 1280
"../../../Engine/Content/Internationalization/icudt64l/lang/en_CA.res" 1281
"../../../Engine/Content/Internationalization/icudt64l/region/en_CA.res" 1282
"../../../Engine/Content/Internationalization/icudt64l/lang/en_CC.res" 1283
"../../../Engine/Content/Internationalization/icudt64l/region/en_CC.res" 1284
"../../../Engine/Content/Internationalization/icudt64l/lang/en_CH.res" 1285
"../../../Engine/Content/Internationalization/icudt64l/region/en_CH.res" 1286
"../../../Engine/Content/Internationalization/icudt64l/lang/en_CK.res" 1287
"../../../Engine/Content/Internationalization/icudt64l/region/en_CK.res" 1288
"../../../Engine/Content/Internationalization/icudt64l/lang/en_CM.res" 1289
"../../../Engine/Content/Internationalization/icudt64l/region/en_CM.res" 1290
"../../../Engine/Content/Internationalization/icudt64l/lang/en_CX.res" 1291
"../../../Engine/Content/Internationalization/icudt64l/region/en_CX.res" 1292
"../../../Engine/Content/Internationalization/icudt64l/lang/en_CY.res" 1293
"../../../Engine/Content/Internationalization/icudt64l/region/en_CY.res" 1294
"../../../Engine/Content/Internationalization/icudt64l/lang/en_DE.res" 1295
"../../../Engine/Content/Internationalization/icudt64l/region/en_DE.res" 1296
"../../../Engine/Content/Internationalization/icudt64l/lang/en_DG.res" 1297
"../../../Engine/Content/Internationalization/icudt64l/region/en_DG.res" 1298
"../../../Engine/Content/Internationalization/icudt64l/lang/en_DK.res" 1299
"../../../Engine/Content/Internationalization/icudt64l/region/en_DK.res" 1300
"../../../Engine/Content/Internationalization/icudt64l/lang/en_DM.res" 1301
"../../../Engine/Content/Internationalization/icudt64l/region/en_DM.res" 1302
"../../../Engine/Content/Internationalization/icudt64l/lang/en_ER.res" 1303
"../../../Engine/Content/Internationalization/icudt64l/region/en_ER.res" 1304
"../../../Engine/Content/Internationalization/icudt64l/lang/en_FI.res" 1305
"../../../Engine/Content/Internationalization/icudt64l/region/en_FI.res" 1306
"../../../Engine/Content/Internationalization/icudt64l/lang/en_FJ.res" 1307
"../../../Engine/Content/Internationalization/icudt64l/region/en_FJ.res" 1308
"../../../Engine/Content/Internationalization/icudt64l/lang/en_FK.res" 1309
"../../../Engine/Content/Internationalization/icudt64l/region/en_FK.res" 1310
"../../../Engine/Content/Internationalization/icudt64l/lang/en_FM.res" 1311
"../../../Engine/Content/Internationalization/icudt64l/region/en_FM.res" 1312
"../../../Engine/Content/Internationalization/icudt64l/lang/en_GB.res" 1313
"../../../Engine/Content/Internationalization/icudt64l/region/en_GB.res" 1314
"../../../Engine/Content/Internationalization/icudt64l/lang/en_GD.res" 1315
"../../../Engine/Content/Internationalization/icudt64l/region/en_GD.res" 1316
"../../../Engine/Content/Internationalization/icudt64l/lang/en_GG.res" 1317
"../../../Engine/Content/Internationalization/icudt64l/region/en_GG.res" 1318
"../../../Engine/Content/Internationalization/icudt64l/lang/en_GH.res" 1319
"../../../Engine/Content/Internationalization/icudt64l/region/en_GH.res" 1320
"../../../Engine/Content/Internationalization/icudt64l/lang/en_GI.res" 1321
"../../../Engine/Content/Internationalization/icudt64l/region/en_GI.res" 1322
"../../../Engine/Content/Internationalization/icudt64l/lang/en_GM.res" 1323
"../../../Engine/Content/Internationalization/icudt64l/region/en_GM.res" 1324
"../../../Engine/Content/Internationalization/icudt64l/lang/en_GY.res" 1325
"../../../Engine/Content/Internationalization/icudt64l/region/en_GY.res" 1326
"../../../Engine/Content/Internationalization/icudt64l/lang/en_HK.res" 1327
"../../../Engine/Content/Internationalization/icudt64l/region/en_HK.res" 1328
"../../../Engine/Content/Internationalization/icudt64l/lang/en_IE.res" 1329
"../../../Engine/Content/Internationalization/icudt64l/region/en_IE.res" 1330
"../../../Engine/Content/Internationalization/icudt64l/lang/en_IL.res" 1331
"../../../Engine/Content/Internationalization/icudt64l/region/en_IL.res" 1332
"../../../Engine/Content/Internationalization/icudt64l/lang/en_IM.res" 1333
"../../../Engine/Content/Internationalization/icudt64l/region/en_IM.res" 1334
"../../../Engine/Content/Internationalization/icudt64l/lang/en_IN.res" 1335
"../../../Engine/Content/Internationalization/icudt64l/region/en_IN.res" 1336
"../../../Engine/Content/Internationalization/icudt64l/lang/en_IO.res" 1337
"../../../Engine/Content/Internationalization/icudt64l/region/en_IO.res" 1338
"../../../Engine/Content/Internationalization/icudt64l/lang/en_JE.res" 1339
"../../../Engine/Content/Internationalization/icudt64l/region/en_JE.res" 1340
"../../../Engine/Content/Internationalization/icudt64l/lang/en_JM.res" 1341
"../../../Engine/Content/Internationalization/icudt64l/region/en_JM.res" 1342
"../../../Engine/Content/Internationalization/icudt64l/lang/en_KE.res" 1343
"../../../Engine/Content/Internationalization/icudt64l/region/en_KE.res" 1344
"../../../Engine/Content/Internationalization/icudt64l/lang/en_KI.res" 1345
"../../../Engine/Content/Internationalization/icudt64l/region/en_KI.res" 1346
"../../../Engine/Content/Internationalization/icudt64l/lang/en_KN.res" 1347
"../../../Engine/Content/Internationalization/icudt64l/region/en_KN.res" 1348
"../../../Engine/Content/Internationalization/icudt64l/lang/en_KY.res" 1349
"../../../Engine/Content/Internationalization/icudt64l/region/en_KY.res" 1350
"../../../Engine/Content/Internationalization/icudt64l/lang/en_LC.res" 1351
"../../../Engine/Content/Internationalization/icudt64l/region/en_LC.res" 1352
"../../../Engine/Content/Internationalization/icudt64l/lang/en_LR.res" 1353
"../../../Engine/Content/Internationalization/icudt64l/region/en_LR.res" 1354
"../../../Engine/Content/Internationalization/icudt64l/lang/en_LS.res" 1355
"../../../Engine/Content/Internationalization/icudt64l/region/en_LS.res" 1356
"../../../Engine/Content/Internationalization/icudt64l/lang/en_MG.res" 1357
"../../../Engine/Content/Internationalization/icudt64l/region/en_MG.res" 1358
"../../../Engine/Content/Internationalization/icudt64l/lang/en_MO.res" 1359
"../../../Engine/Content/Internationalization/icudt64l/region/en_MO.res" 1360
"../../../Engine/Content/Internationalization/icudt64l/lang/en_MS.res" 1361
"../../../Engine/Content/Internationalization/icudt64l/region/en_MS.res" 1362
"../../../Engine/Content/Internationalization/icudt64l/lang/en_MT.res" 1363
"../../../Engine/Content/Internationalization/icudt64l/region/en_MT.res" 1364
"../../../Engine/Content/Internationalization/icudt64l/lang/en_MU.res" 1365
"../../../Engine/Content/Internationalization/icudt64l/region/en_MU.res" 1366
"../../../Engine/Content/Internationalization/icudt64l/lang/en_MW.res" 1367
"../../../Engine/Content/Internationalization/icudt64l/region/en_MW.res" 1368
"../../../Engine/Content/Internationalization/icudt64l/lang/en_MY.res" 1369
"../../../Engine/Content/Internationalization/icudt64l/region/en_MY.res" 1370
"../../../Engine/Content/Internationalization/icudt64l/lang/en_NA.res" 1371
"../../../Engine/Content/Internationalization/icudt64l/region/en_NA.res" 1372
"../../../Engine/Content/Internationalization/icudt64l/lang/en_NF.res" 1373
"../../../Engine/Content/Internationalization/icudt64l/region/en_NF.res" 1374
"../../../Engine/Content/Internationalization/icudt64l/lang/en_NG.res" 1375
"../../../Engine/Content/Internationalization/icudt64l/region/en_NG.res" 1376
"../../../Engine/Content/Internationalization/icudt64l/lang/en_NL.res" 1377
"../../../Engine/Content/Internationalization/icudt64l/region/en_NL.res" 1378
"../../../Engine/Content/Internationalization/icudt64l/lang/en_NR.res" 1379
"../../../Engine/Content/Internationalization/icudt64l/region/en_NR.res" 1380
"../../../Engine/Content/Internationalization/icudt64l/lang/en_NU.res" 1381
"../../../Engine/Content/Internationalization/icudt64l/region/en_NU.res" 1382
"../../../Engine/Content/Internationalization/icudt64l/lang/en_NZ.res" 1383
"../../../Engine/Content/Internationalization/icudt64l/region/en_NZ.res" 1384
"../../../Engine/Content/Internationalization/icudt64l/lang/en_PG.res" 1385
"../../../Engine/Content/Internationalization/icudt64l/region/en_PG.res" 1386
"../../../Engine/Content/Internationalization/icudt64l/lang/en_PH.res" 1387
"../../../Engine/Content/Internationalization/icudt64l/region/en_PH.res" 1388
"../../../Engine/Content/Internationalization/icudt64l/lang/en_PK.res" 1389
"../../../Engine/Content/Internationalization/icudt64l/region/en_PK.res" 1390
"../../../Engine/Content/Internationalization/icudt64l/lang/en_PN.res" 1391
"../../../Engine/Content/Internationalization/icudt64l/region/en_PN.res" 1392
"../../../Engine/Content/Internationalization/icudt64l/lang/en_PW.res" 1393
"../../../Engine/Content/Internationalization/icudt64l/region/en_PW.res" 1394
"../../../Engine/Content/Internationalization/icudt64l/lang/en_RW.res" 1395
"../../../Engine/Content/Internationalization/icudt64l/region/en_RW.res" 1396
"../../../Engine/Content/Internationalization/icudt64l/lang/en_SB.res" 1397
"../../../Engine/Content/Internationalization/icudt64l/region/en_SB.res" 1398
"../../../Engine/Content/Internationalization/icudt64l/lang/en_SC.res" 1399
"../../../Engine/Content/Internationalization/icudt64l/region/en_SC.res" 1400
"../../../Engine/Content/Internationalization/icudt64l/lang/en_SD.res" 1401
"../../../Engine/Content/Internationalization/icudt64l/region/en_SD.res" 1402
"../../../Engine/Content/Internationalization/icudt64l/lang/en_SE.res" 1403
"../../../Engine/Content/Internationalization/icudt64l/region/en_SE.res" 1404
"../../../Engine/Content/Internationalization/icudt64l/lang/en_SG.res" 1405
"../../../Engine/Content/Internationalization/icudt64l/region/en_SG.res" 1406
"../../../Engine/Content/Internationalization/icudt64l/lang/en_SH.res" 1407
"../../../Engine/Content/Internationalization/icudt64l/region/en_SH.res" 1408
"../../../Engine/Content/Internationalization/icudt64l/lang/en_SI.res" 1409
"../../../Engine/Content/Internationalization/icudt64l/region/en_SI.res" 1410
"../../../Engine/Content/Internationalization/icudt64l/lang/en_SL.res" 1411
"../../../Engine/Content/Internationalization/icudt64l/region/en_SL.res" 1412
"../../../Engine/Content/Internationalization/icudt64l/lang/en_SS.res" 1413
"../../../Engine/Content/Internationalization/icudt64l/region/en_SS.res" 1414
"../../../Engine/Content/Internationalization/icudt64l/lang/en_SX.res" 1415
"../../../Engine/Content/Internationalization/icudt64l/region/en_SX.res" 1416
"../../../Engine/Content/Internationalization/icudt64l/lang/en_SZ.res" 1417
"../../../Engine/Content/Internationalization/icudt64l/region/en_SZ.res" 1418
"../../../Engine/Content/Internationalization/icudt64l/lang/en_TC.res" 1419
"../../../Engine/Content/Internationalization/icudt64l/region/en_TC.res" 1420
"../../../Engine/Content/Internationalization/icudt64l/lang/en_TK.res" 1421
"../../../Engine/Content/Internationalization/icudt64l/region/en_TK.res" 1422
"../../../Engine/Content/Internationalization/icudt64l/lang/en_TO.res" 1423
"../../../Engine/Content/Internationalization/icudt64l/region/en_TO.res" 1424
"../../../Engine/Content/Internationalization/icudt64l/lang/en_TT.res" 1425
"../../../Engine/Content/Internationalization/icudt64l/region/en_TT.res" 1426
"../../../Engine/Content/Internationalization/icudt64l/lang/en_TV.res" 1427
"../../../Engine/Content/Internationalization/icudt64l/region/en_TV.res" 1428
"../../../Engine/Content/Internationalization/icudt64l/lang/en_TZ.res" 1429
"../../../Engine/Content/Internationalization/icudt64l/region/en_TZ.res" 1430
"../../../Engine/Content/Internationalization/icudt64l/lang/en_UG.res" 1431
"../../../Engine/Content/Internationalization/icudt64l/region/en_UG.res" 1432
"../../../Engine/Content/Internationalization/icudt64l/lang/en_VC.res" 1433
"../../../Engine/Content/Internationalization/icudt64l/region/en_VC.res" 1434
"../../../Engine/Content/Internationalization/icudt64l/lang/en_VG.res" 1435
"../../../Engine/Content/Internationalization/icudt64l/region/en_VG.res" 1436
"../../../Engine/Content/Internationalization/icudt64l/lang/en_VU.res" 1437
"../../../Engine/Content/Internationalization/icudt64l/region/en_VU.res" 1438
"../../../Engine/Content/Internationalization/icudt64l/lang/en_WS.res" 1439
"../../../Engine/Content/Internationalization/icudt64l/region/en_WS.res" 1440
"../../../Engine/Content/Internationalization/icudt64l/lang/en_ZA.res" 1441
"../../../Engine/Content/Internationalization/icudt64l/region/en_ZA.res" 1442
"../../../Engine/Content/Internationalization/icudt64l/lang/en_ZM.res" 1443
"../../../Engine/Content/Internationalization/icudt64l/region/en_ZM.res" 1444
"../../../Engine/Content/Internationalization/icudt64l/lang/en_ZW.res" 1445
"../../../Engine/Content/Internationalization/icudt64l/region/en_ZW.res" 1446
"../../../Engine/Content/Internationalization/icudt64l/lang/eo.res" 1447
"../../../Engine/Content/Internationalization/icudt64l/region/eo.res" 1448
"../../../Engine/Content/Internationalization/icudt64l/lang/es.res" 1449
"../../../Engine/Content/Internationalization/icudt64l/lang/es_419.res" 1450
"../../../Engine/Content/Internationalization/icudt64l/region/es_419.res" 1451
"../../../Engine/Content/Internationalization/icudt64l/region/es.res" 1452
"../../../Engine/Content/Internationalization/icudt64l/lang/es_AR.res" 1453
"../../../Engine/Content/Internationalization/icudt64l/region/es_AR.res" 1454
"../../../Engine/Content/Internationalization/icudt64l/lang/es_BO.res" 1455
"../../../Engine/Content/Internationalization/icudt64l/region/es_BO.res" 1456
"../../../Engine/Content/Internationalization/icudt64l/lang/es_BR.res" 1457
"../../../Engine/Content/Internationalization/icudt64l/region/es_BR.res" 1458
"../../../Engine/Content/Internationalization/icudt64l/lang/es_BZ.res" 1459
"../../../Engine/Content/Internationalization/icudt64l/region/es_BZ.res" 1460
"../../../Engine/Content/Internationalization/icudt64l/lang/es_CL.res" 1461
"../../../Engine/Content/Internationalization/icudt64l/region/es_CL.res" 1462
"../../../Engine/Content/Internationalization/icudt64l/lang/es_CO.res" 1463
"../../../Engine/Content/Internationalization/icudt64l/region/es_CO.res" 1464
"../../../Engine/Content/Internationalization/icudt64l/lang/es_CR.res" 1465
"../../../Engine/Content/Internationalization/icudt64l/region/es_CR.res" 1466
"../../../Engine/Content/Internationalization/icudt64l/lang/es_CU.res" 1467
"../../../Engine/Content/Internationalization/icudt64l/region/es_CU.res" 1468
"../../../Engine/Content/Internationalization/icudt64l/lang/es_DO.res" 1469
"../../../Engine/Content/Internationalization/icudt64l/region/es_DO.res" 1470
"../../../Engine/Content/Internationalization/icudt64l/lang/es_EC.res" 1471
"../../../Engine/Content/Internationalization/icudt64l/region/es_EC.res" 1472
"../../../Engine/Content/Internationalization/icudt64l/lang/es_GT.res" 1473
"../../../Engine/Content/Internationalization/icudt64l/region/es_GT.res" 1474
"../../../Engine/Content/Internationalization/icudt64l/lang/es_HN.res" 1475
"../../../Engine/Content/Internationalization/icudt64l/region/es_HN.res" 1476
"../../../Engine/Content/Internationalization/icudt64l/lang/es_MX.res" 1477
"../../../Engine/Content/Internationalization/icudt64l/region/es_MX.res" 1478
"../../../Engine/Content/Internationalization/icudt64l/lang/es_NI.res" 1479
"../../../Engine/Content/Internationalization/icudt64l/region/es_NI.res" 1480
"../../../Engine/Content/Internationalization/icudt64l/lang/es_PA.res" 1481
"../../../Engine/Content/Internationalization/icudt64l/region/es_PA.res" 1482
"../../../Engine/Content/Internationalization/icudt64l/lang/es_PE.res" 1483
"../../../Engine/Content/Internationalization/icudt64l/region/es_PE.res" 1484
"../../../Engine/Content/Internationalization/icudt64l/lang/es_PR.res" 1485
"../../../Engine/Content/Internationalization/icudt64l/region/es_PR.res" 1486
"../../../Engine/Content/Internationalization/icudt64l/lang/es_PY.res" 1487
"../../../Engine/Content/Internationalization/icudt64l/region/es_PY.res" 1488
"../../../Engine/Content/Internationalization/icudt64l/lang/es_SV.res" 1489
"../../../Engine/Content/Internationalization/icudt64l/region/es_SV.res" 1490
"../../../Engine/Content/Internationalization/icudt64l/lang/es_US.res" 1491
"../../../Engine/Content/Internationalization/icudt64l/region/es_US.res" 1492
"../../../Engine/Content/Internationalization/icudt64l/lang/es_UY.res" 1493
"../../../Engine/Content/Internationalization/icudt64l/region/es_UY.res" 1494
"../../../Engine/Content/Internationalization/icudt64l/lang/es_VE.res" 1495
"../../../Engine/Content/Internationalization/icudt64l/region/es_VE.res" 1496
"../../../Engine/Content/Internationalization/icudt64l/lang/et.res" 1497
"../../../Engine/Content/Internationalization/icudt64l/region/et.res" 1498
"../../../Engine/Content/Internationalization/icudt64l/lang/eu.res" 1499
"../../../Engine/Content/Internationalization/icudt64l/region/eu.res" 1500
"../../../Engine/Content/Internationalization/icudt64l/lang/ewo.res" 1501
"../../../Engine/Content/Internationalization/icudt64l/region/ewo.res" 1502
"../../../Engine/Content/Internationalization/icudt64l/lang/fa.res" 1503
"../../../Engine/Content/Internationalization/icudt64l/lang/fa_AF.res" 1504
"../../../Engine/Content/Internationalization/icudt64l/region/fa_AF.res" 1505
"../../../Engine/Content/Internationalization/icudt64l/region/fa.res" 1506
"../../../Engine/Content/Internationalization/icudt64l/lang/ff.res" 1507
"../../../Engine/Content/Internationalization/icudt64l/lang/ff_Latn.res" 1508
"../../../Engine/Content/Internationalization/icudt64l/region/ff.res" 1509
"../../../Engine/Content/Internationalization/icudt64l/region/ff_Latn.res" 1510
"../../../Engine/Content/Internationalization/icudt64l/lang/ff_CM.res" 1511
"../../../Engine/Content/Internationalization/icudt64l/lang/ff_Latn_CM.res" 1512
"../../../Engine/Content/Internationalization/icudt64l/region/ff_CM.res" 1513
"../../../Engine/Content/Internationalization/icudt64l/region/ff_Latn_CM.res" 1514
"../../../Engine/Content/Internationalization/icudt64l/lang/ff_GN.res" 1515
"../../../Engine/Content/Internationalization/icudt64l/lang/ff_Latn_GN.res" 1516
"../../../Engine/Content/Internationalization/icudt64l/region/ff_GN.res" 1517
"../../../Engine/Content/Internationalization/icudt64l/region/ff_Latn_GN.res" 1518
"../../../Engine/Content/Internationalization/icudt64l/lang/ff_MR.res" 1519
"../../../Engine/Content/Internationalization/icudt64l/lang/ff_Latn_MR.res" 1520
"../../../Engine/Content/Internationalization/icudt64l/region/ff_MR.res" 1521
"../../../Engine/Content/Internationalization/icudt64l/region/ff_Latn_MR.res" 1522
"../../../Engine/Content/Internationalization/icudt64l/lang/ff_SN.res" 1523
"../../../Engine/Content/Internationalization/icudt64l/lang/ff_Latn_SN.res" 1524
"../../../Engine/Content/Internationalization/icudt64l/region/ff_SN.res" 1525
"../../../Engine/Content/Internationalization/icudt64l/region/ff_Latn_SN.res" 1526
"../../../Engine/Content/Internationalization/icudt64l/lang/fi.res" 1527
"../../../Engine/Content/Internationalization/icudt64l/region/fi.res" 1528
"../../../Engine/Content/Internationalization/icudt64l/lang/fil.res" 1529
"../../../Engine/Content/Internationalization/icudt64l/lang/fil_PH.res" 1530
"../../../Engine/Content/Internationalization/icudt64l/region/fil_PH.res" 1531
"../../../Engine/Content/Internationalization/icudt64l/region/fil.res" 1532
"../../../Engine/Content/Internationalization/icudt64l/lang/fo.res" 1533
"../../../Engine/Content/Internationalization/icudt64l/region/fo.res" 1534
"../../../Engine/Content/Internationalization/icudt64l/lang/fr.res" 1535
"../../../Engine/Content/Internationalization/icudt64l/lang/fr_BE.res" 1536
"../../../Engine/Content/Internationalization/icudt64l/region/fr_BE.res" 1537
"../../../Engine/Content/Internationalization/icudt64l/region/fr.res" 1538
"../../../Engine/Content/Internationalization/icudt64l/lang/fr_CA.res" 1539
"../../../Engine/Content/Internationalization/icudt64l/region/fr_CA.res" 1540
"../../../Engine/Content/Internationalization/icudt64l/lang/fr_CH.res" 1541
"../../../Engine/Content/Internationalization/icudt64l/lang/fur.res" 1542
"../../../Engine/Content/Internationalization/icudt64l/region/fur.res" 1543
"../../../Engine/Content/Internationalization/icudt64l/lang/fy.res" 1544
"../../../Engine/Content/Internationalization/icudt64l/region/fy.res" 1545
"../../../Engine/Content/Internationalization/icudt64l/lang/ga.res" 1546
"../../../Engine/Content/Internationalization/icudt64l/region/ga.res" 1547
"../../../Engine/Content/Internationalization/icudt64l/lang/gd.res" 1548
"../../../Engine/Content/Internationalization/icudt64l/region/gd.res" 1549
"../../../Engine/Content/Internationalization/icudt64l/lang/gl.res" 1550
"../../../Engine/Content/Internationalization/icudt64l/region/gl.res" 1551
"../../../Engine/Content/Internationalization/icudt64l/lang/gsw.res" 1552
"../../../Engine/Content/Internationalization/icudt64l/region/gsw.res" 1553
"../../../Engine/Content/Internationalization/icudt64l/lang/gu.res" 1554
"../../../Engine/Content/Internationalization/icudt64l/region/gu.res" 1555
"../../../Engine/Content/Internationalization/icudt64l/lang/guz.res" 1556
"../../../Engine/Content/Internationalization/icudt64l/region/guz.res" 1557
"../../../Engine/Content/Internationalization/icudt64l/lang/gv.res" 1558
"../../../Engine/Content/Internationalization/icudt64l/region/gv.res" 1559
"../../../Engine/Content/Internationalization/icudt64l/lang/ha.res" 1560
"../../../Engine/Content/Internationalization/icudt64l/region/ha.res" 1561
"../../../Engine/Content/Internationalization/icudt64l/lang/ha_NE.res" 1562
"../../../Engine/Content/Internationalization/icudt64l/region/ha_NE.res" 1563
"../../../Engine/Content/Internationalization/icudt64l/lang/haw.res" 1564
"../../../Engine/Content/Internationalization/icudt64l/region/haw.res" 1565
"../../../Engine/Content/Internationalization/icudt64l/lang/he.res" 1566
"../../../Engine/Content/Internationalization/icudt64l/lang/he_IL.res" 1567
"../../../Engine/Content/Internationalization/icudt64l/region/he_IL.res" 1568
"../../../Engine/Content/Internationalization/icudt64l/region/he.res" 1569
"../../../Engine/Content/Internationalization/icudt64l/lang/hi.res" 1570
"../../../Engine/Content/Internationalization/icudt64l/region/hi.res" 1571
"../../../Engine/Content/Internationalization/icudt64l/lang/hr.res" 1572
"../../../Engine/Content/Internationalization/icudt64l/region/hr.res" 1573
"../../../Engine/Content/Internationalization/icudt64l/lang/hsb.res" 1574
"../../../Engine/Content/Internationalization/icudt64l/region/hsb.res" 1575
"../../../Engine/Content/Internationalization/icudt64l/lang/hu.res" 1576
"../../../Engine/Content/Internationalization/icudt64l/region/hu.res" 1577
"../../../Engine/Content/Internationalization/icudt64l/lang/hy.res" 1578
"../../../Engine/Content/Internationalization/icudt64l/region/hy.res" 1579
"../../../Engine/Content/Internationalization/icudt64l/lang/ia.res" 1580
"../../../Engine/Content/Internationalization/icudt64l/region/ia.res" 1581
"../../../Engine/Content/Internationalization/icudt64l/lang/id.res" 1582
"../../../Engine/Content/Internationalization/icudt64l/lang/id_ID.res" 1583
"../../../Engine/Content/Internationalization/icudt64l/region/id_ID.res" 1584
"../../../Engine/Content/Internationalization/icudt64l/region/id.res" 1585
"../../../Engine/Content/Internationalization/icudt64l/lang/ig.res" 1586
"../../../Engine/Content/Internationalization/icudt64l/region/ig.res" 1587
"../../../Engine/Content/Internationalization/icudt64l/lang/ii.res" 1588
"../../../Engine/Content/Internationalization/icudt64l/region/ii.res" 1589
"../../../Engine/Content/Internationalization/icudt64l/lang/is.res" 1590
"../../../Engine/Content/Internationalization/icudt64l/region/is.res" 1591
"../../../Engine/Content/Internationalization/icudt64l/lang/it.res" 1592
"../../../Engine/Content/Internationalization/icudt64l/region/it.res" 1593
"../../../Engine/Content/Internationalization/icudt64l/lang/ja.res" 1594
"../../../Engine/Content/Internationalization/icudt64l/lang/ja_JP.res" 1595
"../../../Engine/Content/Internationalization/icudt64l/region/ja_JP.res" 1596
"../../../Engine/Content/Internationalization/icudt64l/region/ja.res" 1597
"../../../Engine/Content/Internationalization/icudt64l/lang/jgo.res" 1598
"../../../Engine/Content/Internationalization/icudt64l/region/jgo.res" 1599
"../../../Engine/Content/Internationalization/icudt64l/lang/jmc.res" 1600
"../../../Engine/Content/Internationalization/icudt64l/region/jmc.res" 1601
"../../../Engine/Content/Internationalization/icudt64l/lang/jv.res" 1602
"../../../Engine/Content/Internationalization/icudt64l/region/jv.res" 1603
"../../../Engine/Content/Internationalization/icudt64l/lang/ka.res" 1604
"../../../Engine/Content/Internationalization/icudt64l/region/ka.res" 1605
"../../../Engine/Content/Internationalization/icudt64l/lang/kab.res" 1606
"../../../Engine/Content/Internationalization/icudt64l/region/kab.res" 1607
"../../../Engine/Content/Internationalization/icudt64l/lang/kam.res" 1608
"../../../Engine/Content/Internationalization/icudt64l/region/kam.res" 1609
"../../../Engine/Content/Internationalization/icudt64l/lang/kde.res" 1610
"../../../Engine/Content/Internationalization/icudt64l/region/kde.res" 1611
"../../../Engine/Content/Internationalization/icudt64l/lang/kea.res" 1612
"../../../Engine/Content/Internationalization/icudt64l/region/kea.res" 1613
"../../../Engine/Content/Internationalization/icudt64l/lang/khq.res" 1614
"../../../Engine/Content/Internationalization/icudt64l/region/khq.res" 1615
"../../../Engine/Content/Internationalization/icudt64l/lang/ki.res" 1616
"../../../Engine/Content/Internationalization/icudt64l/region/ki.res" 1617
"../../../Engine/Content/Internationalization/icudt64l/lang/kk.res" 1618
"../../../Engine/Content/Internationalization/icudt64l/region/kk.res" 1619
"../../../Engine/Content/Internationalization/icudt64l/lang/kkj.res" 1620
"../../../Engine/Content/Internationalization/icudt64l/region/kkj.res" 1621
"../../../Engine/Content/Internationalization/icudt64l/lang/kl.res" 1622
"../../../Engine/Content/Internationalization/icudt64l/region/kl.res" 1623
"../../../Engine/Content/Internationalization/icudt64l/lang/kln.res" 1624
"../../../Engine/Content/Internationalization/icudt64l/region/kln.res" 1625
"../../../Engine/Content/Internationalization/icudt64l/lang/km.res" 1626
"../../../Engine/Content/Internationalization/icudt64l/region/km.res" 1627
"../../../Engine/Content/Internationalization/icudt64l/lang/kn.res" 1628
"../../../Engine/Content/Internationalization/icudt64l/region/kn.res" 1629
"../../../Engine/Content/Internationalization/icudt64l/region/ko_KP.res" 1630
"../../../Engine/Content/Internationalization/icudt64l/lang/kok.res" 1631
"../../../Engine/Content/Internationalization/icudt64l/region/kok.res" 1632
"../../../Engine/Content/Internationalization/icudt64l/lang/ks.res" 1633
"../../../Engine/Content/Internationalization/icudt64l/region/ks.res" 1634
"../../../Engine/Content/Internationalization/icudt64l/lang/ksb.res" 1635
"../../../Engine/Content/Internationalization/icudt64l/region/ksb.res" 1636
"../../../Engine/Content/Internationalization/icudt64l/lang/ksf.res" 1637
"../../../Engine/Content/Internationalization/icudt64l/region/ksf.res" 1638
"../../../Engine/Content/Internationalization/icudt64l/lang/ksh.res" 1639
"../../../Engine/Content/Internationalization/icudt64l/region/ksh.res" 1640
"../../../Engine/Content/Internationalization/icudt64l/lang/ku.res" 1641
"../../../Engine/Content/Internationalization/icudt64l/region/ku.res" 1642
"../../../Engine/Content/Internationalization/icudt64l/lang/kw.res" 1643
"../../../Engine/Content/Internationalization/icudt64l/region/kw.res" 1644
"../../../Engine/Content/Internationalization/icudt64l/lang/ky.res" 1645
"../../../Engine/Content/Internationalization/icudt64l/region/ky.res" 1646
"../../../Engine/Content/Internationalization/icudt64l/lang/lag.res" 1647
"../../../Engine/Content/Internationalization/icudt64l/region/lag.res" 1648
"../../../Engine/Content/Internationalization/icudt64l/lang/lb.res" 1649
"../../../Engine/Content/Internationalization/icudt64l/region/lb.res" 1650
"../../../Engine/Content/Internationalization/icudt64l/lang/lg.res" 1651
"../../../Engine/Content/Internationalization/icudt64l/region/lg.res" 1652
"../../../Engine/Content/Internationalization/icudt64l/lang/lkt.res" 1653
"../../../Engine/Content/Internationalization/icudt64l/region/lkt.res" 1654
"../../../Engine/Content/Internationalization/icudt64l/lang/ln.res" 1655
"../../../Engine/Content/Internationalization/icudt64l/region/ln.res" 1656
"../../../Engine/Content/Internationalization/icudt64l/lang/lo.res" 1657
"../../../Engine/Content/Internationalization/icudt64l/region/lo.res" 1658
"../../../Engine/Content/Internationalization/icudt64l/lang/lrc.res" 1659
"../../../Engine/Content/Internationalization/icudt64l/region/lrc.res" 1660
"../../../Engine/Content/Internationalization/icudt64l/lang/lt.res" 1661
"../../../Engine/Content/Internationalization/icudt64l/region/lt.res" 1662
"../../../Engine/Content/Internationalization/icudt64l/lang/lu.res" 1663
"../../../Engine/Content/Internationalization/icudt64l/region/lu.res" 1664
"../../../Engine/Content/Internationalization/icudt64l/lang/luo.res" 1665
"../../../Engine/Content/Internationalization/icudt64l/region/luo.res" 1666
"../../../Engine/Content/Internationalization/icudt64l/lang/luy.res" 1667
"../../../Engine/Content/Internationalization/icudt64l/region/luy.res" 1668
"../../../Engine/Content/Internationalization/icudt64l/lang/lv.res" 1669
"../../../Engine/Content/Internationalization/icudt64l/region/lv.res" 1670
"../../../Engine/Content/Internationalization/icudt64l/lang/mas.res" 1671
"../../../Engine/Content/Internationalization/icudt64l/region/mas.res" 1672
"../../../Engine/Content/Internationalization/icudt64l/lang/mer.res" 1673
"../../../Engine/Content/Internationalization/icudt64l/region/mer.res" 1674
"../../../Engine/Content/Internationalization/icudt64l/lang/mfe.res" 1675
"../../../Engine/Content/Internationalization/icudt64l/region/mfe.res" 1676
"../../../Engine/Content/Internationalization/icudt64l/lang/mg.res" 1677
"../../../Engine/Content/Internationalization/icudt64l/region/mg.res" 1678
"../../../Engine/Content/Internationalization/icudt64l/lang/mgh.res" 1679
"../../../Engine/Content/Internationalization/icudt64l/region/mgh.res" 1680
"../../../Engine/Content/Internationalization/icudt64l/lang/mgo.res" 1681
"../../../Engine/Content/Internationalization/icudt64l/region/mgo.res" 1682
"../../../Engine/Content/Internationalization/icudt64l/lang/mi.res" 1683
"../../../Engine/Content/Internationalization/icudt64l/region/mi.res" 1684
"../../../Engine/Content/Internationalization/icudt64l/lang/mk.res" 1685
"../../../Engine/Content/Internationalization/icudt64l/region/mk.res" 1686
"../../../Engine/Content/Internationalization/icudt64l/lang/ml.res" 1687
"../../../Engine/Content/Internationalization/icudt64l/region/ml.res" 1688
"../../../Engine/Content/Internationalization/icudt64l/lang/mn.res" 1689
"../../../Engine/Content/Internationalization/icudt64l/region/mn.res" 1690
"../../../Engine/Content/Internationalization/icudt64l/lang/mr.res" 1691
"../../../Engine/Content/Internationalization/icudt64l/region/mr.res" 1692
"../../../Engine/Content/Internationalization/icudt64l/lang/ms.res" 1693
"../../../Engine/Content/Internationalization/icudt64l/region/ms.res" 1694
"../../../Engine/Content/Internationalization/icudt64l/lang/mt.res" 1695
"../../../Engine/Content/Internationalization/icudt64l/region/mt.res" 1696
"../../../Engine/Content/Internationalization/icudt64l/lang/mua.res" 1697
"../../../Engine/Content/Internationalization/icudt64l/region/mua.res" 1698
"../../../Engine/Content/Internationalization/icudt64l/lang/my.res" 1699
"../../../Engine/Content/Internationalization/icudt64l/region/my.res" 1700
"../../../Engine/Content/Internationalization/icudt64l/lang/mzn.res" 1701
"../../../Engine/Content/Internationalization/icudt64l/region/mzn.res" 1702
"../../../Engine/Content/Internationalization/icudt64l/lang/naq.res" 1703
"../../../Engine/Content/Internationalization/icudt64l/region/naq.res" 1704
"../../../Engine/Content/Internationalization/icudt64l/lang/nb.res" 1705
"../../../Engine/Content/Internationalization/icudt64l/lang/nb_NO.res" 1706
"../../../Engine/Content/Internationalization/icudt64l/region/nb_NO.res" 1707
"../../../Engine/Content/Internationalization/icudt64l/region/nb.res" 1708
"../../../Engine/Content/Internationalization/icudt64l/lang/nd.res" 1709
"../../../Engine/Content/Internationalization/icudt64l/region/nd.res" 1710
"../../../Engine/Content/Internationalization/icudt64l/lang/nds.res" 1711
"../../../Engine/Content/Internationalization/icudt64l/region/nds.res" 1712
"../../../Engine/Content/Internationalization/icudt64l/lang/ne.res" 1713
"../../../Engine/Content/Internationalization/icudt64l/region/ne.res" 1714
"../../../Engine/Content/Internationalization/icudt64l/lang/nl.res" 1715
"../../../Engine/Content/Internationalization/icudt64l/region/nl.res" 1716
"../../../Engine/Content/Internationalization/icudt64l/lang/nmg.res" 1717
"../../../Engine/Content/Internationalization/icudt64l/region/nmg.res" 1718
"../../../Engine/Content/Internationalization/icudt64l/lang/nn.res" 1719
"../../../Engine/Content/Internationalization/icudt64l/lang/nn_NO.res" 1720
"../../../Engine/Content/Internationalization/icudt64l/region/nn_NO.res" 1721
"../../../Engine/Content/Internationalization/icudt64l/region/nn.res" 1722
"../../../Engine/Content/Internationalization/icudt64l/lang/nnh.res" 1723
"../../../Engine/Content/Internationalization/icudt64l/region/nnh.res" 1724
"../../../Engine/Content/Internationalization/icudt64l/lang/nus.res" 1725
"../../../Engine/Content/Internationalization/icudt64l/region/nus.res" 1726
"../../../Engine/Content/Internationalization/icudt64l/lang/nyn.res" 1727
"../../../Engine/Content/Internationalization/icudt64l/region/nyn.res" 1728
"../../../Engine/Content/Internationalization/icudt64l/lang/om.res" 1729
"../../../Engine/Content/Internationalization/icudt64l/region/om.res" 1730
"../../../Engine/Content/Internationalization/icudt64l/lang/or.res" 1731
"../../../Engine/Content/Internationalization/icudt64l/region/or.res" 1732
"../../../Engine/Content/Internationalization/icudt64l/lang/os.res" 1733
"../../../Engine/Content/Internationalization/icudt64l/region/os.res" 1734
"../../../Engine/Content/Internationalization/icudt64l/lang/pa.res" 1735
"../../../Engine/Content/Internationalization/icudt64l/lang/pa_Arab.res" 1736
"../../../Engine/Content/Internationalization/icudt64l/lang/pa_PK.res" 1737
"../../../Engine/Content/Internationalization/icudt64l/lang/pa_Arab_PK.res" 1738
"../../../Engine/Content/Internationalization/icudt64l/region/pa_PK.res" 1739
"../../../Engine/Content/Internationalization/icudt64l/region/pa_Arab_PK.res" 1740
"../../../Engine/Content/Internationalization/icudt64l/region/pa_Arab.res" 1741
"../../../Engine/Content/Internationalization/icudt64l/lang/pa_Guru.res" 1742
"../../../Engine/Content/Internationalization/icudt64l/lang/pa_IN.res" 1743
"../../../Engine/Content/Internationalization/icudt64l/lang/pa_Guru_IN.res" 1744
"../../../Engine/Content/Internationalization/icudt64l/region/pa_IN.res" 1745
"../../../Engine/Content/Internationalization/icudt64l/region/pa_Guru_IN.res" 1746
"../../../Engine/Content/Internationalization/icudt64l/region/pa_Guru.res" 1747
"../../../Engine/Content/Internationalization/icudt64l/region/pa.res" 1748
"../../../Engine/Content/Internationalization/icudt64l/lang/pl.res" 1749
"../../../Engine/Content/Internationalization/icudt64l/region/pl.res" 1750
"../../../Engine/Content/Internationalization/icudt64l/lang/ps.res" 1751
"../../../Engine/Content/Internationalization/icudt64l/region/ps.res" 1752
"../../../Engine/Content/Internationalization/icudt64l/lang/ps_PK.res" 1753
"../../../Engine/Content/Internationalization/icudt64l/region/ps_PK.res" 1754
"../../../Engine/Content/Internationalization/icudt64l/lang/pt.res" 1755
"../../../Engine/Content/Internationalization/icudt64l/lang/pt_AO.res" 1756
"../../../Engine/Content/Internationalization/icudt64l/lang/pt_PT.res" 1757
"../../../Engine/Content/Internationalization/icudt64l/region/pt_AO.res" 1758
"../../../Engine/Content/Internationalization/icudt64l/region/pt_PT.res" 1759
"../../../Engine/Content/Internationalization/icudt64l/region/pt.res" 1760
"../../../Engine/Content/Internationalization/icudt64l/lang/pt_CH.res" 1761
"../../../Engine/Content/Internationalization/icudt64l/region/pt_CH.res" 1762
"../../../Engine/Content/Internationalization/icudt64l/lang/pt_CV.res" 1763
"../../../Engine/Content/Internationalization/icudt64l/region/pt_CV.res" 1764
"../../../Engine/Content/Internationalization/icudt64l/lang/pt_GQ.res" 1765
"../../../Engine/Content/Internationalization/icudt64l/region/pt_GQ.res" 1766
"../../../Engine/Content/Internationalization/icudt64l/lang/pt_GW.res" 1767
"../../../Engine/Content/Internationalization/icudt64l/region/pt_GW.res" 1768
"../../../Engine/Content/Internationalization/icudt64l/lang/pt_LU.res" 1769
"../../../Engine/Content/Internationalization/icudt64l/region/pt_LU.res" 1770
"../../../Engine/Content/Internationalization/icudt64l/lang/pt_MO.res" 1771
"../../../Engine/Content/Internationalization/icudt64l/region/pt_MO.res" 1772
"../../../Engine/Content/Internationalization/icudt64l/lang/pt_MZ.res" 1773
"../../../Engine/Content/Internationalization/icudt64l/region/pt_MZ.res" 1774
"../../../Engine/Content/Internationalization/icudt64l/lang/pt_ST.res" 1775
"../../../Engine/Content/Internationalization/icudt64l/region/pt_ST.res" 1776
"../../../Engine/Content/Internationalization/icudt64l/lang/pt_TL.res" 1777
"../../../Engine/Content/Internationalization/icudt64l/region/pt_TL.res" 1778
"../../../Engine/Content/Internationalization/icudt64l/lang/qu.res" 1779
"../../../Engine/Content/Internationalization/icudt64l/region/qu.res" 1780
"../../../Engine/Content/Internationalization/icudt64l/lang/rm.res" 1781
"../../../Engine/Content/Internationalization/icudt64l/region/rm.res" 1782
"../../../Engine/Content/Internationalization/icudt64l/lang/rn.res" 1783
"../../../Engine/Content/Internationalization/icudt64l/region/rn.res" 1784
"../../../Engine/Content/Internationalization/icudt64l/lang/ro.res" 1785
"../../../Engine/Content/Internationalization/icudt64l/lang/ro_MD.res" 1786
"../../../Engine/Content/Internationalization/icudt64l/region/ro_MD.res" 1787
"../../../Engine/Content/Internationalization/icudt64l/region/ro.res" 1788
"../../../Engine/Content/Internationalization/icudt64l/lang/rof.res" 1789
"../../../Engine/Content/Internationalization/icudt64l/region/rof.res" 1790
"../../../Engine/Content/Internationalization/icudt64l/lang/ru.res" 1791
"../../../Engine/Content/Internationalization/icudt64l/region/ru.res" 1792
"../../../Engine/Content/Internationalization/icudt64l/region/ru_UA.res" 1793
"../../../Engine/Content/Internationalization/icudt64l/lang/rw.res" 1794
"../../../Engine/Content/Internationalization/icudt64l/region/rw.res" 1795
"../../../Engine/Content/Internationalization/icudt64l/lang/rwk.res" 1796
"../../../Engine/Content/Internationalization/icudt64l/region/rwk.res" 1797
"../../../Engine/Content/Internationalization/icudt64l/lang/sah.res" 1798
"../../../Engine/Content/Internationalization/icudt64l/region/sah.res" 1799
"../../../Engine/Content/Internationalization/icudt64l/lang/saq.res" 1800
"../../../Engine/Content/Internationalization/icudt64l/region/saq.res" 1801
"../../../Engine/Content/Internationalization/icudt64l/lang/sbp.res" 1802
"../../../Engine/Content/Internationalization/icudt64l/region/sbp.res" 1803
"../../../Engine/Content/Internationalization/icudt64l/lang/sd.res" 1804
"../../../Engine/Content/Internationalization/icudt64l/region/sd.res" 1805
"../../../Engine/Content/Internationalization/icudt64l/lang/se.res" 1806
"../../../Engine/Content/Internationalization/icudt64l/lang/se_FI.res" 1807
"../../../Engine/Content/Internationalization/icudt64l/region/se_FI.res" 1808
"../../../Engine/Content/Internationalization/icudt64l/region/se.res" 1809
"../../../Engine/Content/Internationalization/icudt64l/lang/seh.res" 1810
"../../../Engine/Content/Internationalization/icudt64l/region/seh.res" 1811
"../../../Engine/Content/Internationalization/icudt64l/lang/ses.res" 1812
"../../../Engine/Content/Internationalization/icudt64l/region/ses.res" 1813
"../../../Engine/Content/Internationalization/icudt64l/lang/sg.res" 1814
"../../../Engine/Content/Internationalization/icudt64l/region/sg.res" 1815
"../../../Engine/Content/Internationalization/icudt64l/lang/shi.res" 1816
"../../../Engine/Content/Internationalization/icudt64l/lang/shi_Latn.res" 1817
"../../../Engine/Content/Internationalization/icudt64l/lang/shi_MA.res" 1818
"../../../Engine/Content/Internationalization/icudt64l/lang/shi_Tfng_MA.res" 1819
"../../../Engine/Content/Internationalization/icudt64l/lang/shi_Tfng.res" 1820
"../../../Engine/Content/Internationalization/icudt64l/region/shi_MA.res" 1821
"../../../Engine/Content/Internationalization/icudt64l/region/shi_Tfng_MA.res" 1822
"../../../Engine/Content/Internationalization/icudt64l/region/shi_Tfng.res" 1823
"../../../Engine/Content/Internationalization/icudt64l/region/shi.res" 1824
"../../../Engine/Content/Internationalization/icudt64l/region/shi_Latn.res" 1825
"../../../Engine/Content/Internationalization/icudt64l/lang/si.res" 1826
"../../../Engine/Content/Internationalization/icudt64l/region/si.res" 1827
"../../../Engine/Content/Internationalization/icudt64l/lang/sk.res" 1828
"../../../Engine/Content/Internationalization/icudt64l/region/sk.res" 1829
"../../../Engine/Content/Internationalization/icudt64l/lang/sl.res" 1830
"../../../Engine/Content/Internationalization/icudt64l/region/sl.res" 1831
"../../../Engine/Content/Internationalization/icudt64l/lang/smn.res" 1832
"../../../Engine/Content/Internationalization/icudt64l/region/smn.res" 1833
"../../../Engine/Content/Internationalization/icudt64l/lang/sn.res" 1834
"../../../Engine/Content/Internationalization/icudt64l/region/sn.res" 1835
"../../../Engine/Content/Internationalization/icudt64l/lang/so.res" 1836
"../../../Engine/Content/Internationalization/icudt64l/region/so.res" 1837
"../../../Engine/Content/Internationalization/icudt64l/lang/sq.res" 1838
"../../../Engine/Content/Internationalization/icudt64l/region/sq.res" 1839
"../../../Engine/Content/Internationalization/icudt64l/lang/sr.res" 1840
"../../../Engine/Content/Internationalization/icudt64l/lang/sr_Cyrl.res" 1841
"../../../Engine/Content/Internationalization/icudt64l/lang/sr_BA.res" 1842
"../../../Engine/Content/Internationalization/icudt64l/lang/sr_Cyrl_BA.res" 1843
"../../../Engine/Content/Internationalization/icudt64l/region/sr_BA.res" 1844
"../../../Engine/Content/Internationalization/icudt64l/region/sr_Cyrl_BA.res" 1845
"../../../Engine/Content/Internationalization/icudt64l/region/sr_Cyrl.res" 1846
"../../../Engine/Content/Internationalization/icudt64l/region/sr.res" 1847
"../../../Engine/Content/Internationalization/icudt64l/lang/sr_ME.res" 1848
"../../../Engine/Content/Internationalization/icudt64l/lang/sr_Latn_ME.res" 1849
"../../../Engine/Content/Internationalization/icudt64l/lang/sr_Latn.res" 1850
"../../../Engine/Content/Internationalization/icudt64l/region/sr_ME.res" 1851
"../../../Engine/Content/Internationalization/icudt64l/region/sr_Latn_ME.res" 1852
"../../../Engine/Content/Internationalization/icudt64l/region/sr_Latn.res" 1853
"../../../Engine/Content/Internationalization/icudt64l/lang/sr_Cyrl_ME.res" 1854
"../../../Engine/Content/Internationalization/icudt64l/region/sr_Cyrl_ME.res" 1855
"../../../Engine/Content/Internationalization/icudt64l/lang/sr_RS.res" 1856
"../../../Engine/Content/Internationalization/icudt64l/lang/sr_Cyrl_RS.res" 1857
"../../../Engine/Content/Internationalization/icudt64l/region/sr_RS.res" 1858
"../../../Engine/Content/Internationalization/icudt64l/region/sr_Cyrl_RS.res" 1859
"../../../Engine/Content/Internationalization/icudt64l/lang/sr_XK.res" 1860
"../../../Engine/Content/Internationalization/icudt64l/lang/sr_Cyrl_XK.res" 1861
"../../../Engine/Content/Internationalization/icudt64l/region/sr_XK.res" 1862
"../../../Engine/Content/Internationalization/icudt64l/region/sr_Cyrl_XK.res" 1863
"../../../Engine/Content/Internationalization/icudt64l/lang/sr_Latn_BA.res" 1864
"../../../Engine/Content/Internationalization/icudt64l/region/sr_Latn_BA.res" 1865
"../../../Engine/Content/Internationalization/icudt64l/lang/sr_Latn_RS.res" 1866
"../../../Engine/Content/Internationalization/icudt64l/region/sr_Latn_RS.res" 1867
"../../../Engine/Content/Internationalization/icudt64l/lang/sr_Latn_XK.res" 1868
"../../../Engine/Content/Internationalization/icudt64l/region/sr_Latn_XK.res" 1869
"../../../Engine/Content/Internationalization/icudt64l/lang/sv.res" 1870
"../../../Engine/Content/Internationalization/icudt64l/region/sv.res" 1871
"../../../Engine/Content/Internationalization/icudt64l/lang/sv_FI.res" 1872
"../../../Engine/Content/Internationalization/icudt64l/lang/sw.res" 1873
"../../../Engine/Content/Internationalization/icudt64l/lang/sw_CD.res" 1874
"../../../Engine/Content/Internationalization/icudt64l/region/sw_CD.res" 1875
"../../../Engine/Content/Internationalization/icudt64l/region/sw.res" 1876
"../../../Engine/Content/Internationalization/icudt64l/lang/sw_KE.res" 1877
"../../../Engine/Content/Internationalization/icudt64l/region/sw_KE.res" 1878
"../../../Engine/Content/Internationalization/icudt64l/lang/ta.res" 1879
"../../../Engine/Content/Internationalization/icudt64l/region/ta.res" 1880
"../../../Engine/Content/Internationalization/icudt64l/lang/te.res" 1881
"../../../Engine/Content/Internationalization/icudt64l/region/te.res" 1882
"../../../Engine/Content/Internationalization/icudt64l/lang/teo.res" 1883
"../../../Engine/Content/Internationalization/icudt64l/region/teo.res" 1884
"../../../Engine/Content/Internationalization/icudt64l/lang/tg.res" 1885
"../../../Engine/Content/Internationalization/icudt64l/region/tg.res" 1886
"../../../Engine/Content/Internationalization/icudt64l/lang/th.res" 1887
"../../../Engine/Content/Internationalization/icudt64l/lang/th_TH.res" 1888
"../../../Engine/Content/Internationalization/icudt64l/region/th_TH.res" 1889
"../../../Engine/Content/Internationalization/icudt64l/region/th.res" 1890
"../../../Engine/Content/Internationalization/icudt64l/lang/ti.res" 1891
"../../../Engine/Content/Internationalization/icudt64l/region/ti.res" 1892
"../../../Engine/Content/Internationalization/icudt64l/lang/tk.res" 1893
"../../../Engine/Content/Internationalization/icudt64l/region/tk.res" 1894
"../../../Engine/Content/Internationalization/icudt64l/lang/to.res" 1895
"../../../Engine/Content/Internationalization/icudt64l/region/to.res" 1896
"../../../Engine/Content/Internationalization/icudt64l/lang/tr.res" 1897
"../../../Engine/Content/Internationalization/icudt64l/region/tr.res" 1898
"../../../Engine/Content/Internationalization/icudt64l/lang/tt.res" 1899
"../../../Engine/Content/Internationalization/icudt64l/region/tt.res" 1900
"../../../Engine/Content/Internationalization/icudt64l/lang/twq.res" 1901
"../../../Engine/Content/Internationalization/icudt64l/region/twq.res" 1902
"../../../Engine/Content/Internationalization/icudt64l/lang/tzm.res" 1903
"../../../Engine/Content/Internationalization/icudt64l/region/tzm.res" 1904
"../../../Engine/Content/Internationalization/icudt64l/lang/ug.res" 1905
"../../../Engine/Content/Internationalization/icudt64l/region/ug.res" 1906
"../../../Engine/Content/Internationalization/icudt64l/lang/uk.res" 1907
"../../../Engine/Content/Internationalization/icudt64l/region/uk.res" 1908
"../../../Engine/Content/Internationalization/icudt64l/lang/ur.res" 1909
"../../../Engine/Content/Internationalization/icudt64l/lang/ur_IN.res" 1910
"../../../Engine/Content/Internationalization/icudt64l/region/ur_IN.res" 1911
"../../../Engine/Content/Internationalization/icudt64l/region/ur.res" 1912
"../../../Engine/Content/Internationalization/icudt64l/lang/uz.res" 1913
"../../../Engine/Content/Internationalization/icudt64l/lang/uz_Arab.res" 1914
"../../../Engine/Content/Internationalization/icudt64l/lang/uz_AF.res" 1915
"../../../Engine/Content/Internationalization/icudt64l/lang/uz_Arab_AF.res" 1916
"../../../Engine/Content/Internationalization/icudt64l/region/uz_AF.res" 1917
"../../../Engine/Content/Internationalization/icudt64l/region/uz_Arab_AF.res" 1918
"../../../Engine/Content/Internationalization/icudt64l/region/uz_Arab.res" 1919
"../../../Engine/Content/Internationalization/icudt64l/lang/uz_Cyrl.res" 1920
"../../../Engine/Content/Internationalization/icudt64l/lang/uz_UZ.res" 1921
"../../../Engine/Content/Internationalization/icudt64l/lang/uz_Latn_UZ.res" 1922
"../../../Engine/Content/Internationalization/icudt64l/lang/uz_Latn.res" 1923
"../../../Engine/Content/Internationalization/icudt64l/region/uz_UZ.res" 1924
"../../../Engine/Content/Internationalization/icudt64l/region/uz_Latn_UZ.res" 1925
"../../../Engine/Content/Internationalization/icudt64l/region/uz_Latn.res" 1926
"../../../Engine/Content/Internationalization/icudt64l/region/uz.res" 1927
"../../../Engine/Content/Internationalization/icudt64l/region/uz_Cyrl.res" 1928
"../../../Engine/Content/Internationalization/icudt64l/lang/vai.res" 1929
"../../../Engine/Content/Internationalization/icudt64l/lang/vai_Latn.res" 1930
"../../../Engine/Content/Internationalization/icudt64l/lang/vai_LR.res" 1931
"../../../Engine/Content/Internationalization/icudt64l/lang/vai_Vaii_LR.res" 1932
"../../../Engine/Content/Internationalization/icudt64l/lang/vai_Vaii.res" 1933
"../../../Engine/Content/Internationalization/icudt64l/region/vai_LR.res" 1934
"../../../Engine/Content/Internationalization/icudt64l/region/vai_Vaii_LR.res" 1935
"../../../Engine/Content/Internationalization/icudt64l/region/vai_Vaii.res" 1936
"../../../Engine/Content/Internationalization/icudt64l/region/vai.res" 1937
"../../../Engine/Content/Internationalization/icudt64l/region/vai_Latn.res" 1938
"../../../Engine/Content/Internationalization/icudt64l/lang/vi.res" 1939
"../../../Engine/Content/Internationalization/icudt64l/region/vi.res" 1940
"../../../Engine/Content/Internationalization/icudt64l/lang/vun.res" 1941
"../../../Engine/Content/Internationalization/icudt64l/region/vun.res" 1942
"../../../Engine/Content/Internationalization/icudt64l/lang/wae.res" 1943
"../../../Engine/Content/Internationalization/icudt64l/region/wae.res" 1944
"../../../Engine/Content/Internationalization/icudt64l/lang/wo.res" 1945
"../../../Engine/Content/Internationalization/icudt64l/region/wo.res" 1946
"../../../Engine/Content/Internationalization/icudt64l/lang/xh.res" 1947
"../../../Engine/Content/Internationalization/icudt64l/region/xh.res" 1948
"../../../Engine/Content/Internationalization/icudt64l/lang/xog.res" 1949
"../../../Engine/Content/Internationalization/icudt64l/region/xog.res" 1950
"../../../Engine/Content/Internationalization/icudt64l/lang/yav.res" 1951
"../../../Engine/Content/Internationalization/icudt64l/region/yav.res" 1952
"../../../Engine/Content/Internationalization/icudt64l/lang/yi.res" 1953
"../../../Engine/Content/Internationalization/icudt64l/region/yi.res" 1954
"../../../Engine/Content/Internationalization/icudt64l/lang/yo.res" 1955
"../../../Engine/Content/Internationalization/icudt64l/lang/yo_BJ.res" 1956
"../../../Engine/Content/Internationalization/icudt64l/region/yo_BJ.res" 1957
"../../../Engine/Content/Internationalization/icudt64l/region/yo.res" 1958
"../../../Engine/Content/Internationalization/icudt64l/lang/yue.res" 1959
"../../../Engine/Content/Internationalization/icudt64l/lang/yue_Hans.res" 1960
"../../../Engine/Content/Internationalization/icudt64l/lang/yue_CN.res" 1961
"../../../Engine/Content/Internationalization/icudt64l/lang/yue_Hans_CN.res" 1962
"../../../Engine/Content/Internationalization/icudt64l/region/yue_CN.res" 1963
"../../../Engine/Content/Internationalization/icudt64l/region/yue_Hans_CN.res" 1964
"../../../Engine/Content/Internationalization/icudt64l/region/yue_Hans.res" 1965
"../../../Engine/Content/Internationalization/icudt64l/lang/yue_Hant.res" 1966
"../../../Engine/Content/Internationalization/icudt64l/lang/yue_HK.res" 1967
"../../../Engine/Content/Internationalization/icudt64l/lang/yue_Hant_HK.res" 1968
"../../../Engine/Content/Internationalization/icudt64l/region/yue_HK.res" 1969
"../../../Engine/Content/Internationalization/icudt64l/region/yue_Hant_HK.res" 1970
"../../../Engine/Content/Internationalization/icudt64l/region/yue_Hant.res" 1971
"../../../Engine/Content/Internationalization/icudt64l/region/yue.res" 1972
"../../../Engine/Content/Internationalization/icudt64l/lang/zgh.res" 1973
"../../../Engine/Content/Internationalization/icudt64l/region/zgh.res" 1974
"../../../Engine/Content/Internationalization/icudt64l/lang/zh.res" 1975
"../../../Engine/Content/Internationalization/icudt64l/lang/zh_Hans.res" 1976
"../../../Engine/Content/Internationalization/icudt64l/lang/zh_CN.res" 1977
"../../../Engine/Content/Internationalization/icudt64l/lang/zh_Hans_CN.res" 1978
"../../../Engine/Content/Internationalization/icudt64l/region/zh_CN.res" 1979
"../../../Engine/Content/Internationalization/icudt64l/region/zh_Hans_CN.res" 1980
"../../../Engine/Content/Internationalization/icudt64l/region/zh_Hans.res" 1981
"../../../Engine/Content/Internationalization/icudt64l/region/zh.res" 1982
"../../../Engine/Content/Internationalization/icudt64l/lang/zh_HK.res" 1983
"../../../Engine/Content/Internationalization/icudt64l/lang/zh_Hant_HK.res" 1984
"../../../Engine/Content/Internationalization/icudt64l/lang/zh_Hant.res" 1985
"../../../Engine/Content/Internationalization/icudt64l/region/zh_HK.res" 1986
"../../../Engine/Content/Internationalization/icudt64l/region/zh_Hant_HK.res" 1987
"../../../Engine/Content/Internationalization/icudt64l/region/zh_Hant.res" 1988
"../../../Engine/Content/Internationalization/icudt64l/lang/zh_MO.res" 1989
"../../../Engine/Content/Internationalization/icudt64l/lang/zh_Hant_MO.res" 1990
"../../../Engine/Content/Internationalization/icudt64l/region/zh_MO.res" 1991
"../../../Engine/Content/Internationalization/icudt64l/region/zh_Hant_MO.res" 1992
"../../../Engine/Content/Internationalization/icudt64l/lang/zh_SG.res" 1993
"../../../Engine/Content/Internationalization/icudt64l/lang/zh_Hans_SG.res" 1994
"../../../Engine/Content/Internationalization/icudt64l/region/zh_SG.res" 1995
"../../../Engine/Content/Internationalization/icudt64l/region/zh_Hans_SG.res" 1996
"../../../Engine/Content/Internationalization/icudt64l/lang/zh_TW.res" 1997
"../../../Engine/Content/Internationalization/icudt64l/lang/zh_Hant_TW.res" 1998
"../../../Engine/Content/Internationalization/icudt64l/region/zh_TW.res" 1999
"../../../Engine/Content/Internationalization/icudt64l/region/zh_Hant_TW.res" 2000
"../../../Engine/Content/Internationalization/icudt64l/lang/zu.res" 2001
"../../../Engine/Content/Internationalization/icudt64l/region/zu.res" 2002
"../../../Engine/Content/Internationalization/icudt64l/lang/no.res" 2003
"../../../Engine/Content/Internationalization/icudt64l/lang/tl.res" 2004
"../../../Engine/Config/Android/DataDrivenPlatformInfo.ini" 2005
"../../../Engine/Config/IOS/DataDrivenPlatformInfo.ini" 2006
"../../../Engine/Config/Linux/DataDrivenPlatformInfo.ini" 2007
"../../../Engine/Config/Mac/DataDrivenPlatformInfo.ini" 2008
"../../../Engine/Config/TVOS/DataDrivenPlatformInfo.ini" 2009
"../../../Engine/Config/Unix/DataDrivenPlatformInfo.ini" 2010
"../../../Engine/Config/VulkanPC/DataDrivenPlatformInfo.ini" 2011
"../../../Engine/Config/Windows/DataDrivenPlatformInfo.ini" 2012
"../../../Engine/Platforms/VisionOS/Config/DataDrivenPlatformInfo.ini" 2013
"../../../Engine/Content/Renderer/TessellationTable.bin" 2014
"../../../Engine/DerivedDataCache/Compressed.ddp" 2015
"C:/Users/user1/AppData/Local/UnrealEngine/5.7/Saved/Zen/zen.version" 2016
"C:/Users/user1/AppData/Local/UnrealEngine/Common/Zen/Install/zen.version" 2017
"C:/Users/user1/AppData/Local/UnrealEngine/Common/Zen/Install/zenserver.runcontext" 2018
"C:/Users/user1/AppData/Local/UnrealEngine/Common/DerivedDataCache/TestData/0/TestData_4kb.dat" 2019
"C:/Users/user1/AppData/Local/UnrealEngine/Common/DerivedDataCache/TestData/1/TestData_4kb.dat" 2020
"C:/Users/user1/AppData/Local/UnrealEngine/Common/DerivedDataCache/TestData/0/TestData_8kb.dat" 2021
"C:/Users/user1/AppData/Local/UnrealEngine/Common/DerivedDataCache/TestData/1/TestData_8kb.dat" 2022
"C:/Users/user1/AppData/Local/UnrealEngine/Common/DerivedDataCache/TestData/0/TestData_16kb.dat" 2023
"C:/Users/user1/AppData/Local/UnrealEngine/Common/DerivedDataCache/TestData/1/TestData_16kb.dat" 2024
"C:/Users/user1/AppData/Local/UnrealEngine/Common/DerivedDataCache/TestData/0/TestData_64kb.dat" 2025
"C:/Users/user1/AppData/Local/UnrealEngine/Common/DerivedDataCache/TestData/1/TestData_64kb.dat" 2026
"C:/Users/user1/AppData/Local/UnrealEngine/Common/DerivedDataCache/TestData/0/TestData_128kb.dat" 2027
"C:/Users/user1/AppData/Local/UnrealEngine/Common/DerivedDataCache/TestData/1/TestData_128kb.dat" 2028
"C:/Users/user1/AppData/Local/UnrealEngine/Common/DerivedDataCache/TestData/0/TestData_256kb.dat" 2029
"C:/Users/user1/AppData/Local/UnrealEngine/Common/DerivedDataCache/TestData/1/TestData_256kb.dat" 2030
"C:/Users/user1/AppData/Roaming/Unreal Engine/UnrealBuildTool/BuildConfiguration.xml" 2031
"../../../../../../Users/user1/Documents/Unreal Projects/Casino_Simulator_KCU/Intermediate/ShaderAutogen/PCD3D_SM6/AutogenShaderHeaders.ush" 2032
"../../../Engine/Shaders/Private/HairStrands/HairStrandsVertexFactory.ush" 2033
"../../../Engine/Shaders/Private/VertexFactoryCommon.ush" 2034
"../../../Engine/Shaders/Private/Common.ush" 2035
"../../../Engine/Shaders/Public/Platform.ush" 2036
"../../../Engine/Shaders/Public/FP16Math.ush" 2037
"../../../Engine/Shaders/Public/Platform/D3D/D3DCommon.ush" 2038
"../../../Engine/Shaders/Shared/HLSLReservedSpaces.h" 2039
"../../../Engine/Shaders/Public/BindlessResources.ush" 2040
"../../../Engine/Shaders/Public/Platform/D3D/PlatformBindlessResources.ush" 2041
"../../../Engine/Shaders/Shared/RayTracingBuiltInResources.h" 2042
"../../../Engine/Shaders/Shared/RayTracingDefinitions.h" 2043
"../../../Engine/Shaders/Shared/MaterialCacheDefinitions.h" 2044
"../../../Engine/Shaders/Shared/HLSLTypeAliases.h" 2045
"../../../Engine/Shaders/Public/IndirectVirtualTexture.ush" 2046
"../../../Engine/Shaders/Shared/IndirectVirtualTextureDefinitions.h" 2047
"../../../Engine/Shaders/Public/OverloadMacros.ush" 2048
"../../../Engine/Shaders/Public/ShaderVersion.ush" 2049
"../../../Engine/Shaders/Shared/ThirdParty/NVIDIA/nvHLSLExtns.h" 2050
"../../../Engine/Shaders/Shared/ThirdParty/NVIDIA/nvHLSLExtnsInternal.h" 2051
"../../../Engine/Shaders/Shared/ThirdParty/NVIDIA/nvShaderExtnEnums.h" 2052
"../../../Engine/Shaders/Private/PackUnpack.ush" 2053
"../../../Engine/Shaders/Private/GeneratedUniformBufferTypes.ush" 2054
"../../../Engine/Shaders/Private/Nanite/NanitePackedNaniteView.ush" 2055
"../../../Engine/Shaders/Private/HairStrands/HairStrandsVisibilityCommonStruct.ush" 2056
"../../../Engine/Shaders/Private/HairStrands/HairStrandsVoxelPageCommonStruct.ush" 2057
"../../../Engine/Shaders/Private/HairStrands/HairStrandsDeepShadowCommonStruct.ush" 2058
"../../../Engine/Shaders/Shared/LightSceneData.h" 2059
"../../../Engine/Shaders/Private/LargeWorldCoordinates.ush" 2060
"../../../Engine/Shaders/Private/DoubleFloat.ush" 2061
"../../../Engine/Shaders/Private/RandomPCG.ush" 2062
"../../../Engine/Shaders/Private/DoubleFloatOperations.ush" 2063
"../../../Engine/Shaders/Private/DoubleFloatVectorDefinition.ush" 2064
"../../../Engine/Shaders/Private/LWCOperations.ush" 2065
"../../../Engine/Shaders/Shared/LightViewData.h" 2066
"../../../Engine/Shaders/Shared/RayTracingTypes.h" 2067
"../../../Engine/Shaders/Shared/HLSLStaticAssert.h" 2068
"../../../Engine/Shaders/Private/CommonViewUniformBuffer.ush" 2069
"../../../Engine/Shaders/Private/InstancedStereo.ush" 2070
"../../../Engine/Shaders/Private/Definitions.usf" 2071
"../../../Engine/Shaders/Private/AssertionMacros.ush" 2072
"../../../Engine/Shaders/Private/FastMath.ush" 2073
"../../../Engine/Shaders/Private/FastMathThirdParty.ush" 2074
"../../../Engine/Shaders/Private/Random.ush" 2075
"../../../Engine/Shaders/Private/RandomInterleavedGradientNoise.ush" 2076
"../../../Engine/Shaders/Private/SceneData.ush" 2077
"../../../Engine/Shaders/Private/OctahedralCommon.ush" 2078
"../../../Engine/Shaders/Private/WaveOpUtil.ush" 2079
"../../../Engine/Shaders/Private/ByteBuffer.ush" 2080
"../../../Engine/Shaders/Shared/SceneDefinitions.h" 2081
"../../../Engine/Shaders/Private/SceneDataMobileLoader.ush" 2082
"../../../Engine/Shaders/Private/LocalVertexFactoryCommon.ush" 2083
"../../../Engine/Shaders/Private/HairStrands/HairStrandsVisibilityCommon.ush" 2084
"../../../Engine/Shaders/Shared/HairStrandsDefinitions.h" 2085
"../../../Engine/Shaders/Private/HairStrands/HairStrandsVertexFactoryCommon.ush" 2086
"../../../Engine/Shaders/Private/HairStrands/HairStrandsPack.ush" 2087
"../../../Engine/Shaders/Private/HairStrands/HairStrandsAttributeCommon.ush" 2088
"../../../Engine/Shaders/Private/HairStrands/HairStrandsAttributeTemplate.ush" 2089
"../../../Engine/Shaders/Private/VertexFactoryDefaultInterface.ush" 2090
"../../../Engine/Shaders/Private/HairStrands/HairCardsVertexFactory.ush" 2091
"../../../Engine/Shaders/Private/HairStrands/HairCardsAttributeCommon.ush" 2092
"../../../Engine/Shaders/Private/RayTracing/RayTracingCommon.ush" 2093
"../../../Engine/Shaders/Private/ShadingCommon.ush" 2094
"../../../Engine/Shaders/Shared/RayTracingPayloadType.h" 2095
"../../../Engine/Shaders/Private/RayTracing/RayTracingRayCone.ush" 2096
"../../../Engine/Shaders/Private/Substrate/Substrate.ush" 2097
"../../../Engine/Shaders/Private/ShadingEnergyConservation.ush" 2098
"../../../Engine/Shaders/Private/ShadingEnergyConservationTemplate.ush" 2099
"../../../Engine/Shaders/Private/BRDF.ush" 2100
"../../../Engine/Shaders/Private/ColorSpace.ush" 2101
"../../../Engine/Shaders/Private/DeferredShadingCommon.ush" 2102
"../../../Engine/Shaders/Private/LightAccumulator.ush" 2103
"../../../Engine/Shaders/Private/SceneTexturesCommon.ush" 2104
"../../../Engine/Shaders/Private/MonteCarlo.ush" 2105
"../../../Engine/Shaders/Private/GBufferHelpers.ush" 2106
"../../../Engine/Shaders/Private/SceneTextureParameters.ush" 2107
"C:/Users/user1/Documents/Unreal Projects/Casino_Simulator_KCU/Intermediate/ShaderAutogen/PCD3D_SM6/AutogenShaderHeaders.ush" 2108
"../../../Engine/Shaders/Private/ParticipatingMediaCommon.ush" 2109
"../../../Engine/Shaders/Private/ThinFilmBSDF.ush" 2110
"../../../Engine/Shaders/Private/MortonCode.ush" 2111
"../../../Engine/Shaders/Private/SubsurfaceProfileCommon.ush" 2112
"../../../Engine/Shaders/Private/BurleyNormalizedSSSCommon.ush" 2113
"../../../Engine/Shaders/Private/GammaCorrectionCommon.ush" 2114
"../../../Engine/Shaders/Shared/SubstrateDefinitions.h" 2115
"../../../Engine/Shaders/Private/Substrate/SubstrateStatisticalOperators.ush" 2116
"../../../Engine/Shaders/Private/Substrate/SubstrateSubsurface.ush" 2117
"../../../Engine/Shaders/Private/TransmissionCommon.ush" 2118
"../../../Engine/Shaders/Private/Substrate/SubstrateExportCommon.ush" 2119
"../../../Engine/Shaders/Private/SpecularProfileCommon.ush" 2120
"../../../Engine/Shaders/Private/RayTracing/RayTracingCommonMetal.ush" 2121
"../../../Engine/Shaders/Private/PositionReconstructionCommon.ush" 2122
"../../../Engine/Shaders/Private/RayTracing/TraceRayInline.ush" 2123
"../../../Engine/Shaders/Private/RayTracing/TraceRayInlineCommon.ush" 2124
"../../../Engine/Shaders/Private/RayTracing/TraceRayInlineVulkan.ush" 2125
"../../../Engine/Shaders/Private/RayTracing/TraceRayInlineMetal.ush" 2126
"../../../Engine/Shaders/Private/RayTracing/RayTracingHitGroupCommon.ush" 2127
"../../../Engine/Shaders/Private/Nanite/NaniteRayTrace.ush" 2128
"../../../Engine/Shaders/Private/Nanite/NaniteDataDecode.ush" 2129
"../../../Engine/Shaders/Private/BitPacking.ush" 2130
"../../../Engine/Shaders/Private/BitStreamReaderImplementation.ush" 2131
"../../../Engine/Shaders/Private/BoneTransform.ush" 2132
"../../../Engine/Shaders/Private/Quaternion.ush" 2133
"../../../Engine/Shaders/Private/Skinning/SkinningDataDecode.ush" 2134
"../../../Engine/Shaders/Private/GpuSkinCommon.ush" 2135
"../../../Engine/Shaders/Shared/SkinningDefinitions.h" 2136
"../../../Engine/Shaders/Shared/NaniteDefinitions.h" 2137
"../../../Engine/Shaders/Private/Nanite/NaniteAttributeDecode.ush" 2138
"../../../Engine/Shaders/Private/Barycentrics.ush" 2139
"../../../Engine/Shaders/Private/DualNumber.ush" 2140
"../../../Engine/Shaders/Shared/ThirdParty/RayTriangleIntersection.h" 2141
"../../../Engine/Shaders/Private/Nanite/NaniteVertexFetch.ush" 2142
"../../../Engine/Shaders/Private/ViewData.ush" 2143
"../../../Engine/Shaders/Shared/ViewDefinitions.h" 2144
"../../../Engine/Shaders/Private/Nanite/NaniteSceneCommon.ush" 2145
"../../../Engine/Shaders/Private/RayTracing/TraceRayInlineD3D12.ush" 2146
"../../../Engine/Plugins/FX/Niagara/Shaders/Private/NiagaraSpriteVertexFactory.ush" 2147
"../../../Engine/Shaders/Private/ParticleVertexFactoryCommon.ush" 2148
"../../../Engine/Plugins/FX/Niagara/Shaders/Private/NiagaraVFCommon.usf" 2149
"../../../Engine/Plugins/FX/Niagara/Shaders/Private/NiagaraVFParticleAccess.usf" 2150
"../../../Engine/Plugins/FX/Niagara/Shaders/Private/NiagaraParticleAccess.ush" 2151
"../../../Engine/Plugins/FX/Niagara/Shaders/Private/NiagaraRibbonVertexFactory.ush" 2152
"../../../Engine/Plugins/FX/Niagara/Shaders/Private/NiagaraMeshVertexFactory.ush" 2153
"../../../Engine/Plugins/FX/Niagara/Shaders/Private/NiagaraCommon.ush" 2154
"../../../Engine/Plugins/FX/Niagara/Shaders/Private/NiagaraMeshParticleUtils.ush" 2155
"../../../Engine/Shaders/Private/VectorFieldVisualizationVertexFactory.ush" 2156
"../../../Engine/Shaders/Private/Nanite/NaniteVertexFactory.ush" 2157
"../../../Engine/Shaders/Private/LightmapData.ush" 2158
"../../../Engine/Shaders/Private/SplineMeshCommon.ush" 2159
"../../../Engine/Shaders/Shared/SplineMeshShaderParams.h" 2160
"../../../Engine/Shaders/Private/ShaderPrint.ush" 2161
"../../../Engine/Shaders/Private/ShaderPrintCommon.ush" 2162
"../../../Engine/Shaders/Private/MiniFontCommon.ush" 2163
"../../../Engine/Shaders/Private/SGGX.ush" 2164
"../../../Engine/Shaders/Private/MaterialCache/MaterialCacheCommon.ush" 2165
"../../../Engine/Shaders/Private/Nanite/NaniteVertexDeformation.ush" 2166
"../../../Engine/Shaders/Private/Matrices.ush" 2167
"../../../Engine/Shaders/Private/ParticleSpriteVertexFactory.ush" 2168
"../../../Engine/Shaders/Private/ParticleGPUSpriteVertexFactory.ush" 2169
"../../../Engine/Shaders/Private/ParticleSimulationCommon.ush" 2170
"../../../Engine/Shaders/Private/ParticleBeamTrailVertexFactory.ush" 2171
"../../../Engine/Shaders/Private/MeshParticleVertexFactory.ush" 2172
"../../../Engine/Shaders/Private/LocalVertexFactory.ush" 2173
"../../../Engine/Shaders/Private/GpuSkinVertexFactory.ush" 2174
"../../../Engine/Shaders/Private/GeometryCollectionVertexFactory.ush" 2175
"../../../Engine/Shaders/Private/GeometryCacheVertexFactory.ush" 2176
"../../../Engine/Shaders/Private/LandscapeVertexFactory.ush" 2177
"../../../Engine/Plugins/Media/WmfMedia/Shaders/Private/MediaHardwareVideoDecoding.usf" 2178
"../../../Engine/Shaders/Private/ColorUtils.ush" 2179
"../../../Engine/Plugins/Media/ImgMedia/Shaders/Private/ExrSwizzler.usf" 2180
"../../../Engine/Plugins/Experimental/NFORDenoise/Shaders/NFORDenoise.usf" 2181
"../../../Engine/Shaders/Private/ScreenPass.ush" 2182
"../../../Engine/Plugins/Experimental/NFORDenoise/Shaders/NFORRegressionCommon.ush" 2183
"../../../Engine/Plugins/Experimental/NFORDenoise/Shaders/NFORRegression.ush" 2184
"../../../Engine/Plugins/Enterprise/GLTFExporter/Shaders/Private/SimpleTexture2DPS.usf" 2185
"../../../Engine/Shaders/Private/SimpleElementNormalMapPixelShader.usf" 2186
"../../../Engine/Plugins/Runtime/HairStrands/Shaders/Private/NiagaraCopyVelocityGrid.usf" 2187
"../../../Engine/Plugins/Runtime/HairStrands/Shaders/Private/NiagaraClearVelocityGrid.usf" 2188
"../../../Engine/Plugins/Runtime/HairStrands/Shaders/Private/NiagaraClearPressureGrid.usf" 2189
"../../../Engine/Plugins/Runtime/HairStrands/Shaders/Private/NiagaraInterpolateGroomGuides.usf" 2190
"../../../Engine/Plugins/Runtime/HairStrands/Shaders/Private/NiagaraGroomInterpolationUtils.ush" 2191
"../../../Engine/Plugins/FX/Niagara/Shaders/Private/NiagaraQuaternionUtils.ush" 2192
"../../../Engine/Shaders/Private/HairStrands/HairStrandsMesh.usf" 2193
"../../../Engine/Shaders/Private/HairStrands/HairStrandsBindingCommon.ush" 2194
"../../../Engine/Shaders/Private/HairStrands/HairStrandsFollicleMask.usf" 2195
"../../../Engine/Shaders/Private/HairStrands/HairStrandsSkinUpdate.usf" 2196
"../../../Engine/Shaders/Private/HairStrands/HairStrandsClusterCulling.usf" 2197
"../../../Engine/Shaders/Private/ColorMap.ush" 2198
"../../../Engine/Shaders/Private/HairStrands/HairStrandsAABBCommon.ush" 2199
"../../../Engine/Shaders/Private/HairStrands/HairStrandsClusterCommon.ush" 2200
"../../../Engine/Shaders/Private/ThreadGroupPrefixSum.ush" 2201
"../../../Engine/Shaders/Private/HairStrands/HairStrandsRaytracingGeometry.usf" 2202
"../../../Engine/Shaders/Private/HairStrands/HairStrandsTangent.usf" 2203
"../../../Engine/Shaders/Private/HairStrands/HairCardsDeformation.usf" 2204
"../../../Engine/Shaders/Private/HairStrands/HairStrandsInterpolation.usf" 2205
"../../../Engine/Shaders/Private/HairStrands/HairStrandsGuideDeform.usf" 2206
"../../../Engine/Shaders/Private/HairStrands/HairStrandsTexturesGeneration.usf" 2207
"../../../Engine/Shaders/Private/HairStrands/HairCardsTextureCommon.ush" 2208
"../../../Engine/Shaders/Private/HairStrands/HairStrandsTranscode.usf" 2209
"../../../Engine/Shaders/Private/HairStrands/HairStrandsDebug.usf" 2210
"../../../Engine/Shaders/Private/HairShadingCommon.ush" 2211
"../../../Engine/Shaders/Private/PostProcessCommon.ush" 2212
"../../../Engine/Shaders/Private/ShadingModels.ush" 2213
"../../../Engine/Shaders/Private/CapsuleLight.ush" 2214
"../../../Engine/Shaders/Private/RectLight.ush" 2215
"../../../Engine/Shaders/Private/LightData.ush" 2216
"../../../Engine/Shaders/Shared/LightDefinitions.h" 2217
"../../../Engine/Shaders/Private/AreaLightCommon.ush" 2218
"../../../Engine/Shaders/Private/HairBsdf.ush" 2219
"../../../Engine/Shaders/Private/PathTracing/Utilities/PathTracingRandomSequence.ush" 2220
"../../../Engine/Shaders/Private/MobileGGX.ush" 2221
"../../../Engine/Shaders/Private/HairStrands/HairStrandsCommon.ush" 2222
"../../../Engine/Shaders/Private/HairStrands/HairStrandsEnvironmentLightingCommon.ush" 2223
"../../../Engine/Shaders/Private/HairStrands/HairStrandsDeepTransmittanceCommon.ush" 2224
"../../../Engine/Shaders/Private/HairStrands/HairStrandsDeepTransmittanceDualScattering.ush" 2225
"../../../Engine/Shaders/Private/HairStrands/HairStrandsDeepShadowCommon.ush" 2226
"../../../Engine/Shaders/Private/HairStrands/HairStrandsDebugCommonStruct.ush" 2227
"../../../Engine/Plugins/FX/Niagara/Shaders/Private/NiagaraVertexFactoryExport.usf" 2228
"../../../Engine/Shaders/Private/ComputeShaderUtils.ush" 2229
"../../../Engine/Shaders/Private/MaterialTemplate.ush" 2230
"../../../Engine/Shaders/Private/WorldSpaceMath.ush" 2231
"../../../Engine/Shaders/Private/EyeAdaptationCommon.ush" 2232
"../../../Engine/Shaders/Private/SobolRandom.ush" 2233
"../../../Engine/Shaders/Private/DepthOfFieldCommon.ush" 2234
"../../../Engine/Shaders/Private/CircleDOFCommon.ush" 2235
"../../../Engine/Shaders/Private/DistanceField/GlobalDistanceFieldShared.ush" 2236
"../../../Engine/Shaders/Private/PhysicsFieldSampler.ush" 2237
"../../../Engine/Shaders/Private/PhysicsFieldShared.ush" 2238
"../../../Engine/Shaders/Private/SparseVolumeTexture/SparseVolumeTextureCommon.ush" 2239
"../../../Engine/Shaders/Shared/EnvironmentComponentsFlags.h" 2240
"../../../Engine/Shaders/Private/MeshPaintTextureCommon.ush" 2241
"../../../Engine/Shaders/Private/VirtualTextureMaterial.ush" 2242
"../../../Engine/Shaders/Private/MaterialCache/MaterialCacheMaterialCommon.ush" 2243
"../../../Engine/Shaders/Private/Quantization.ush" 2244
"../../../Engine/Shaders/Private/SpeedTreeCommon.ush" 2245
"../../../Engine/Shaders/Private/VirtualTextureCommon.ush" 2246
"../../../Engine/Shaders/Public/IndirectVirtualTextureCommon.ush" 2247
"../../../Engine/Shaders/Private/MaterialTexture.ush" 2248
"../../../Engine/Shaders/Private/MinMaterialTexCoords.ush" 2249
"../../../Engine/Shaders/Private/SkyAtmosphereCommon.ush" 2250
"../../../Engine/Shaders/Private/SingleLayerWaterCommon.ush" 2251
"../../../Engine/Shaders/Private/TextureSampling.ush" 2252
"../../../Engine/Shaders/Private/PaniniProjection.ush" 2253
"../../../Engine/Shaders/Private/DBufferNormalReprojection.ush" 2254
"../../../Engine/Shaders/Public/SubstratePublic.ush" 2255
"../../../Engine/Shaders/Private/Substrate/SubstrateRead.ush" 2256
"../../../Engine/Shaders/Private/Substrate/SubstrateTree.ush" 2257
"../../../Engine/Shaders/Private/Substrate/SubstrateEvaluation.ush" 2258
"../../../Engine/Shaders/Private/Substrate/Glint/GlintThirdParty.ush" 2259
"../../../Engine/Shaders/Private/BlueNoise.ush" 2260
"../../../Engine/Shaders/Private/SHCommon.ush" 2261
"../../../Engine/Shaders/Private/ShadingModelsSampling.ush" 2262
"../../../Engine/Shaders/Private/HairStrands/HairBsdfSample.ush" 2263
"../../../Engine/Shaders/Private/Substrate/SubstrateLegacyConversion.ush" 2264
"../../../Engine/Shaders/Private/DBufferDecalShared.ush" 2265
"../../../Engine/Plugins/FX/Niagara/Shaders/Private/NiagaraSortKeyGen.usf" 2266
"../../../Engine/Plugins/FX/Niagara/Shaders/Private/NiagaraGPURayTracingTransforms.usf" 2267
"../../../Engine/Plugins/FX/Niagara/Shaders/Private/NiagaraDrawIndirectArgsGen.usf" 2268
"../../../Engine/Plugins/FX/Niagara/Shaders/Private/NiagaraDispatchIndirectArgsGen.usf" 2269
"../../../Engine/Plugins/FX/Niagara/Shaders/Private/Stateless/NiagaraStatelessSimulationDefault.usf" 2270
"../../../Engine/Plugins/FX/Niagara/Shaders/Private/Stateless/NiagaraStatelessCommon.ush" 2271
"../../../Engine/Plugins/FX/Niagara/Shaders/Shared/NiagaraStatelessDefinitions.h" 2272
"../../../Engine/Plugins/FX/Niagara/Shaders/Shared/NiagaraStatelessBuiltDistribution.h" 2273
"../../../Engine/Plugins/FX/Niagara/Shaders/Private/Stateless/NiagaraStatelessDistribution.ush" 2274
"../../../Engine/Plugins/FX/Niagara/Shaders/Private/Stateless/Template/GenerateCS_PreModules.ush" 2275
"../../../Engine/Plugins/FX/Niagara/Shaders/Private/Stateless/Modules/NiagaraStatelessModule_CalculateAccurateVelocity.ush" 2276
"../../../Engine/Plugins/FX/Niagara/Shaders/Private/Stateless/Modules/NiagaraStatelessModule_CameraOffset.ush" 2277
"../../../Engine/Plugins/FX/Niagara/Shaders/Private/Stateless/Modules/NiagaraStatelessModule_DynamicMaterialParameters.ush" 2278
"../../../Engine/Plugins/FX/Niagara/Shaders/Private/Stateless/Modules/NiagaraStatelessModule_InitializeParticle.ush" 2279
"../../../Engine/Plugins/FX/Niagara/Shaders/Private/Stateless/Modules/NiagaraStatelessModule_InitialMeshOrientation.ush" 2280
"../../../Engine/Plugins/FX/Niagara/Shaders/Private/Stateless/Modules/NiagaraStatelessModule_MeshIndex.ush" 2281
"../../../Engine/Plugins/FX/Niagara/Shaders/Private/Stateless/Modules/NiagaraStatelessModule_MeshRotationRate.ush" 2282
"../../../Engine/Plugins/FX/Niagara/Shaders/Private/Stateless/Modules/NiagaraStatelessModule_RotateAroundPoint.ush" 2283
"../../../Engine/Plugins/FX/Niagara/Shaders/Private/Stateless/Modules/NiagaraStatelessModule_ShapeLocation.ush" 2284
"../../../Engine/Plugins/FX/Niagara/Shaders/Private/Stateless/Modules/NiagaraStatelessModule_ScaleColor.ush" 2285
"../../../Engine/Plugins/FX/Niagara/Shaders/Private/Stateless/Modules/NiagaraStatelessModule_ScaleRibbonWidth.ush" 2286
"../../../Engine/Plugins/FX/Niagara/Shaders/Private/Stateless/Modules/NiagaraStatelessModule_ScaleSpriteSize.ush" 2287
"../../../Engine/Plugins/FX/Niagara/Shaders/Private/Stateless/Modules/NiagaraStatelessModule_ScaleSpriteSizeBySpeed.ush" 2288
"../../../Engine/Plugins/FX/Niagara/Shaders/Private/Stateless/Modules/NiagaraStatelessModule_ScaleMeshSize.ush" 2289
"../../../Engine/Plugins/FX/Niagara/Shaders/Private/Stateless/Modules/NiagaraStatelessModule_ScaleMeshSizebySpeed.ush" 2290
"../../../Engine/Plugins/FX/Niagara/Shaders/Private/Stateless/Modules/NiagaraStatelessModule_SolveVelocitiesAndForces.ush" 2291
"../../../Engine/Plugins/FX/Niagara/Shaders/Private/Stateless/Modules/NiagaraStatelessModule_SpriteFacingAndAlignment.ush" 2292
"../../../Engine/Plugins/FX/Niagara/Shaders/Private/Stateless/Modules/NiagaraStatelessModule_SpriteRotationRate.ush" 2293
"../../../Engine/Plugins/FX/Niagara/Shaders/Private/Stateless/Modules/NiagaraStatelessModule_SubUVAnimation.ush" 2294
"../../../Engine/Plugins/FX/Niagara/Shaders/Private/Stateless/Template/GenerateCS_PostModules.ush" 2295
"../../../Engine/Plugins/FX/Niagara/Shaders/Private/NiagaraBlendSVTsToDenseBuffer.usf" 2296
"../../../Engine/Plugins/FX/Niagara/Shaders/Private/NiagaraSVTToDenseBuffer.usf" 2297
"../../../Engine/Plugins/FX/Niagara/Shaders/Private/NiagaraFillIntBuffer.usf" 2298
"../../../Engine/Plugins/FX/Niagara/Shaders/Private/NiagaraComputeFreeIDs.usf" 2299
"../../../Engine/Plugins/FX/Niagara/Shaders/Private/NiagaraInitFreeIDBuffer.usf" 2300
"../../../Engine/Plugins/FX/Niagara/Shaders/Private/NiagaraEmitterInstanceShader.usf" 2301
"../../../Engine/Plugins/FX/Niagara/Shaders/Private/NiagaraShaderVersion.ush" 2302
"../../../Engine/Plugins/FX/Niagara/Shaders/Private/NiagaraPhysicsCommon.ush" 2303
"../../../Engine/Plugins/FX/Niagara/Shaders/Private/Ribbons/NiagaraRibbonAggregationApply.usf" 2304
"../../../Engine/Plugins/FX/Niagara/Shaders/Private/Ribbons/NiagaraRibbonCommon.ush" 2305
"../../../Engine/Plugins/FX/Niagara/Shaders/Shared/NiagaraRibbonShared.h" 2306
"../../../Engine/Plugins/FX/Niagara/Shaders/Private/Ribbons/NiagaraRibbonAggregationStep.usf" 2307
"../../../Engine/Plugins/FX/Niagara/Shaders/Private/Ribbons/NiagaraRibbonGenerateIndices.usf" 2308
"../../../Engine/Plugins/FX/Niagara/Shaders/Private/Ribbons/NiagaraRibbonInitializeIndices.usf" 2309
"../../../Engine/Plugins/FX/Niagara/Shaders/Private/Ribbons/NiagaraRibbonRibbonUVParamCalculation.usf" 2310
"../../../Engine/Plugins/FX/Niagara/Shaders/Private/Ribbons/NiagaraRibbonVertexReductionFinalization.usf" 2311
"../../../Engine/Plugins/FX/Niagara/Shaders/Private/Ribbons/NiagaraRibbonVertexReductionInitialization.usf" 2312
"../../../Engine/Plugins/FX/Niagara/Shaders/Private/Ribbons/NiagaraRibbonSortParticles.usf" 2313
"../../../Engine/Plugins/FX/Niagara/Shaders/Private/NiagaraLWCHelper.usf" 2314
"../../../Engine/Plugins/FX/Niagara/Shaders/Private/NiagaraUpdateMeshGPUSceneInstances.usf" 2315
"../../../Engine/Shaders/Private/GPUScene/GPUSceneWriter.ush" 2316
"../../../Engine/Plugins/FX/Niagara/Shaders/Private/NiagaraGenerateMips.usf" 2317
"../../../Engine/Plugins/FX/Niagara/Shaders/Private/NiagaraDebugDraw.usf" 2318
"../../../Engine/Plugins/FX/Niagara/Shaders/Private/NiagaraDebugDraw.ush" 2319
"../../../Engine/Plugins/FX/Niagara/Shaders/Private/NiagaraVisualizeTexture.usf" 2320
"../../../Engine/Plugins/FX/Niagara/Shaders/Private/NiagaraClearCounts.usf" 2321
"../../../Engine/Plugins/FX/Niagara/Shaders/Private/NiagaraBatchedElements.usf" 2322
"../../../Engine/Plugins/FX/Niagara/Shaders/Private/NiagaraRayTracingShaders.usf" 2323
"../../../Engine/Plugins/FX/Niagara/Shaders/Private/NiagaraAsyncGpuTraceCommon.ush" 2324
"../../../Engine/Shaders/Private/HashTable.ush" 2325
"../../../Engine/Shaders/Private/Hash.ush" 2326
"../../../Engine/Shaders/Private/RayTracing/VFXTraceRay.ush" 2327
"../../../Engine/Plugins/FX/Niagara/Shaders/Private/NiagaraRayMarchingShaders.usf" 2328
"../../../Engine/Plugins/FX/Niagara/Shaders/Private/NiagaraRayTraceCollisionGroupShaders.usf" 2329
"../../../Engine/Plugins/FX/Niagara/Shaders/Private/NiagaraAsyncGpuTraceUtils.usf" 2330
"../../../Engine/Plugins/Compositing/CompositeCore/Shaders/Private/CompositeCoreMerge.usf" 2331
"../../../Engine/Shaders/Private/LensDistortion.ush" 2332
"../../../Engine/Plugins/Compositing/CompositeCore/Shaders/Private/CompositeCoreBlending.ush" 2333
"../../../Engine/Plugins/Compositing/CompositeCore/Shaders/Private/CompositeCoreDisplayTransform.usf" 2334
"../../../Engine/Plugins/Compositing/CompositeCore/Shaders/Private/CompositeCoreDilate.usf" 2335
"../../../Engine/Plugins/Runtime/ComputeFramework/Shaders/Private/ComputeKernel.usf" 2336
"../../../Engine/Plugins/Runtime/ComputeFramework/Shaders/Private/ComputeKernelCommon.ush" 2337
"../../../Engine/Plugins/NNE/NNEDenoiser/Shaders/NNEDenoiserShadersTransferFunctionOidn.usf" 2338
"../../../Engine/Plugins/NNE/NNEDenoiser/Shaders/NNEDenoiserShadersMappedCopy.usf" 2339
"../../../Engine/Plugins/NNE/NNEDenoiser/Shaders/NNEDenoiserShadersDefaultIOProcess.usf" 2340
"../../../Engine/Plugins/NNE/NNEDenoiser/Shaders/NNEDenoiserShadersAutoExposureReduceFinal.usf" 2341
"../../../Engine/Plugins/NNE/NNEDenoiser/Shaders/NNEDenoiserShadersAutoExposureReduce.usf" 2342
"../../../Engine/Plugins/NNE/NNEDenoiser/Shaders/NNEDenoiserShadersAutoExposureDownsample.usf" 2343
"../../../Engine/Shaders/Private/VirtualTextureAdapter.usf" 2344
"../../../Engine/Shaders/Private/BlockCompressionCommon.ush" 2345
"../../../Engine/Shaders/Private/BCCompressionCommon.ush" 2346
"../../../Engine/Shaders/Private/TranslucentLightingShaders.usf" 2347
"../../../Engine/Shaders/Private/TranslucencyVolumeInjectionCommon.ush" 2348
"../../../Engine/Shaders/Private/CubemapCommon.ush" 2349
"../../../Engine/Shaders/Private/VectorFieldCompositeShaders.usf" 2350
"../../../Engine/Shaders/Private/UpdateTextureShaders.usf" 2351
"../../../Engine/Shaders/Private/StereoLayerShader.usf" 2352
"../../../Engine/Shaders/Private/SparseVolumeTexture/UpdateSparseVolumeTexture.usf" 2353
"../../../Engine/Shaders/Private/MorphTargets.usf" 2354
"../../../Engine/Shaders/Private/SimpleElementColorChannelMaskPixelShader.usf" 2355
"../../../Engine/Shaders/Private/SimpleElementHitProxyPixelShader.usf" 2356
"../../../Engine/Shaders/Private/SimpleElementPixelShader.usf" 2357
"../../../Engine/Shaders/Private/IESLightProfilesCommon.ush" 2358
"../../../Engine/Shaders/Private/SimpleElementVertexShader.usf" 2359
"../../../Engine/Shaders/Private/ScreenPixelShaderOES.usf" 2360
"../../../Engine/Shaders/Private/ScreenVertexShader.usf" 2361
"../../../Engine/Shaders/Private/ScreenPixelShader.usf" 2362
"../../../Engine/Shaders/Private/SSProfilePreIntegratedMobile.usf" 2363
"../../../Engine/Shaders/Private/SpecularProfile.usf" 2364
"../../../Engine/Shaders/Private/Nanite/NaniteStreaming.usf" 2365
"../../../Engine/Shaders/Private/Nanite/NaniteStreaming.ush" 2366
"../../../Engine/Shaders/Private/VolumetricLightmapStreaming.usf" 2367
"../../../Engine/Shaders/Private/PhysicsFieldReset.usf" 2368
"../../../Engine/Shaders/Private/PhysicsFieldBuilder.usf" 2369
"../../../Engine/Shaders/Private/PhysicsFieldEval.ush" 2370
"../../../Engine/Shaders/Private/ParticleSortKeyGen.usf" 2371
"../../../Engine/Shaders/Private/ParticleBoundsShader.usf" 2372
"../../../Engine/Shaders/Private/ParticleSimVisualizeShader.usf" 2373
"../../../Engine/Shaders/Private/ParticleInjectionShader.usf" 2374
"../../../Engine/Shaders/Private/ParticleSimulationShader.usf" 2375
"../../../Engine/Shaders/Private/ParticleCurveInjectionShader.usf" 2376
"../../../Engine/Shaders/Private/Nanite/NaniteTranscode.usf" 2377
"../../../Engine/Shaders/Private/Nanite/NaniteScatterUpdates.usf" 2378
"../../../Engine/Shaders/Private/CopyUIntBuffer.usf" 2379
"../../../Engine/Shaders/Private/RadixSortShaders.usf" 2380
"../../../Engine/Shaders/Private/RecomputeTangentsPerVertexPass.usf" 2381
"../../../Engine/Shaders/Private/RecomputeTangentsCommon.ush" 2382
"../../../Engine/Shaders/Private/RecomputeTangentsPerTrianglePass.usf" 2383
"../../../Engine/Shaders/Private/DynamicMeshBounds.usf" 2384
"../../../Engine/Shaders/Private/GpuSkinCacheComputeShader.usf" 2385
"../../../Engine/Shaders/Private/DynamicMeshBounds.ush" 2386
"../../../Engine/Shaders/Private/HeightFieldAtlasManagement.usf" 2387
"../../../Engine/Shaders/Private/Landscape/LandscapeEditLayersUtils.usf" 2388
"../../../Engine/Shaders/Private/Landscape/LandscapeCommon.ush" 2389
"../../../Engine/Shaders/Private/Landscape/LandscapeEditLayersWeightmaps.usf" 2390
"../../../Engine/Shaders/Private/Landscape/LandscapeEditLayersHeightmaps.usf" 2391
"../../../Engine/Shaders/Private/LandscapeLayersPS.usf" 2392
"../../../Engine/Shaders/Private/LandscapePhysicalMaterial.usf" 2393
"../../../Engine/Shaders/Private/LandscapeGrassWeight.usf" 2394
"../../../Engine/Shaders/Private/Landscape/LandscapeCulling.usf" 2395
"../../../Engine/Shaders/Private/Nanite/NaniteHZBCull.ush" 2396
"../../../Engine/Shaders/Private/HZB.ush" 2397
"../../../Engine/Shaders/Private/Landscape/LandscapeMergeTexturesPS.usf" 2398
"../../../Engine/Shaders/Private/WideCustomResolveShaders.usf" 2399
"../../../Engine/Shaders/Private/WideCustomResolve_Wide.ush" 2400
"../../../Engine/Shaders/Private/WideCustomResolve_Wider.ush" 2401
"../../../Engine/Shaders/Private/WideCustomResolve_Widest.ush" 2402
"../../../Engine/Shaders/Private/WaterInfoTextureBlur.usf" 2403
"../../../Engine/Shaders/Private/WaterInfoTextureMerge.usf" 2404
"../../../Engine/Shaders/Private/PageTableUpdate.usf" 2405
"../../../Engine/Shaders/Private/VirtualTextureCompress.usf" 2406
"../../../Engine/Shaders/Private/ASTCCompressionCommon.ush" 2407
"../../../Engine/Shaders/Private/IntegerSequenceEncoding.ush" 2408
"../../../Engine/Shaders/Private/ETCCompressionCommon.ush" 2409
"../../../Engine/Shaders/Private/VirtualTextureMaterial.usf" 2410
"../../../Engine/Shaders/Private/PixelShaderOutputCommon.ush" 2411
"../../../Engine/Shaders/Private/ShaderOutputCommon.ush" 2412
"../../../Engine/Shaders/Private/VolumetricRenderTarget.usf" 2413
"../../../Engine/Shaders/Private/HeightFogCommon.ush" 2414
"../../../Engine/Shaders/Private/LocalFogVolumes/LocalFogVolumeCommon.ush" 2415
"../../../Engine/Shaders/Private/ReflectionEnvironmentShared.ush" 2416
"../../../Engine/Shaders/Private/VolumetricFogVoxelization.usf" 2417
"../../../Engine/Shaders/Private/VolumetricCloudMaterialPixelCommon.ush" 2418
"../../../Engine/Shaders/Private/VolumetricFogLightFunction.usf" 2419
"../../../Engine/Shaders/Private/LightFunctionCommon.ush" 2420
"../../../Engine/Shaders/Private/VolumetricFog.usf" 2421
"../../../Engine/Shaders/Private/DeferredLightingCommon.ush" 2422
"../../../Engine/Shaders/Private/DynamicLightingCommon.ush" 2423
"../../../Engine/Shaders/Private/CapsuleLightIntegrate.ush" 2424
"../../../Engine/Shaders/Private/CapsuleLightSampling.ush" 2425
"../../../Engine/Shaders/Private/RectLightIntegrate.ush" 2426
"../../../Engine/Shaders/Private/ScreenSpaceShadowRayCast.ush" 2427
"../../../Engine/Shaders/Private/LightFunctionAtlas/LightFunctionAtlasCommon.usf" 2428
"../../../Engine/Shaders/Private/LightGridCommon.ush" 2429
"../../../Engine/Shaders/Private/DistanceFieldAOShared.ush" 2430
"../../../Engine/Shaders/Private/IntersectionUtils.ush" 2431
"../../../Engine/Shaders/Private/VolumeLightingCommon.ush" 2432
"../../../Engine/Shaders/Private/ShadowProjectionCommon.ush" 2433
"../../../Engine/Shaders/Private/ShadowFilteringCommon.ush" 2434
"../../../Engine/Shaders/Private/PixelQuadMessagePassing.ush" 2435
"../../../Engine/Shaders/Private/VolumeLightingCommonSampling.ush" 2436
"../../../Engine/Shaders/Private/VolumetricLightmapShared.ush" 2437
"../../../Engine/Shaders/Private/ForwardShadowingCommon.ush" 2438
"../../../Engine/Shaders/Private/LightDataUniforms.ush" 2439
"../../../Engine/Shaders/Private/Lumen/LumenTranslucencyVolumeShared.ush" 2440
"../../../Engine/Shaders/Private/Lumen/LumenRadianceCacheInterpolation.ush" 2441
"../../../Engine/Shaders/Private/VirtualShadowMaps/VirtualShadowMapProjectionCommon.ush" 2442
"../../../Engine/Shaders/Private/VirtualShadowMaps/VirtualShadowMapPageAccessCommon.ush" 2443
"../../../Engine/Shaders/Shared/VirtualShadowMapDefinitions.h" 2444
"../../../Engine/Shaders/Shared/HLSLMathAliases.h" 2445
"../../../Engine/Shaders/Private/VirtualShadowMaps/VirtualShadowMapHandle.ush" 2446
"../../../Engine/Shaders/Private/VirtualShadowMaps/VirtualShadowMapProjectionStructs.ush" 2447
"../../../Engine/Shaders/Private/DiaphragmDOF/DOFCommon.ush" 2448
"../../../Engine/Shaders/Private/VolumetricCloudCommon.ush" 2449
"../../../Engine/Shaders/Private/VolumetricCloud.usf" 2450
"../../../Engine/Shaders/Private/VisualizeVolumetricLightmap.usf" 2451
"../../../Engine/Shaders/Private/VirtualShadowMaps/VirtualShadowMapProjectionComposite.usf" 2452
"../../../Engine/Shaders/Private/LightShaderParameters.ush" 2453
"../../../Engine/Shaders/Private/VirtualShadowMaps/VirtualShadowMapMaskBitsCommon.ush" 2454
"../../../Engine/Shaders/Private/VirtualShadowMaps/VirtualShadowMapLightGrid.ush" 2455
"../../../Engine/Shaders/Private/VirtualShadowMaps/VirtualShadowMapProjection.usf" 2456
"../../../Engine/Shaders/Private/Visualization.ush" 2457
"../../../Engine/Shaders/Private/VirtualShadowMaps/VirtualShadowMapProjectionFilter.ush" 2458
"../../../Engine/Shaders/Private/VirtualShadowMaps/VirtualShadowMapProjectionDirectional.ush" 2459
"../../../Engine/Shaders/Private/VirtualShadowMaps/VirtualShadowMapSMRTCommon.ush" 2460
"../../../Engine/Shaders/Private/VirtualShadowMaps/VirtualShadowMapSMRTTemplate.ush" 2461
"../../../Engine/Shaders/Private/VirtualShadowMaps/VirtualShadowMapProjectionSpot.ush" 2462
"../../../Engine/Shaders/Private/VirtualShadowMaps/VirtualShadowMapTransmissionCommon.ush" 2463
"../../../Engine/Shaders/Private/VirtualShadowMaps/VirtualShadowMapScreenRayTrace.ush" 2464
"../../../Engine/Shaders/Private/VirtualShadowMaps/VirtualShadowMapStats.ush" 2465
"../../../Engine/Shaders/Private/HairStrands/HairStrandsVoxelPageCommon.ush" 2466
"../../../Engine/Shaders/Private/HairStrands/HairStrandsVoxelPageTraversal.ush" 2467
"../../../Engine/Shaders/Private/VirtualShadowMaps/VirtualShadowMapCacheGPUInvalidation.usf" 2468
"../../../Engine/Shaders/Private/VirtualShadowMaps/VirtualShadowMapPageCacheCommon.ush" 2469
"../../../Engine/Shaders/Private/VirtualShadowMaps/VirtualShadowMapCacheInvalidation.ush" 2470
"../../../Engine/Shaders/Private/VirtualShadowMaps/VirtualShadowMapPageOverlap.ush" 2471
"../../../Engine/Shaders/Private/ScreenSpaceDenoise/SSDDefinitions.ush" 2472
"../../../Engine/Shaders/Private/InstanceCulling/InstanceCullingLoadBalancer.ush" 2473
"../../../Engine/Shaders/Private/VirtualShadowMaps/VirtualShadowMapCacheLoadBalancer.usf" 2474
"../../../Engine/Shaders/Private/VirtualShadowMaps/VirtualShadowMapCopyStats.usf" 2475
"../../../Engine/Shaders/Private/VirtualShadowMaps/VirtualShadowMapShadowCasterBounds.usf" 2476
"../../../Engine/Shaders/Private/VirtualShadowMaps/VirtualShadowMapVisualize.ush" 2477
"../../../Engine/Shaders/Private/VirtualShadowMaps/VirtualShadowMapShadowCasterColor.usf" 2478
"../../../Engine/Shaders/Private/VirtualShadowMaps/VirtualShadowMapDebug.usf" 2479
"../../../Engine/Shaders/Private/VirtualShadowMaps/Desaturate.usf" 2480
"../../../Engine/Shaders/Private/VirtualShadowMaps/VirtualShadowMapPhysicalPageManagement.usf" 2481
"../../../Engine/Shaders/Private/ReductionCommon.ush" 2482
"../../../Engine/Shaders/Private/GPUMessaging.ush" 2483
"../../../Engine/Shaders/Private/VirtualShadowMaps/VirtualShadowMapPerPageDispatch.ush" 2484
"../../../Engine/Shaders/Private/VirtualShadowMaps/VirtualShadowMapComputeExplicitChunkDrawsViewMask.usf" 2485
"../../../Engine/Shaders/Shared/SceneCullingDefinitions.h" 2486
"../../../Engine/Shaders/Private/VirtualShadowMaps/VirtualShadowMapCompactViews.usf" 2487
"../../../Engine/Shaders/Private/VirtualShadowMaps/VirtualShadowMapBuildPerPageDrawCommands.usf" 2488
"../../../Engine/Shaders/Private/Nanite/NaniteCullingCommon.ush" 2489
"../../../Engine/Shaders/Private/Nanite/NaniteCulling.ush" 2490
"../../../Engine/Shaders/Private/Nanite/NaniteHierarchyTraversalCommon.ush" 2491
"../../../Engine/Shaders/Private/InstanceCulling/InstanceCullingCommon.ush" 2492
"../../../Engine/Shaders/Shared/InstanceCullingDefinitions.h" 2493
"../../../Engine/Shaders/Private/VirtualShadowMaps/VirtualShadowMapPrintStats.usf" 2494
"../../../Engine/Shaders/Private/VirtualShadowMaps/VirtualShadowMapPageManagement.usf" 2495
"../../../Engine/Shaders/Private/VirtualShadowMaps/VirtualShadowMapPageMarking.usf" 2496
"../../../Engine/Shaders/Private/VirtualShadowMaps/VirtualShadowMapPageMarking.ush" 2497
"../../../Engine/Shaders/Shared/SingleLayerWaterDefinitions.h" 2498
"../../../Engine/Shaders/Private/HairStrands/HairStrandsTileCommon.ush" 2499
"../../../Engine/Shaders/Private/Froxel/Froxel.ush" 2500
"../../../Engine/Shaders/Shared/FroxelDefinitions.h" 2501
"../../../Engine/Shaders/Private/VirtualShadowMaps/VirtualShadowMapThrottle.usf" 2502
"../../../Engine/Shaders/Private/VelocityUpdate.usf" 2503
"../../../Engine/Shaders/Private/VelocityCommon.ush" 2504
"../../../Engine/Shaders/Private/VelocityShader.usf" 2505
"../../../Engine/Shaders/Private/VariableRateShading/VRSShadingRatePreview.usf" 2506
"../../../Engine/Shaders/Private/VariableRateShading/VRSShadingRateCommon.ush" 2507
"../../../Engine/Shaders/Private/VariableRateShading/VRSShadingRateCombine.usf" 2508
"../../../Engine/Shaders/Private/VariableRateShading/VRSShadingRateFoveated.usf" 2509
"../../../Engine/Shaders/Private/VariableRateShading/VRSShadingRateReproject.usf" 2510
"../../../Engine/Shaders/Private/VariableRateShading/VRSShadingRateCalculate.usf" 2511
"../../../Engine/Shaders/Private/TranslucencyUpsampling.usf" 2512
"../../../Engine/Shaders/Private/ComposeSeparateTranslucency.usf" 2513
"../../../Engine/Shaders/Private/SeparateTranslucency.ush" 2514
"../../../Engine/Shaders/Private/TranslucencyVolumeVisualize.usf" 2515
"../../../Engine/Shaders/Private/TranslucencyVolumeCommon.ush" 2516
"../../../Engine/Shaders/Private/TranslucentLightInjectionShaders.usf" 2517
"../../../Engine/Shaders/Private/HeterogeneousVolumes/HeterogeneousVolumesAdaptiveVolumetricShadowMapSampling.ush" 2518
"../../../Engine/Shaders/Private/HeterogeneousVolumes/HeterogeneousVolumesAdaptiveVolumetricShadowMapUtils.ush" 2519
"../../../Engine/Shaders/Private/HeterogeneousVolumes/HeterogeneousVolumesBeerShadowMapUtils.ush" 2520
"../../../Engine/Shaders/Private/TranslucentShadowDepthShaders.usf" 2521
"../../../Engine/Shaders/Private/ShadowDepthCommon.ush" 2522
"../../../Engine/Shaders/Private/RayTracing/RayTracingTest.usf" 2523
"../../../Engine/Shaders/Private/PostprocessSubsurfaceTile.usf" 2524
"../../../Engine/Shaders/Private/PostProcessSubsurfaceCommon.ush" 2525
"../../../Engine/Shaders/Private/Substrate/SubstrateVisualize.usf" 2526
"../../../Engine/Shaders/Private/Substrate/SubstrateTile.ush" 2527
"../../../Engine/Shaders/Shared/SubstrateVisualizeDefinitions.h" 2528
"../../../Engine/Shaders/Private/Substrate/SubstrateVisualizeCommon.ush" 2529
"../../../Engine/Shaders/Private/SkyLightingDiffuseShared.ush" 2530
"../../../Engine/Shaders/Private/SkyLightingShared.ush" 2531
"../../../Engine/Shaders/Private/ClearCoatCommon.ush" 2532
"../../../Engine/Shaders/Private/ReflectionEnvironmentComposite.ush" 2533
"../../../Engine/Shaders/Private/Substrate/SubstrateLightingCommon.ush" 2534
"../../../Engine/Shaders/Private/Substrate/SubstrateRoughRefraction.usf" 2535
"../../../Engine/Shaders/Private/PathTracing/Material/PathTracingFresnel.ush" 2536
"../../../Engine/Shaders/Private/PathTracing/Material/PathTracingGlossy.ush" 2537
"../../../Engine/Shaders/Private/Substrate/SubstrateMaterialSampling.usf" 2538
"../../../Engine/Shaders/Private/Substrate/SubstrateMaterialSampling.ush" 2539
"../../../Engine/Shaders/Private/Lumen/LumenPosition.ush" 2540
"../../../Engine/Shaders/Private/Substrate/SubstrateTile.usf" 2541
"../../../Engine/Shaders/Private/Substrate/SubstrateMaterialClassification.usf" 2542
"../../../Engine/Shaders/Private/Substrate/SubstrateDBuffer.usf" 2543
"../../../Engine/Shaders/Private/StochasticLighting/StochasticLightingTileClassification.usf" 2544
"../../../Engine/Shaders/Private/Lumen/LumenMaterial.ush" 2545
"../../../Engine/Shaders/Private/HairStrands/HairStrandsVisibilityUtils.ush" 2546
"../../../Engine/Shaders/Private/Lumen/LumenReflectionCommon.ush" 2547
"../../../Engine/Shaders/Private/Lumen/LumenReflectionsCombine.ush" 2548
"../../../Engine/Shaders/Private/Lumen/LumenScreenProbeTileClassication.ush" 2549
"../../../Engine/Shaders/Private/MegaLights/MegaLightsTileClassification.ush" 2550
"../../../Engine/Shaders/Private/StochasticLighting/StochasticLightingUpsample.ush" 2551
"../../../Engine/Shaders/Private/StochasticLighting/StochasticLightingCommon.ush" 2552
"../../../Engine/Shaders/Private/SplineMeshSceneTexture.usf" 2553
"../../../Engine/Shaders/Private/SparseVolumeTexture/VisualizeSparseVolumeTexture.usf" 2554
"../../../Engine/Shaders/Private/SkyAtmosphere.usf" 2555
"../../../Engine/Shaders/Private/Nanite/NaniteSkinningUpdateViewData.usf" 2556
"../../../Engine/Shaders/Private/SceneCulling/SceneCulling.ush" 2557
"../../../Engine/Shaders/Private/Skinning/TransformProviders.usf" 2558
"../../../Engine/Shaders/Private/Skinning/SkinnedMeshDebug.usf" 2559
"../../../Engine/Shaders/Private/Skinning/AnimBankEval.usf" 2560
"../../../Engine/Shaders/Private/SingleLayerWaterComposite.usf" 2561
"../../../Engine/Shaders/Private/Froxel/FroxelBuild.ush" 2562
"../../../Engine/Shaders/Private/SingleLayerWaterRefractionCulling.usf" 2563
"../../../Engine/Shaders/Private/ScreenSpaceShadows.usf" 2564
"../../../Engine/Shaders/Private/bend_sss_gpu.ush" 2565
"../../../Engine/Shaders/Private/ShadowFactorsUpsampleCommon.ush" 2566
"../../../Engine/Shaders/Private/FirstPersonSelfShadow.usf" 2567
"../../../Engine/Shaders/Private/HZBTracing.ush" 2568
"../../../Engine/Shaders/Private/LateZDummyPS.usf" 2569
"../../../Engine/Shaders/Private/ShadowProjectionVertexShader.usf" 2570
"../../../Engine/Shaders/Private/ShadowProjectionPixelShader.usf" 2571
"../../../Engine/Shaders/Private/MobileLightingCommon.ush" 2572
"../../../Engine/Shaders/Private/PlanarReflectionShared.ush" 2573
"../../../Engine/Shaders/Private/MobileSSR.ush" 2574
"../../../Engine/Shaders/Private/SSRT/SSRTRayCast.ush" 2575
"../../../Engine/Shaders/Private/ShadowPercentageCloserFiltering.ush" 2576
"../../../Engine/Shaders/Private/TransmissionThickness.ush" 2577
"../../../Engine/Shaders/Private/CopyShadowMaps.usf" 2578
"../../../Engine/Shaders/Private/ShadowDepthPixelShader.usf" 2579
"../../../Engine/Shaders/Private/ShadowDepthVertexShader.usf" 2580
"../../../Engine/Shaders/Private/ShadingEnergyConservationTable.usf" 2581
"../../../Engine/Shaders/Shared/PathTracingDefinitions.h" 2582
"../../../Engine/Shaders/Private/ShadingFurnaceTest.usf" 2583
"../../../Engine/Shaders/Private/Substrate/SubstrateDeferredLighting.ush" 2584
"../../../Engine/Shaders/Private/ShaderPrintDraw.usf" 2585
"../../../Engine/Shaders/Private/ShaderPrintDrawPrimitive.usf" 2586
"../../../Engine/Shaders/Private/DefaultSSRTiles.usf" 2587
"../../../Engine/Shaders/Private/ScreenSpaceReflectionTileCommons.ush" 2588
"../../../Engine/Shaders/Private/SSRT/SSRTDiffuseIndirect.usf" 2589
"../../../Engine/Shaders/Private/SSRT/SSRTTileClassificationBuffer.ush" 2590
"../../../Engine/Shaders/Private/SSRT/SSRTReflections.usf" 2591
"../../../Engine/Shaders/Private/ScreenSpaceDenoise/SSDPublic.ush" 2592
"../../../Engine/Shaders/Private/SSRT/SSRTTileClassification.usf" 2593
"../../../Engine/Shaders/Private/SSRT/SSRTPrevFrameReduction.usf" 2594
"../../../Engine/Shaders/Private/ScreenSpaceDenoise/SSDComposeHarmonics.usf" 2595
"../../../Engine/Shaders/Private/ScreenSpaceDenoise/SSDPublicHarmonics.ush" 2596
"../../../Engine/Shaders/Private/ScreenSpaceDenoise/SSDSignalFramework.ush" 2597
"../../../Engine/Shaders/Private/ScreenSpaceDenoise/SSDCommon.ush" 2598
"../../../Engine/Shaders/Private/SphericalGaussian.ush" 2599
"../../../Engine/Shaders/Public/WaveBroadcastIntrinsics.ush" 2600
"../../../Engine/Shaders/Private/ScreenSpaceDenoise/SSDMetadata.ush" 2601
"../../../Engine/Shaders/Private/ScreenSpaceDenoise/SSDSignalCore.ush" 2602
"../../../Engine/Shaders/Private/ScreenSpaceDenoise/DenoisingCommon.ush" 2603
"../../../Engine/Shaders/Private/ScreenSpaceDenoise/SSDSignalArray.ush" 2604
"../../../Engine/Shaders/Private/ScreenSpaceDenoise/SSDSignalBufferEncoding.ush" 2605
"../../../Engine/Shaders/Private/ScreenSpaceDenoise/SSDPublicBufferEncoding.ush" 2606
"../../../Engine/Shaders/Private/Lumen/LumenBufferEncoding.ush" 2607
"../../../Engine/Shaders/Private/ScreenSpaceDenoise/SSDTemporalAccumulation.usf" 2608
"../../../Engine/Shaders/Private/ScreenSpaceDenoise/SSDSpatialKernel.ush" 2609
"../../../Engine/Shaders/Private/ScreenSpaceDenoise/SSDSignalAccumulatorArray.ush" 2610
"../../../Engine/Shaders/Private/ScreenSpaceDenoise/SSDSignalAccumulator.ush" 2611
"../../../Engine/Shaders/Private/ScreenSpaceDenoise/SSDSignalCompression.ush" 2612
"../../../Engine/Shaders/Private/ScreenSpaceDenoise/SSDSpatialAccumulation.usf" 2613
"../../../Engine/Shaders/Private/ScreenSpaceDenoise/SSDInjest.usf" 2614
"../../../Engine/Shaders/Private/ScreenSpaceDenoise/SSDCompressMetadata.usf" 2615
"../../../Engine/Shaders/Private/DownsampleDepthPixelShader.usf" 2616
"../../../Engine/Shaders/Private/ScreenPass.usf" 2617
"../../../Engine/Shaders/Private/HZB.usf" 2618
"../../../Engine/Shaders/Private/OcclusionFeedbackShaders.usf" 2619
"../../../Engine/Shaders/Private/HZBOcclusion.usf" 2620
"../../../Engine/Shaders/Private/OcclusionQueryPixelShader.usf" 2621
"../../../Engine/Shaders/Private/OcclusionQueryVertexShader.usf" 2622
"../../../Engine/Shaders/Private/HitProxyCopy.usf" 2623
"../../../Engine/Shaders/Private/HitProxyPixelShader.usf" 2624
"../../../Engine/Shaders/Private/HitProxyVertexShader.usf" 2625
"../../../Engine/Shaders/Private/SceneCulling/SceneCullingDebugRender.usf" 2626
"../../../Engine/Shaders/Private/SceneCulling/SceneCullingBuildExplicitBounds.usf" 2627
"../../../Engine/Shaders/Private/SceneCapturePixelShader.usf" 2628
"../../../Engine/Shaders/Private/RendererUtils.usf" 2629
"../../../Engine/Shaders/Private/RTWriteMaskDecode.usf" 2630
"../../../Engine/Shaders/Private/ReflectionEnvironmentShaders.usf" 2631
"../../../Engine/Shaders/Private/RectLightAtlas.usf" 2632
"../../../Engine/Shaders/Private/RayTracing/TraceRayInlineStatistics.usf" 2633
"../../../Engine/Shaders/Private/RayTracing/CompositeSkyLightPS.usf" 2634
"../../../Engine/Shaders/Private/RayTracing/GenerateSkyLightVisibilityRaysCS.usf" 2635
"../../../Engine/Shaders/Private/RayTracing/RayTracingSkyLightCommon.ush" 2636
"../../../Engine/Shaders/Private/RayTracing/SkyLightVisibilityRaysData.ush" 2637
"../../../Engine/Shaders/Private/Raytracing/RaytracingSkylightRGS.usf" 2638
"../../../Engine/Shaders/Private/HairStrands/HairStrandsRaytracing.ush" 2639
"../../../Engine/Shaders/Private/Raytracing/RayTracingSkyLightEvaluation.ush" 2640
"../../../Engine/Shaders/Private/Raytracing/RayTracingDeferredShadingCommon.ush" 2641
"../../../Engine/Shaders/Private/RayTracing/RayTracingOcclusionRGS.usf" 2642
"../../../Engine/Shaders/Private/RayTracing/RayTracingDirectionalLight.ush" 2643
"../../../Engine/Shaders/Private/RayTracing/RayTracingRectLight.ush" 2644
"../../../Engine/Shaders/Private/RayTracing/RayTracingSphereLight.ush" 2645
"../../../Engine/Shaders/Private/RayTracing/RayTracingCapsuleLight.ush" 2646
"../../../Engine/Shaders/Private/Raytracing/RayTracingFeedback.usf" 2647
"../../../Engine/Shaders/Shared/RayTracingDebugTypes.h" 2648
"../../../Engine/Shaders/Private/RayTracing/RayTracingPrimaryRays.usf" 2649
"../../../Engine/Shaders/Private/RayTracing/RayTracingLightingCommon.ush" 2650
"../../../Engine/Shaders/Private/RayTracing/RayTracingLightCullingCommon.ush" 2651
"../../../Engine/Shaders/Private/RayTracing/RayTracingMaterialDefaultHitShaders.usf" 2652
"../../../Engine/Shaders/Private/RayTracing/RayTracingMaterialHitShaders.usf" 2653
"../../../Engine/Shaders/Private/RayTracing/RayTracingShaderUtils.ush" 2654
"../../../Engine/Shaders/Private/RayTracing/RayTracingCalcInterpolants.ush" 2655
"../../../Engine/Shaders/Private/LightmapCommon.ush" 2656
"../../../Engine/Shaders/Private/Lumen/LumenHardwareRayTracingPayloadCommon.ush" 2657
"../../../Engine/Shaders/Shared/LumenDefinitions.h" 2658
"../../../Engine/Shaders/Private/Substrate/SubstrateExport.ush" 2659
"../../../Engine/Shaders/Private/RayTracing/RayTracingLightingMS.usf" 2660
"../../../Engine/Shaders/Private/Lumen/LumenDiffuseColorBoost.ush" 2661
"../../../Engine/Shaders/Private/RayTracing/RayTracingLightFunctionCommon.ush" 2662
"../../../Engine/Shaders/Private/RayTracing/RayTracingBuildLightGrid.usf" 2663
"../../../Engine/Shaders/Private/Raytracing/RayTracingInstanceBufferUtil.usf" 2664
"../../../Engine/Shaders/Private/RayTracing/RayTracingDynamicMesh.usf" 2665
"../../../Engine/Shaders/Private/RayTracing/RayTracingDefaultDecalHitShader.usf" 2666
"../../../Engine/Shaders/Private/RayTracing/RayTracingDecalMaterialShader.usf" 2667
"../../../Engine/Shaders/Private/PathTracing/PathTracingShaderUtils.ush" 2668
"../../../Engine/Shaders/Private/PathTracing/PathTracingCommon.ush" 2669
"../../../Engine/Shaders/Private/PathTracing/Material/PathTracingMaterialCommon.ush" 2670
"../../../Engine/Shaders/Private/PathTracing/Utilities/PathTracingRIS.ush" 2671
"../../../Engine/Shaders/Private/RayTracing/RayTracingBuildDecalGrid.usf" 2672
"../../../Engine/Shaders/Private/RayTracing/RayTracingDebugHitStatsUtils.usf" 2673
"../../../Engine/Shaders/Private/RayTracing/RayTracingDebugInstanceOverlap.usf" 2674
"../../../Engine/Shaders/Private/RayTracing/RayTracingDebugPicking.usf" 2675
"../../../Engine/Shaders/Private/RayTracing/RayTracingDebugUtils.ush" 2676
"../../../Engine/Shaders/Private/RayTracing/RayTracingDebugTraversal.usf" 2677
"../../../Engine/Shaders/Private/RayTracing/RayTracingDeferredMaterials.ush" 2678
"../../../Engine/Shaders/Shared/ThirdParty/AMD/ags_shader_intrinsics_dx12.h" 2679
"../../../Engine/Shaders/Shared/RayTracingDebugDefinitions.h" 2680
"../../../Engine/Shaders/Private/RayTracing/RayTracingDebugHitStatsCHS.usf" 2681
"../../../Engine/Shaders/Private/RayTracing/RayTracingDebugHitStats.usf" 2682
"../../../Engine/Shaders/Private/RayTracing/RayTracingDebugMS.usf" 2683
"../../../Engine/Shaders/Private/RayTracing/RayTracingDebugCHS.usf" 2684
"../../../Engine/Shaders/Private/RayTracing/RayTracingDebug.usf" 2685
"../../../Engine/Shaders/Private/RayTracing/RayTracingBuiltInShaders.usf" 2686
"../../../Engine/Shaders/Private/RayTracing/RayTracingBarycentrics.usf" 2687
"../../../Engine/Shaders/Private/RayTracing/RayTracingAmbientOcclusionRGS.usf" 2688
"../../../Engine/Shaders/Private/VisualizeShadingModels.usf" 2689
"../../../Engine/Shaders/Private/MotionBlur/VisualizeMotionVectors.usf" 2690
"../../../Engine/Shaders/Private/TemporalSuperResolution/TSRVisualize.usf" 2691
"../../../Engine/Shaders/Private/TemporalSuperResolution/TSRColorSpace.ush" 2692
"../../../Engine/Shaders/Private/TemporalSuperResolution/TSRCommon.ush" 2693
"../../../Engine/Shaders/Public/DualPixelVectorization.ush" 2694
"../../../Engine/Shaders/Private/TemporalSuperResolution/TSRReprojectionField.ush" 2695
"../../../Engine/Shaders/Private/TemporalSuperResolution/TSRResolveHistory.usf" 2696
"../../../Engine/Shaders/Private/TemporalSuperResolution/TSRConvolutionNetwork.ush" 2697
"../../../Engine/Shaders/Private/TemporalSuperResolution/TSRKernels.ush" 2698
"../../../Engine/Shaders/Public/LaneVectorization.ush" 2699
"../../../Engine/Shaders/Private/TemporalSuperResolution/TSRUpdateHistory.usf" 2700
"../../../Engine/Shaders/Private/TemporalSuperResolution/TSRSpatialAntiAliasing.ush" 2701
"../../../Engine/Shaders/Private/TemporalSuperResolution/TSRSpatialAntiAliasing.usf" 2702
"../../../Engine/Shaders/Private/TemporalSuperResolution/TSRRejectShading.usf" 2703
"../../../Engine/Shaders/Private/TemporalSuperResolution/TSRShadingAnalysis.ush" 2704
"../../../Engine/Shaders/Private/TemporalSuperResolution/TSRConvolutionNetworkPass.ush" 2705
"../../../Engine/Shaders/Private/TemporalSuperResolution/TSRDecimateHistory.usf" 2706
"../../../Engine/Shaders/Private/TemporalSuperResolution/TSRDepthVelocityAnalysis.ush" 2707
"../../../Engine/Shaders/Private/TemporalSuperResolution/TSRClosestOccluder.ush" 2708
"../../../Engine/Shaders/Private/TemporalSuperResolution/TSRWeightRelaxation.usf" 2709
"../../../Engine/Shaders/Private/TemporalSuperResolution/TSRThinGeometryCommon.ush" 2710
"../../../Engine/Shaders/Private/TemporalSuperResolution/TSRDetectThinGeometry.usf" 2711
"../../../Engine/Shaders/Private/TemporalSuperResolution/TSRDilateVelocity.usf" 2712
"../../../Engine/Shaders/Private/MotionBlur/MotionBlurVelocityFlatten.ush" 2713
"../../../Engine/Shaders/Private/MotionBlur/MotionBlurCommon.ush" 2714
"../../../Engine/Shaders/Private/TemporalSuperResolution/TSRClearPrevTextures.usf" 2715
"../../../Engine/Shaders/Private/TemporalSuperResolution/TSRMeasureCoverage.usf" 2716
"../../../Engine/Shaders/Private/TemporalSuperResolution/TSRMeasureFlickeringLuma.usf" 2717
"../../../Engine/Shaders/Private/TemporalAA.usf" 2718
"../../../Engine/Shaders/Private/SMAA/SMAADebugVisualization.usf" 2719
"../../../Engine/Shaders/Private/SMAA/SMAACommon.ush" 2720
"../../../Engine/Shaders/Private/SMAA/SMAA.ush" 2721
"../../../Engine/Shaders/Private/SMAA/SMAANeighborhoodBlendingShader.usf" 2722
"../../../Engine/Shaders/Private/SMAA/SMAABlendingWeightCalculationShader.usf" 2723
"../../../Engine/Shaders/Private/SMAA/SMAAEdgeDetectionShader.usf" 2724
"../../../Engine/Shaders/Private/FilterPixelShader.usf" 2725
"../../../Engine/Shaders/Private/FilterVertexShader.usf" 2726
"../../../Engine/Shaders/Private/VisualizeVirtualTexture.usf" 2727
"../../../Engine/Shaders/Private/PostProcessVisualizeBuffer.usf" 2728
"../../../Engine/Shaders/Private/PostProcessVisualizeLocalExposure.usf" 2729
"../../../Engine/Shaders/Private/PostProcessHistogramCommon.ush" 2730
"../../../Engine/Shaders/Private/TonemapCommon.ush" 2731
"../../../Engine/Shaders/Private/ACES/ACESCommon.ush" 2732
"../../../Engine/Shaders/Private/ACES/ACESOutputTransform.ush" 2733
"../../../Engine/Shaders/Private/ACES/ACESUtilities.ush" 2734
"../../../Engine/Shaders/Private/ACES/ACESTonescale.ush" 2735
"../../../Engine/Shaders/Private/ACES/ACESDisplayEncoding.ush" 2736
"../../../Engine/Shaders/Private/ACES/ACES_v1.3.ush" 2737
"../../../Engine/Shaders/Private/PostProcessVisualizeLevelInstance.usf" 2738
"../../../Engine/Shaders/Private/PostProcessVisualizeHDR.usf" 2739
"../../../Engine/Shaders/Private/ShaderComplexityApplyPixelShader.usf" 2740
"../../../Engine/Shaders/Private/QuadOverdraw.ush" 2741
"../../../Engine/Shaders/Private/PostProcessUpscale.usf" 2742
"../../../Engine/Shaders/Private/PostProcessTonemap.usf" 2743
"../../../Engine/Shaders/Private/PostProcessing/FilmGrainPackConstants.usf" 2744
"../../../Engine/Shaders/Private/PostProcessing/FilmGrainReduce.usf" 2745
"../../../Engine/Shaders/Private/PostProcessTestImage.usf" 2746
"../../../Engine/Shaders/Private/PostProcessSubsurface.usf" 2747
"../../../Engine/Shaders/Private/SeparableSSS.ush" 2748
"../../../Engine/Shaders/Private/SubsurfaceBurleyNormalized.ush" 2749
"../../../Engine/Shaders/Private/PostProcessSelectionOutline.usf" 2750
"../../../Engine/Shaders/Private/MotionBlur/MotionBlurVisualize.usf" 2751
"../../../Engine/Shaders/Private/MotionBlur/MotionBlurApply.usf" 2752
"../../../Engine/Shaders/Private/MotionBlur/MotionBlurFilterTileClassify.usf" 2753
"../../../Engine/Shaders/Private/MotionBlur/MotionBlurTileScatter.usf" 2754
"../../../Engine/Shaders/Private/MotionBlur/MotionBlurTileGather.usf" 2755
"../../../Engine/Shaders/Private/MotionBlur/MotionBlurVelocityFlatten.usf" 2756
"../../../Engine/Shaders/Private/PostProcessMobile.usf" 2757
"../../../Engine/Shaders/Private/PostProcessMitchellNetravali.usf" 2758
"../../../Engine/Shaders/Private/PostProcessMaterialShaders.usf" 2759
"../../../Engine/Shaders/Private/NeuralPostProcessCommon.usf" 2760
"../../../Engine/Shaders/Private/PostProcessLocalExposure.usf" 2761
"../../../Engine/Shaders/Private/PostProcessLensFlares.usf" 2762
"../../../Engine/Shaders/Private/PostProcessGBufferHints.usf" 2763
"../../../Engine/Shaders/Private/PostProcessHMD.usf" 2764
"../../../Engine/Shaders/Private/Histogram.usf" 2765
"../../../Engine/Shaders/Private/PostProcessExposureMaterial.ush" 2766
"../../../Engine/Shaders/Private/PostProcessHistogramReduce.usf" 2767
"../../../Engine/Shaders/Private/PostProcessHistogram.usf" 2768
"../../../Engine/Shaders/Private/Bloom/BloomFinalizeApplyConstants.usf" 2769
"../../../Engine/Shaders/Private/Bloom/BloomCommon.ush" 2770
"../../../Engine/Shaders/Private/Bloom/BloomResizeKernel.usf" 2771
"../../../Engine/Shaders/Private/Bloom/BloomDownsampleKernel.usf" 2772
"../../../Engine/Shaders/Private/Bloom/BloomClampKernel.usf" 2773
"../../../Engine/Shaders/Private/Bloom/BloomPackKernelConstants.usf" 2774
"../../../Engine/Shaders/Private/Bloom/BloomSumScatterDispersionEnergy.usf" 2775
"../../../Engine/Shaders/Private/Bloom/BloomReduceKernelSurvey.usf" 2776
"../../../Engine/Shaders/Private/Bloom/BloomSurveyKernelCenterEnergy.usf" 2777
"../../../Engine/Shaders/Private/Bloom/BloomSurveyMaxScatterDispersion.usf" 2778
"../../../Engine/Shaders/Private/Bloom/BloomFindKernelCenter.usf" 2779
"../../../Engine/Shaders/Private/PostProcessEyeAdaptation.usf" 2780
"../../../Engine/Shaders/Private/PostProcessEyeAdaptationUtils.usf" 2781
"../../../Engine/Shaders/Private/PostProcessDownsample.usf" 2782
"../../../Engine/Shaders/Private/PostProcessDOF.usf" 2783
"../../../Engine/Shaders/Private/PostProcessDeviceEncodingOnly.usf" 2784
"../../../Engine/Shaders/Private/PostProcessCompositePrimitives.usf" 2785
"../../../Engine/Shaders/Private/PostProcessCombineLUTs.usf" 2786
"../../../Engine/Shaders/Private/PostProcessVisualizeDOF.usf" 2787
"../../../Engine/Shaders/Private/PostProcessBloom.usf" 2788
"../../../Engine/Shaders/Private/PostProcessAmbientOcclusionMobile.usf" 2789
"../../../Engine/Shaders/Private/PostProcessAmbientOcclusionCommon.ush" 2790
"../../../Engine/Shaders/Private/FXAAShader.usf" 2791
"../../../Engine/Shaders/Private/Fxaa3_11.ush" 2792
"../../../Engine/Shaders/Private/PaniniProjection.usf" 2793
"../../../Engine/Shaders/Private/DiaphragmDOF/DOFRecombine.usf" 2794
"../../../Engine/Shaders/Private/DiaphragmDOF/DOFHybridScatterPixelShader.usf" 2795
"../../../Engine/Shaders/Private/DiaphragmDOF/DOFHybridScatterCommon.ush" 2796
"../../../Engine/Shaders/Private/DiaphragmDOF/DOFVignetteCommon.ush" 2797
"../../../Engine/Shaders/Private/DiaphragmDOF/DOFHybridScatterVertexShader.usf" 2798
"../../../Engine/Shaders/Private/DiaphragmDOF/DOFPostfiltering.usf" 2799
"../../../Engine/Shaders/Private/DiaphragmDOF/DOFGatherTileSuggest.ush" 2800
"../../../Engine/Shaders/Private/DiaphragmDOF/DOFCocTileCommon.ush" 2801
"../../../Engine/Shaders/Private/DiaphragmDOF/DOFGatherPass.usf" 2802
"../../../Engine/Shaders/Private/DiaphragmDOF/DOFGatherCommon.ush" 2803
"../../../Engine/Shaders/Private/DiaphragmDOF/DOFGatherAccumulator.ush" 2804
"../../../Engine/Shaders/Private/DiaphragmDOF/DOFGatherKernel.ush" 2805
"../../../Engine/Shaders/Private/DiaphragmDOF/DOFBokehLUT.usf" 2806
"../../../Engine/Shaders/Private/DiaphragmDOF/DOFHybridScatterCompilation.usf" 2807
"../../../Engine/Shaders/Private/DiaphragmDOF/DOFReduce.usf" 2808
"../../../Engine/Shaders/Private/DiaphragmDOF/DOFDownsample.ush" 2809
"../../../Engine/Shaders/Private/DiaphragmDOF/DOFHybridScatterCompilation.ush" 2810
"../../../Engine/Shaders/Private/DiaphragmDOF/DOFDownsample.usf" 2811
"../../../Engine/Shaders/Private/DiaphragmDOF/DOFCocTileDilate.usf" 2812
"../../../Engine/Shaders/Private/DiaphragmDOF/DOFCocTileFlatten.usf" 2813
"../../../Engine/Shaders/Private/DiaphragmDOF/DOFSetup.usf" 2814
"../../../Engine/Shaders/Private/Tools/DebugAlphaChannel.usf" 2815
"../../../Engine/Shaders/Private/PostProcessAlphaInvert.usf" 2816
"../../../Engine/Shaders/Private/PlanarReflectionShaders.usf" 2817
"../../../Engine/Shaders/Private/PhysicsFieldVisualizer.usf" 2818
"../../../Engine/Shaders/Private/PathTracing/PathTracingSpatialTemporalDenoising.usf" 2819
"../../../Engine/Shaders/Private/ColorDifference.ush" 2820
"../../../Engine/Shaders/Private/PathTracing/PathTracingCompositingPixelShader.usf" 2821
"../../../Engine/Shaders/Private/PathTracing/PathTracingAdaptiveUtils.ush" 2822
"../../../Engine/Shaders/Private/PathTracing/PathTracingDefaultHitShader.usf" 2823
"../../../Engine/Shaders/Private/PathTracing/PathTracingGPULightmassMaterialHitShader.usf" 2824
"../../../Engine/Shaders/Private/PathTracing/PathTracingMaterialHitShader.usf" 2825
"../../../Engine/Shaders/Private/PathTracing/Material/PathTracingSubstrateCommon.ush" 2826
"../../../Engine/Shaders/Private/PathTracing/PathTracingLightingMissShader.usf" 2827
"../../../Engine/Shaders/Private/PathTracing/PathTracingMissShader.usf" 2828
"../../../Engine/Shaders/Private/PathTracing/PathTracingAdaptiveStart.usf" 2829
"../../../Engine/Shaders/Private/PathTracing/PathTracingBuildAdaptiveError.usf" 2830
"../../../Engine/Shaders/Private/PathTracing/PathTracingVolumetricCloudMaterialShader.usf" 2831
"../../../Engine/Shaders/Private/PathTracing/Volume/PathTracingCloudsMaterialCommon.ush" 2832
"../../../Engine/Shaders/Private/PathTracing/Volume/PathTracingVolumeCommon.ush" 2833
"../../../Engine/Shaders/Private/PathTracing/Volume/PathTracingCloudsCommon.ush" 2834
"../../../Engine/Shaders/Private/PathTracing/Volume/PathTracingFog.ush" 2835
"../../../Engine/Shaders/Private/PathTracing/Volume/PathTracingAtmosphere.ush" 2836
"../../../Engine/Shaders/Private/PathTracing/Volume/PathTracingAtmosphereCommon.ush" 2837
"../../../Engine/Shaders/Private/PathTracing/Volume/PathTracingVolumeSampling.ush" 2838
"../../../Engine/Shaders/Private/PathTracing/PathTracingBuildCloudAccelerationMap.usf" 2839
"../../../Engine/Shaders/Private/PathTracing/PathTracingBuildAtmosphereLUT.usf" 2840
"../../../Engine/Shaders/Private/PathTracing/PathTracingSwizzleScanlines.usf" 2841
"../../../Engine/Shaders/Private/PathTracing/PathTracingInitExtinctionCoefficient.usf" 2842
"../../../Engine/Shaders/Private/PathTracing/PathTracingCopyDepth.usf" 2843
"../../../Engine/Shaders/Private/PathTracing/PathTracingDebug.usf" 2844
"../../../Engine/Shaders/Private/RayTracing/RayTracingDecalGrid.ush" 2845
"../../../Engine/Shaders/Private/PathTracing/Material/PathTracingMaterialSampling.ush" 2846
"../../../Engine/Shaders/Private/PathTracing/Material/PathTracingLambert.ush" 2847
"../../../Engine/Shaders/Private/PathTracing/Material/PathTracingSubstrate.ush" 2848
"../../../Engine/Shaders/Private/PathTracing/Material/PathTracingSubstrateFoliage.ush" 2849
"../../../Engine/Shaders/Private/PathTracing/Material/PathTracingSubstrateSolidGlass.ush" 2850
"../../../Engine/Shaders/Private/PathTracing/Material/PathTracingSubstrateThinGlass.ush" 2851
"../../../Engine/Shaders/Private/PathTracing/Material/PathTracingSolidGlass.ush" 2852
"../../../Engine/Shaders/Private/PathTracing/Material/PathTracingEnergyConservation.ush" 2853
"../../../Engine/Shaders/Private/PathTracing/Material/PathTracingThinGlass.ush" 2854
"../../../Engine/Shaders/Private/PathTracing/Material/PathTracingDefaultLit.ush" 2855
"../../../Engine/Shaders/Private/PathTracing/Material/PathTracingClearCoat.ush" 2856
"../../../Engine/Shaders/Private/PathTracing/Material/PathTracingTwoSidedFoliage.ush" 2857
"../../../Engine/Shaders/Private/PathTracing/Material/PathTracingCloth.ush" 2858
"../../../Engine/Shaders/Private/PathTracing/Material/PathTracingSubsurfaceProfile.ush" 2859
"../../../Engine/Shaders/Private/PathTracing/Material/PathTracingEye.ush" 2860
"../../../Engine/Shaders/Private/PathTracing/Material/PathTracingHair.ush" 2861
"../../../Engine/Shaders/Private/PathTracing/Material/PathTracingMedium.ush" 2862
"../../../Engine/Shaders/Private/PathTracing/Light/PathTracingLightSampling.ush" 2863
"../../../Engine/Shaders/Private/PathTracing/Light/PathTracingLightCommon.ush" 2864
"../../../Engine/Shaders/Private/PathTracing/Light/PathTracingDirectionalLight.ush" 2865
"../../../Engine/Shaders/Private/PathTracing/Light/PathTracingPointLight.ush" 2866
"../../../Engine/Shaders/Private/PathTracing/Light/PathTracingCapsuleLight.ush" 2867
"../../../Engine/Shaders/Private/PathTracing/Light/PathTracingRectLight.ush" 2868
"../../../Engine/Shaders/Private/PathTracing/Light/PathTracingSkyLight.ush" 2869
"../../../Engine/Shaders/Private/PathTracing/Light/PathTracingLightGrid.ush" 2870
"../../../Engine/Shaders/Private/PathTracing/PathTracing.usf" 2871
"../../../Engine/Shaders/Private/PathTracing/PathTracingCore.ush" 2872
"../../../Engine/Shaders/Private/HeterogeneousVolumes/HeterogeneousVolumesVoxelGridTypes.ush" 2873
"../../../Engine/Shaders/Private/PathTracing/Volume/PathTracingVolume.ush" 2874
"../../../Engine/Shaders/Private/PathTracing/Volume/PathTracingClouds.ush" 2875
"../../../Engine/Shaders/Private/PathTracing/Volume/PathTracingHeterogeneousVolumes.ush" 2876
"../../../Engine/Shaders/Private/HeterogeneousVolumes/HeterogeneousVolumesTracingUtils.ush" 2877
"../../../Engine/Shaders/Private/HeterogeneousVolumes/HeterogeneousVolumesVoxelGridTraversal.ush" 2878
"../../../Engine/Shaders/Private/HeterogeneousVolumes/HeterogeneousVolumesVoxelGridUtils.ush" 2879
"../../../Engine/Shaders/Private/HeterogeneousVolumes/HeterogeneousVolumesFrustumVoxelGridUtils.ush" 2880
"../../../Engine/Shaders/Private/PathTracing/PathTracingBuildLightGrid.usf" 2881
"../../../Engine/Shaders/Private/PathTracing/PathTracingSkylightMISCompensation.usf" 2882
"../../../Engine/Shaders/Private/PathTracing/PathTracingSkylightPrepare.usf" 2883
"../../../Engine/Shaders/Private/OIT/OITSorting.usf" 2884
"../../../Engine/Shaders/Private/OITCombine.usf" 2885
"../../../Engine/Shaders/Private/OITCommon.ush" 2886
"../../../Engine/Shaders/Private/Nanite/Voxel/RasterizeBricks.usf" 2887
"../../../Engine/Shaders/Private/Nanite/Voxel/Brick.ush" 2888
"../../../Engine/Shaders/Private/Nanite/Voxel/Voxel.ush" 2889
"../../../Engine/Shaders/Private/Nanite/Voxel/ScatterBricks.usf" 2890
"../../../Engine/Shaders/Private/Nanite/Voxel/TileBricks.usf" 2891
"../../../Engine/Shaders/Private/Nanite/Voxel/AutoVoxel.usf" 2892
"../../../Engine/Shaders/Private/Nanite/NaniteDebugViews.usf" 2893
"../../../Engine/Shaders/Private/Nanite/NaniteEditorCommon.ush" 2894
"../../../Engine/Shaders/Private/BinarySearch.ush" 2895
"../../../Engine/Shaders/Private/Nanite/NaniteDepthDecode.usf" 2896
"../../../Engine/Shaders/Private/HTileEncoding.ush" 2897
"../../../Engine/Shaders/Private/Nanite/NaniteVisualize.usf" 2898
"../../../Engine/Shaders/Private/Nanite/NaniteStreamOut.usf" 2899
"../../../Engine/Shaders/Private/Nanite/NaniteHierarchyTraversal.ush" 2900
"../../../Engine/Shaders/Private/Nanite/NaniteShadeBinning.usf" 2901
"../../../Engine/Shaders/Private/Nanite/NaniteShadeCommon.ush" 2902
"../../../Engine/Shaders/Private/Nanite/NaniteFastClear.usf" 2903
"../../../Engine/Shaders/Private/Nanite/NaniteRayTracing.usf" 2904
"../../../Engine/Shaders/Private/Nanite/NaniteExportGBuffer.usf" 2905
"../../../Engine/Shaders/Private/Nanite/NaniteClusterCulling.usf" 2906
"../../../Engine/Shaders/Private/Nanite/NanitePrintStats.usf" 2907
"../../../Engine/Shaders/Private/Nanite/NaniteRasterizer.usf" 2908
"../../../Engine/Shaders/Private/Nanite/NaniteRasterizationCommon.ush" 2909
"../../../Engine/Shaders/Private/Nanite/NaniteRasterizer.ush" 2910
"../../../Engine/Shaders/Private/Nanite/NaniteWritePixel.ush" 2911
"../../../Engine/Shaders/Private/Nanite/NaniteTessellation.ush" 2912
"../../../Engine/Shaders/Private/WorkDistribution.ush" 2913
"../../../Engine/Shaders/Private/Nanite/NaniteDice.ush" 2914
"../../../Engine/Shaders/Private/ShaderBundleWorkGraphCommon.ush" 2915
"../../../Engine/Shaders/Public/RootConstants.ush" 2916
"../../../Engine/Shaders/Public/Platform/D3D/D3DRootConstants.ush" 2917
"../../../Engine/Shaders/Private/Nanite/NaniteSplit.usf" 2918
"../../../Engine/Shaders/Private/Nanite/NaniteRasterBinning.usf" 2919
"../../../Engine/Shaders/Private/Nanite/NaniteInstanceCulling.usf" 2920
"../../../Engine/Shaders/Private/Nanite/NaniteImposter.ush" 2921
"../../../Engine/Shaders/Private/Nanite/NaniteInstanceHierarchyCulling.usf" 2922
"../../../Engine/Shaders/Private/WorkGroupLoadBalancer.ush" 2923
"../../../Engine/Shaders/Private/Nanite/NanitePrimitiveFilter.usf" 2924
"../../../Engine/Shaders/Private/Nanite/NaniteRasterClear.usf" 2925
"../../../Engine/Shaders/Private/Nanite/NaniteDepthExport.usf" 2926
"../../../Engine/Shaders/Private/Nanite/NaniteEmitShadow.usf" 2927
"../../../Engine/Shaders/Private/MobileDeferredUtils.usf" 2928
"../../../Engine/Shaders/Private/MobileLocalLightsBuffer.usf" 2929
"../../../Engine/Shaders/Private/MobileFog.usf" 2930
"../../../Engine/Shaders/Private/DistortApplyScreenPS.usf" 2931
"../../../Engine/Shaders/Private/MobileDeferredShading.usf" 2932
"../../../Engine/Shaders/Private/MobileBasePassPixelShader.usf" 2933
"../../../Engine/Shaders/Private/MobileBasePassCommon.ush" 2934
"../../../Engine/Shaders/Private/BasePassCommon.ush" 2935
"../../../Engine/Shaders/Private/ShadingModelsMaterial.ush" 2936
"../../../Engine/Shaders/Private/ThinTranslucentCommon.ush" 2937
"../../../Engine/Shaders/Private/SingleLayerWaterShading.ush" 2938
"../../../Engine/Shaders/Private/DistortionCommon.ush" 2939
"../../../Engine/Shaders/Private/Substrate/SubstrateMobileForwardLighting.ush" 2940
"../../../Engine/Shaders/Private/MobileBasePassVertexShader.usf" 2941
"../../../Engine/Shaders/Private/MeshEdges.usf" 2942
"../../../Engine/Shaders/Private/MegaLights/MegaLightsSampling.usf" 2943
"../../../Engine/Shaders/Shared/MegaLightsDefinitions.h" 2944
"../../../Engine/Shaders/Private/MegaLights/MegaLightsShading.ush" 2945
"../../../Engine/Shaders/Private/MegaLights/MegaLights.ush" 2946
"../../../Engine/Shaders/Private/MegaLights/MegaLightsMaterial.ush" 2947
"../../../Engine/Shaders/Private/MegaLights/MegaLightsRayTracing.ush" 2948
"../../../Engine/Shaders/Private/MegaLights/MegaLightsSampling.ush" 2949
"../../../Engine/Shaders/Private/MegaLights/MegaLightsVolumeSampling.usf" 2950
"../../../Engine/Shaders/Private/MegaLights/MegaLightsVolume.ush" 2951
"../../../Engine/Shaders/Private/MegaLights/MegaLights.usf" 2952
"../../../Engine/Shaders/Private/HairStrands/HairStrandsScreenTracing.ush" 2953
"../../../Engine/Shaders/Private/MegaLights/MegaLightsFilterVisibleLightHash.usf" 2954
"../../../Engine/Shaders/Private/MegaLights/MegaLightsShading.usf" 2955
"../../../Engine/Shaders/Private/Lumen/LumenReflectionDenoiserCommon.ush" 2956
"../../../Engine/Shaders/Private/MegaLights/MegaLightsVisibleLightHash.usf" 2957
"../../../Engine/Shaders/Private/MegaLights/MegaLightsVolumeShading.usf" 2958
"../../../Engine/Shaders/Private/MegaLights/MegaLightsVSMMarking.usf" 2959
"../../../Engine/Shaders/Private/MegaLights/MegaLightsVSMTracing.usf" 2960
"../../../Engine/Shaders/Private/MegaLights/MegaLightsRayTracing.usf" 2961
"../../../Engine/Shaders/Private/DistanceField/GlobalDistanceFieldUtils.ush" 2962
"../../../Engine/Shaders/Private/Lumen/LumenScreenTracing.ush" 2963
"../../../Engine/Shaders/Private/MegaLights/MegaLightsVolumeRayTracing.usf" 2964
"../../../Engine/Shaders/Private/MegaLights/MegaLightsVolumeHardwareRayTracing.usf" 2965
"../../../Engine/Shaders/Private/Lumen/LumenHardwareRayTracingCommon.ush" 2966
"../../../Engine/Shaders/Private/RayTracing/RayTracingReflectionEnvironment.ush" 2967
"../../../Engine/Shaders/Private/Lumen/LumenHardwareRayTracingPlatformCommon.ush" 2968
"../../../Engine/Shaders/Private/Lumen/LumenTracingCommon.ush" 2969
"../../../Engine/Shaders/Private/Lumen/SurfaceCache/LumenSurfaceCacheSampling.ush" 2970
"../../../Engine/Shaders/Private/Lumen/SurfaceCache/LumenSurfaceCache.ush" 2971
"../../../Engine/Shaders/Private/Lumen/LumenCardCommon.ush" 2972
"../../../Engine/Shaders/Private/Lumen/LumenCardTileShadowDownsampleFactor.ush" 2973
"../../../Engine/Shaders/Private/MegaLights/MegaLightsHardwareRayTracing.usf" 2974
"../../../Engine/Shaders/Private/MegaLights/MegaLightsDebug.usf" 2975
"../../../Engine/Shaders/Private/MegaLights/MegaLightsDenoiserSpatial.usf" 2976
"../../../Engine/Shaders/Private/MegaLights/MegaLightsDenoiserTemporal.usf" 2977
"../../../Engine/Shaders/Private/MaterialCache/MaterialCacheABufferPages.usf" 2978
"../../../Engine/Shaders/Private/MaterialCache/MaterialCacheShade.usf" 2979
"../../../Engine/Shaders/Private/MaterialCache/MaterialCacheShadeCommon.ush" 2980
"../../../Engine/Shaders/Private/MaterialCache/MaterialCacheUnwrapNaniteShade.usf" 2981
"../../../Engine/Shaders/Private/MaterialCache/MaterialCacheUnwrapPixelShader.usf" 2982
"../../../Engine/Shaders/Private/MaterialCache/MaterialCacheUnwrapVertexShader.usf" 2983
"../../../Engine/Shaders/Private/Lumen/LumenVisualizeRadianceCache.usf" 2984
"../../../Engine/Shaders/Private/Lumen/LumenRadianceCacheCommon.ush" 2985
"../../../Engine/Shaders/Private/Lumen/LumenVisualizeHardwareRayTracing.usf" 2986
"../../../Engine/Shaders/Private/Lumen/LumenVisualize.ush" 2987
"../../../Engine/Shaders/Private/Lumen/LumenHairTracing.ush" 2988
"../../../Engine/Shaders/Private/Lumen/LumenVisualize.usf" 2989
"../../../Engine/Shaders/Private/Lumen/LumenSoftwareRayTracing.ush" 2990
"../../../Engine/Shaders/Private/DistanceField/GlobalDistanceFieldObjectGrid.ush" 2991
"../../../Engine/Shaders/Private/DistanceFieldLightingShared.ush" 2992
"../../../Engine/Shaders/Private/Lumen/LumenVisualizeTraces.ush" 2993
"../../../Engine/Shaders/Private/Lumen/LumenTranslucencyVolumeLighting.usf" 2994
"../../../Engine/Shaders/Private/Lumen/LumenRadianceCacheMarkCommon.ush" 2995
"../../../Engine/Shaders/Private/Lumen/LumenTranslucencyVolumeLightingShared.ush" 2996
"../../../Engine/Shaders/Private/Lumen/LumenScreenProbeCommon.ush" 2997
"../../../Engine/Shaders/Private/RayTracing/RayGenUtils.ush" 2998
"../../../Engine/Shaders/Private/Lumen/LumenRadianceCacheTracingCommon.ush" 2999
"../../../Engine/Shaders/Private/Lumen/LumenTranslucencyVolumeHardwareRayTracing.usf" 3000
"../../../Engine/Shaders/Private/Lumen/LumenTranslucencyRadianceCacheMarkShaders.usf" 3001
"../../../Engine/Shaders/Private/Lumen/SurfaceCache/LumenSurfaceCache.usf" 3002
"../../../Engine/Shaders/Private/Lumen/LumenVirtualTextureCommon.ush" 3003
"../../../Engine/Shaders/Private/Lumen/LumenShortRangeAOHardwareRayTracing.usf" 3004
"../../../Engine/Shaders/Private/Lumen/LumenScreenSpaceBentNormal.ush" 3005
"../../../Engine/Shaders/Private/Lumen/LumenScreenSpaceBentNormal.usf" 3006
"../../../Engine/Shaders/Private/Lumen/LumenScreenProbeTracing.usf" 3007
"../../../Engine/Shaders/Private/Lumen/LumenScreenProbeTracingCommon.ush" 3008
"../../../Engine/Shaders/Private/Lumen/LumenFloatQuantization.ush" 3009
"../../../Engine/Shaders/Private/Lumen/LumenScreenProbeImportanceSampling.usf" 3010
"../../../Engine/Shaders/Private/Lumen/LumenScreenProbeImportanceSamplingShared.ush" 3011
"../../../Engine/Shaders/Private/Lumen/LumenScreenProbeHardwareRayTracing.usf" 3012
"../../../Engine/Shaders/Private/Lumen/LumenScreenProbeDebug.usf" 3013
"../../../Engine/Shaders/Private/Lumen/LumenScreenProbeGather.usf" 3014
"../../../Engine/Shaders/Private/Lumen/LumenScreenProbeGatherTemporal.usf" 3015
"../../../Engine/Shaders/Private/Lumen/LumenScreenProbeFiltering.usf" 3016
"../../../Engine/Shaders/Private/Lumen/LumenSceneLighting.usf" 3017
"../../../Engine/Shaders/Private/Lumen/LumenCardTile.ush" 3018
"../../../Engine/Shaders/Private/Lumen/LumenSceneLighting.ush" 3019
"../../../Engine/Shaders/Private/Lumen/Radiosity/LumenRadiosity.ush" 3020
"../../../Engine/Shaders/Private/Lumen/LumenSceneLightingDebug.usf" 3021
"../../../Engine/Shaders/Private/Lumen/LumenScene.usf" 3022
"../../../Engine/Shaders/Private/Lumen/LumenSceneDirectLightingHardwareRayTracing.usf" 3023
"../../../Engine/Shaders/Private/Lumen/LumenSceneDirectLightingStochastic.ush" 3024
"../../../Engine/Shaders/Private/Lumen/LumenSceneDirectLighting.ush" 3025
"../../../Engine/Shaders/Private/Lumen/LumenSceneDebugHardwareRayTracing.usf" 3026
"../../../Engine/Shaders/Private/Lumen/LumenSceneDirectLightingStochastic.usf" 3027
"../../../Engine/Shaders/Private/Lumen/LumenSceneDirectLightingSoftwareRayTracing.usf" 3028
"../../../Engine/Shaders/Private/DistanceFieldShadowingShared.ush" 3029
"../../../Engine/Shaders/Private/Lumen/LumenSceneDirectLightingPerLightShadowCommon.ush" 3030
"../../../Engine/Shaders/Private/Lumen/LumenSceneDirectLightingShadowMask.usf" 3031
"../../../Engine/Shaders/Private/Lumen/LumenSceneDirectLighting.usf" 3032
"../../../Engine/Shaders/Private/Lumen/LumenSceneDirectLightingCulling.usf" 3033
"../../../Engine/Shaders/Private/Lumen/LumenCardComputeShader.usf" 3034
"../../../Engine/Shaders/Private/Lumen/LumenCardBasePass.ush" 3035
"../../../Engine/Shaders/Private/Lumen/LumenCardPixelShader.usf" 3036
"../../../Engine/Shaders/Private/Lumen/LumenCardVertexShader.usf" 3037
"../../../Engine/Shaders/Private/Lumen/LumenReSTIRGather.usf" 3038
"../../../Engine/Shaders/Private/Lumen/LumenReflectionTracing.usf" 3039
"../../../Engine/Shaders/Private/Lumen/LumenReflectionDenoiserSpatial.usf" 3040
"../../../Engine/Shaders/Private/Lumen/LumenReflectionDenoiserClear.usf" 3041
"../../../Engine/Shaders/Private/Lumen/LumenReflectionDenoiserTemporal.usf" 3042
"../../../Engine/Shaders/Private/Lumen/LumenReflectionResolve.usf" 3043
"../../../Engine/Shaders/Private/Lumen/LumenReflections.usf" 3044
"../../../Engine/Shaders/Private/Lumen/RayTracedTranslucency.usf" 3045
"../../../Engine/Shaders/Private/Lumen/LumenReflectionHardwareRayTracing.usf" 3046
"../../../Engine/Shaders/Private/Lumen/Radiosity/LumenVisualizeRadiosityProbes.usf" 3047
"../../../Engine/Shaders/Private/Lumen/Radiosity/LumenRadiosity.usf" 3048
"../../../Engine/Shaders/Private/Lumen/Radiosity/LumenRadiosityHardwareRayTracing.usf" 3049
"../../../Engine/Shaders/Private/Lumen/Radiosity/LumenRadiosityCulling.usf" 3050
"../../../Engine/Shaders/Private/Lumen/LumenRadianceCacheHardwareRayTracing.usf" 3051
"../../../Engine/Shaders/Private/Lumen/LumenRadianceCache.usf" 3052
"../../../Engine/Shaders/Private/Lumen/LumenRadianceCacheUpdate.ush" 3053
"../../../Engine/Shaders/Private/Lumen/LumenRadianceCacheDebug.usf" 3054
"../../../Engine/Shaders/Private/Lumen/LumenRadianceCacheUpdate.usf" 3055
"../../../Engine/Shaders/Private/Lumen/LumenMeshSDFCulling.usf" 3056
"../../../Engine/Shaders/Private/HybridIndirectLighting.ush" 3057
"../../../Engine/Shaders/Private/MeshDistanceFieldCommon.ush" 3058
"../../../Engine/Shaders/Private/Lumen/LumenIrradianceFieldGather.usf" 3059
"../../../Engine/Shaders/Private/Lumen/LumenHardwareRayTracingMaterials.usf" 3060
"../../../Engine/Shaders/Private/Lumen/LumenFrontLayerTranslucency.usf" 3061
"../../../Engine/Shaders/Private/LocalFogVolumes/LocalFogVolumeSplat.usf" 3062
"../../../Engine/Shaders/Private/LocalFogVolumes/LocalFogVolumeTiledCulling.usf" 3063
"../../../Engine/Shaders/Private/LightShaftShader.usf" 3064
"../../../Engine/Shaders/Private/StationaryLightOverlapShaders.usf" 3065
"../../../Engine/Shaders/Private/DeferredLightPixelShaders.usf" 3066
"../../../Engine/Shaders/Private/DeferredLightVertexShaders.usf" 3067
"../../../Engine/Shaders/Private/LightMapDensityShader.usf" 3068
"../../../Engine/Shaders/Private/LightGridInjection.usf" 3069
"../../../Engine/Shaders/Shared/LightGridDefinitions.h" 3070
"../../../Engine/Shaders/Private/LightFunctionPixelShader.usf" 3071
"../../../Engine/Shaders/Private/LightFunctionVertexShader.usf" 3072
"../../../Engine/Shaders/Private/LightFunctionAtlas/LightFunctionAtlasRender.usf" 3073
"../../../Engine/Shaders/Private/InstanceCulling/InstanceCullingOcclusionQuery.usf" 3074
"../../../Engine/Shaders/Private/InstanceCulling/InstanceCullingSetup.ush" 3075
"../../../Engine/Shaders/Private/InstanceCulling/BuildInstanceDrawCommands.usf" 3076
"../../../Engine/Shaders/Private/InstanceCulling/InstanceCompactionCommon.ush" 3077
"../../../Engine/Shaders/Private/SceneDataMobileWriter.ush" 3078
"../../../Engine/Shaders/Private/InstanceCulling/CompactVisibleInstances.usf" 3079
"../../../Engine/Shaders/Private/ReflectionEnvironmentPixelShader.usf" 3080
"../../../Engine/Shaders/Private/AmbientCubemapComposite.usf" 3081
"../../../Engine/Shaders/Private/DiffuseIndirectComposite.usf" 3082
"../../../Engine/Shaders/Private/IESAtlas.usf" 3083
"../../../Engine/Shaders/Private/HeterogeneousVolumes/HeterogeneousVolumesVisualizeCascades.usf" 3084
"../../../Engine/Shaders/Private/HeterogeneousVolumes/HeterogeneousVolumesVoxelGridShadows.usf" 3085
"../../../Engine/Shaders/Private/HeterogeneousVolumes/HeterogeneousVolumesStochasticFiltering.ush" 3086
"../../../Engine/Shaders/Private/HeterogeneousVolumes/HeterogeneousVolumesVoxelGridRenderingUtils.ush" 3087
"../../../Engine/Shaders/Private/HeterogeneousVolumes/HeterogeneousVolumesLightingUtils.ush" 3088
"../../../Engine/Shaders/Private/HeterogeneousVolumes/HeterogeneousVolumesRayMarchingUtils.ush" 3089
"../../../Engine/Shaders/Private/HeterogeneousVolumes/HeterogeneousVolumesRayMarchingTypes.ush" 3090
"../../../Engine/Shaders/Private/HeterogeneousVolumes/HeterogeneousVolumesTransmittanceVolumeUtils.ush" 3091
"../../../Engine/Shaders/Private/HeterogeneousVolumes/HeterogeneousVolumesAdaptiveVolumetricShadowMapSampler.ush" 3092
"../../../Engine/Shaders/Private/HeterogeneousVolumes/HeterogeneousVolumesVoxelGridRendering.usf" 3093
"../../../Engine/Shaders/Private/HeterogeneousVolumes/HeterogeneousVolumesVoxelGridPipeline.usf" 3094
"../../../Engine/Shaders/Private/HeterogeneousVolumes/HeterogeneousVolumesMaterialBakingPipeline.usf" 3095
"../../../Engine/Shaders/Private/HeterogeneousVolumes/HeterogeneousVolumesLiveShadingUtils.ush" 3096
"../../../Engine/Shaders/Private/HeterogeneousVolumes/HeterogeneousVolumesFrustumVoxelGrid.usf" 3097
"../../../Engine/Shaders/Private/HeterogeneousVolumes/HeterogeneousVolumesSparseVoxelPipeline.usf" 3098
"../../../Engine/Shaders/Private/HeterogeneousVolumes/HeterogeneousVolumesSparseVoxelUtils.ush" 3099
"../../../Engine/Shaders/Private/HeterogeneousVolumes/HeterogeneousVolumesSparseVoxelUniformBufferUtils.ush" 3100
"../../../Engine/Shaders/Private/HeterogeneousVolumes/HeterogeneousVolumesPreshadingPipeline.usf" 3101
"../../../Engine/Shaders/Private/HeterogeneousVolumes/HeterogeneousVolumesShadowMask.usf" 3102
"../../../Engine/Shaders/Private/HeterogeneousVolumes/HeterogeneousVolumesLiveShadingShadows.usf" 3103
"../../../Engine/Shaders/Private/HeterogeneousVolumes/HeterogeneousVolumesLiveShadingGlobalPipeline.usf" 3104
"../../../Engine/Shaders/Private/HeterogeneousVolumes/HeterogeneousVolumesLiveShadingPipeline.usf" 3105
"../../../Engine/Shaders/Private/HeterogeneousVolumes/HeterogeneousVolumesHardwareRayTracing.usf" 3106
"../../../Engine/Shaders/Private/HeterogeneousVolumes/HeterogeneousVolumesAmbientOcclusionPipeline.usf" 3107
"../../../Engine/Shaders/Private/HeterogeneousVolumes/HeterogeneousVolumesComposite.usf" 3108
"../../../Engine/Shaders/Private/HdrCustomResolveShaders.usf" 3109
"../../../Engine/Shaders/Private/HairStrands/RenderCurveRaster.usf" 3110
"../../../Engine/Shaders/Shared/RenderCurveDefinitions.h" 3111
"../../../Engine/Shaders/Private/HairStrands/HairStrandsVoxelRasterCompute.usf" 3112
"../../../Engine/Shaders/Private/HairStrands/HairStrandsHitProxy.usf" 3113
"../../../Engine/Shaders/Private/HairStrands/HairStrandsVisibilityRasterComputeNaive.usf" 3114
"../../../Engine/Shaders/Private/HairStrands/HairStrandsVisibilityRasterHW.usf" 3115
"../../../Engine/Shaders/Private/HairStrands/HairStrandsVisibilityRasterCompute.usf" 3116
"../../../Engine/Shaders/Private/HairStrands/HairStrandsVisibilityRasterClassification.usf" 3117
"../../../Engine/Shaders/Private/HairStrands/HairStrandsCoverage.usf" 3118
"../../../Engine/Shaders/Private/HairStrands/HairStrandsVisibilityDepthPS.usf" 3119
"../../../Engine/Shaders/Private/HairStrands/HairStrandsVisibilityTransmittanceDepthPS.usf" 3120
"../../../Engine/Shaders/Private/HairStrands/HairStrandsVisibilityFillOpaqueDepthPS.usf" 3121
"../../../Engine/Shaders/Private/HairStrands/HairStrandsVisibilityCompactionComputeRaster.usf" 3122
"../../../Engine/Shaders/Private/HairStrands/HairStrandsVisibilityCompaction.usf" 3123
"../../../Engine/Shaders/Private/HairStrands/HairStrandsVisibilityCopyIndirectArg.usf" 3124
"../../../Engine/Shaders/Private/HairStrands/HairStrandsVisibilityClearPS.usf" 3125
"../../../Engine/Shaders/Private/HairStrands/HairStrandsVisibilityPS.usf" 3126
"../../../Engine/Shaders/Private/HairStrands/HairStrandsVisibilityVS.usf" 3127
"../../../Engine/Shaders/Private/HairStrands/HairStrandsVelocity.usf" 3128
"../../../Engine/Shaders/Private/HairStrands/HairStrandsVisibilityComputeSampleCoverage.usf" 3129
"../../../Engine/Shaders/Private/HairStrands/HairStrandsMaterialPS.usf" 3130
"../../../Engine/Shaders/Private/HairStrands/HairStrandsMaterialCommon.ush" 3131
"../../../Engine/Shaders/Private/HairStrands/HairStrandsMaterialVS.usf" 3132
"../../../Engine/Shaders/Private/HairStrands/HairStrandsLightSample.usf" 3133
"../../../Engine/Shaders/Private/HairStrands/HairStrandsDeepShadowMask.usf" 3134
"../../../Engine/Shaders/Private/HairStrands/HairStrandsDeepTransmittanceMask.usf" 3135
"../../../Engine/Shaders/Private/HairStrands/HairStrandsVisibilityTile.usf" 3136
"../../../Engine/Shaders/Private/HairStrands/HairStrandsDeepShadowPS.usf" 3137
"../../../Engine/Shaders/Private/HairStrands/HairStrandsDeepShadowVS.usf" 3138
"../../../Engine/Shaders/Private/HairStrands/HairStrandsAABB.usf" 3139
"../../../Engine/Shaders/Private/HairStrands/HairStrandsLUT.usf" 3140
"../../../Engine/Shaders/Private/HairStrands/HairStrandsForwardRaster.usf" 3141
"../../../Engine/Shaders/Private/HairStrands/HairStrandsForwardCulling.usf" 3142
"../../../Engine/Shaders/Private/HairStrands/HairStrandsEnvironmentLighting.usf" 3143
"../../../Engine/Shaders/Private/HairStrands/HairStrandsEnvironmentAO.usf" 3144
"../../../Engine/Shaders/Private/HairStrands/HairStrandsDeepShadowAllocation.usf" 3145
"../../../Engine/Shaders/Private/HairStrands/HairStrandsVoxelDebug.usf" 3146
"../../../Engine/Shaders/Private/HairStrands/HairStrandsComposition.usf" 3147
"../../../Engine/Shaders/Private/HairStrands/HairStrandsGBufferCommon.ush" 3148
"../../../Engine/Shaders/Private/GPUScene/GPUSceneDataManagement.usf" 3149
"../../../Engine/Shaders/Private/GPUSceneDebugRender.usf" 3150
"../../../Engine/Shaders/Private/GPUFeedbackCompaction.usf" 3151
"../../../Engine/Shaders/Private/GPUFastFourierTransform.usf" 3152
"../../../Engine/Shaders/Private/GPUFastFourierTransform2DCore.ush" 3153
"../../../Engine/Shaders/Private/GPUFastFourierTransformCore.ush" 3154
"../../../Engine/Shaders/Private/GPUBenchmark.usf" 3155
"../../../Engine/Shaders/Private/DistanceField/GlobalDistanceFieldDebug.usf" 3156
"../../../Engine/Shaders/Private/DistanceField/GlobalDistanceFieldUpdate.ush" 3157
"../../../Engine/Shaders/Private/DistanceField/GlobalDistanceFieldMip.usf" 3158
"../../../Engine/Shaders/Private/DistanceField/GlobalDistanceField.usf" 3159
"../../../Engine/Shaders/Private/DistanceField/GlobalDistanceFieldCompositeObjects.usf" 3160
"../../../Engine/Shaders/Private/DistanceField/GlobalDistanceFieldHeightfields.usf" 3161
"../../../Engine/Shaders/Private/HeightfieldLightingShared.ush" 3162
"../../../Engine/Shaders/Private/GenerateConservativeDepth.usf" 3163
"../../../Engine/Shaders/Private/HeightFogPixelShader.usf" 3164
"../../../Engine/Shaders/Private/HeightFogVertexShader.usf" 3165
"../../../Engine/Shaders/Private/DistortFiltering.usf" 3166
"../../../Engine/Shaders/Private/DistortAccumulatePS.usf" 3167
"../../../Engine/Shaders/Private/DistortAccumulateVS.usf" 3168
"../../../Engine/Shaders/Private/DistanceFieldVisualization.usf" 3169
"../../../Engine/Shaders/Private/DistanceFieldStreaming.usf" 3170
"../../../Engine/Shaders/Private/DistanceFieldShadowing.usf" 3171
"../../../Engine/Shaders/Private/DistanceFieldScreenGridLighting.usf" 3172
"../../../Engine/Shaders/Private/DistanceFieldObjectCulling.usf" 3173
"../../../Engine/Shaders/Private/DistanceFieldLightingPost.usf" 3174
"../../../Engine/Shaders/Private/DitheredTransitionStencil.usf" 3175
"../../../Engine/Shaders/Private/CopyDepthTexture.usf" 3176
"../../../Engine/Shaders/Private/CopyDepthTextureCS.usf" 3177
"../../../Engine/Shaders/Private/DeferredDecal.usf" 3178
"../../../Engine/Shaders/Private/DecalCommon.ush" 3179
"../../../Engine/Shaders/Private/DebugViewModeVertexShader.usf" 3180
"../../../Engine/Shaders/Private/DebugViewModeCommon.ush" 3181
"../../../Engine/Shaders/Private/DebugViewModePixelShader.usf" 3182
"../../../Engine/Shaders/Private/DebugProbes.usf" 3183
"../../../Engine/Shaders/Private/MeshDecals.usf" 3184
"../../../Engine/Shaders/Private/PostProcessAmbientOcclusion.usf" 3185
"../../../Engine/Shaders/Private/ClusteredDeferredShadingPixelShader.usf" 3186
"../../../Engine/Shaders/Private/ClusteredDeferredShadingVertexShader.usf" 3187
"../../../Engine/Shaders/Private/CapsuleShadowShaders.usf" 3188
"../../../Engine/Shaders/Private/BasePassPixelShader.usf" 3189
"../../../Engine/Shaders/Private/ForwardLightingCommon.ush" 3190
"../../../Engine/Shaders/Private/Substrate/SubstrateForwardLighting.ush" 3191
"../../../Engine/Shaders/Private/ComputeShaderOutputCommon.ush" 3192
"../../../Engine/Shaders/Private/BasePassVertexShader.usf" 3193
"../../../Engine/Shaders/Private/BasePassVertexCommon.ush" 3194
"../../../Engine/Shaders/Private/SimpleElementVolumeTexturePreviewPixelShader.usf" 3195
"../../../Engine/Shaders/Private/SimpleElementTexture2DPreviewPixelShader.usf" 3196
"../../../Engine/Shaders/Private/meshpaintdilatepixelshader.usf" 3197
"../../../Engine/Shaders/Private/meshpaintdilatevertexshader.usf" 3198
"../../../Engine/Shaders/Private/MeshPaintPixelShader.usf" 3199
"../../../Engine/Shaders/Private/MeshPaintVertexShader.usf" 3200
"../../../Engine/Shaders/Private/SlateElementPixelShader.usf" 3201
"../../../Engine/Shaders/Private/SlateShaderCommon.ush" 3202
"../../../Engine/Shaders/Private/SlateMaskingShader.usf" 3203
"../../../Engine/Shaders/Private/SlateVertexShader.usf" 3204
"../../../Engine/Shaders/Private/CompositeUIPixelShader.usf" 3205
"../../../Engine/Shaders/Private/ColorDeficiency.ush" 3206
"../../../Engine/Shaders/Private/SlatePostProcessColorDeficiencyPixelShader.usf" 3207
"../../../Engine/Shaders/Private/SlatePostProcessPixelShader.usf" 3208
"../../../Engine/Shaders/Private/Tools/VisualizeTexture.usf" 3209
"../../../Engine/Shaders/Private/UpdateDescriptorHandle.usf" 3210
"../../../Engine/Shaders/Private/ByteBuffer.usf" 3211
"../../../Engine/Shaders/Private/ShaderBundleWorkGraphDispatch.usf" 3212
"../../../Engine/Shaders/Private/ShaderBundleDispatch.usf" 3213
"../../../Engine/Shaders/Private/ResolveVertexShader.usf" 3214
"../../../Engine/Shaders/Private/ResolvePixelShader.usf" 3215
"../../../Engine/Shaders/Private/Tools/SetupIndirectArgs.usf" 3216
"../../../Engine/Shaders/Private/ClearReplacementShaders.usf" 3217
"../../../Engine/Shaders/Private/Tools/DrawTexture.usf" 3218
"../../../Engine/Shaders/Private/RayTracing/RayTracingValidation.usf" 3219
"../../../Engine/Shaders/Private/RenderGraphUtilities.usf" 3220
"../../../Engine/Shaders/Private/OneColorShader.usf" 3221
"../../../Engine/Shaders/Private/OculusShaders.usf" 3222
"../../../Engine/Shaders/Private/MediaShaders.usf" 3223
"../../../Engine/Shaders/Private/GPUMessaging.usf" 3224
"../../../Engine/Shaders/Private/Tools/GPUDebugCrashUtils.usf" 3225
"../../../Engine/Shaders/Private/NullPixelShader.usf" 3226
"../../../Engine/Shaders/Private/ComputeGenerateMips.usf" 3227
"../../../Engine/Shaders/Private/Tools/DumpTexture.usf" 3228
"../../../Engine/Shaders/Private/CopyTextureShaders.usf" 3229
"../../../Engine/Shaders/Private/Tools/FullscreenVertexShader.usf" 3230
"../../../Engine/Shaders/Private/RayTracing/RayTracingDispatchDesc.usf" 3231
"../../../Engine/Shaders/Private/Bink.usf" 3232
"../../../Engine/Shaders/Private/DepthOnlyPixelShader.usf" 3233
"../../../Engine/Shaders/Private/PositionOnlyDepthVertexShader.usf" 3234
"../../../Engine/Shaders/Private/DepthOnlyVertexShader.usf" 3235
"../../../Engine/Shaders/Private/AnisotropyPassShader.usf" 3236
"/Engine/EngineResources/WhiteSquareTexture" 3237
"../../../Engine/Content/EngineResources/WhiteSquareTexture.uasset" 3238
"/Engine/EngineResources/GradientTexture0" 3239
"../../../Engine/Content/EngineResources/GradientTexture0.uasset" 3240
"/Engine/EngineResources/Black" 3241
"../../../Engine/Content/EngineResources/Black.uasset" 3242
"/Engine/EditorResources/S_Actor" 3243
"../../../Engine/Content/EditorResources/S_Actor.uasset" 3244
"/Engine/EngineFonts/RobotoDistanceField" 3245
"../../../Engine/Content/EngineFonts/RobotoDistanceField.uasset" 3246
"/Engine/EngineMaterials/DefaultTextMaterialOpaque" 3247
"../../../Engine/Content/EngineMaterials/DefaultTextMaterialOpaque.uasset" 3248
"/Engine/Functions/Engine_MaterialFunctions01/Shading/PowerToRoughness" 3249
"../../../Engine/Content/Functions/Engine_MaterialFunctions01/Shading/PowerToRoughness.uasset" 3250
"/Engine/Functions/Engine_MaterialFunctions01/Shading/ConvertFromDiffSpec" 3251
"../../../Engine/Content/Functions/Engine_MaterialFunctions01/Shading/ConvertFromDiffSpec.uasset" 3252
"/Engine/EngineMaterials/WorldGridMaterial" 3253
"../../../Engine/Content/EngineMaterials/WorldGridMaterial.uasset" 3254
"../../../Engine/Content/Functions/Engine_MaterialFunctions01/Opacity/CameraDepthFade.uasset" 3255
"../../../Engine/Content/EngineMaterials/T_Default_Material_Grid_M.uasset" 3256
"../../../Engine/Content/EngineMaterials/T_Default_Material_Grid_N.uasset" 3257
"/Engine/EngineMaterials/DefaultDeferredDecalMaterial" 3258
"../../../Engine/Content/EngineMaterials/DefaultDeferredDecalMaterial.uasset" 3259
"../../../Engine/Content/EngineMaterials/DefaultDiffuse.uasset" 3260
"/Engine/EngineMaterials/DefaultLightFunctionMaterial" 3261
"../../../Engine/Content/EngineMaterials/DefaultLightFunctionMaterial.uasset" 3262
"/Engine/EngineMaterials/DefaultPostProcessMaterial" 3263
"../../../Engine/Content/EngineMaterials/DefaultPostProcessMaterial.uasset" 3264
"../../../Engine/Content/Functions/Engine_MaterialFunctions02/Utility/BreakOutFloat2Components.uasset" 3265
"/Engine/EditorResources/S_Trigger" 3266
"../../../Engine/Content/EditorResources/S_Trigger.uasset" 3267
"/Engine/EditorResources/S_BoxReflectionCapture" 3268
"../../../Engine/Content/EditorResources/S_BoxReflectionCapture.uasset" 3269
"/Engine/EngineResources/DefaultTexture" 3270
"../../../Engine/Content/EngineResources/DefaultTexture.uasset" 3271
"/Engine/EditorResources/S_TriggerBox" 3272
"../../../Engine/Content/EditorResources/S_TriggerBox.uasset" 3273
"/Engine/EditorResources/S_TriggerCapsule" 3274
"../../../Engine/Content/EditorResources/S_TriggerCapsule.uasset" 3275
"/Engine/EditorResources/S_TriggerSphere" 3276
"../../../Engine/Content/EditorResources/S_TriggerSphere.uasset" 3277
"/Engine/EngineMeshes/Sphere" 3278
"../../../Engine/Content/EngineMeshes/Sphere.uasset" 3279
"/Engine/EngineDamageTypes/DmgTypeBP_Environmental" 3280
"../../../Engine/Content/EngineDamageTypes/DmgTypeBP_Environmental.uasset" 3281
"/Engine/EngineResources/DefaultTextureCube" 3282
"../../../Engine/Content/EngineResources/DefaultTextureCube.uasset" 3283
"/Engine/EngineResources/DefaultVolumeTexture" 3284
"../../../Engine/Content/EngineResources/DefaultVolumeTexture.uasset" 3285
"../../../Engine/Content/EngineResources/DefaultVolumeTexture2D.uasset" 3286
"/Engine/EditorResources/S_Solver" 3287
"../../../Engine/Content/EditorResources/S_Solver.uasset" 3288
"/Engine/EngineDebugMaterials/VolumeToRender" 3289
"../../../Engine/Content/EngineDebugMaterials/VolumeToRender.uasset" 3290
"/Engine/EngineDebugMaterials/M_VolumeRenderSphereTracePP" 3291
"../../../Engine/Content/EngineDebugMaterials/M_VolumeRenderSphereTracePP.uasset" 3292
"../../../Engine/Content/Functions/Engine_MaterialFunctions02/Utility/CameraDirectionVector.uasset" 3293
"/Engine/EditorMeshes/Camera/SM_CraneRig_Base" 3294
"../../../Engine/Content/EditorMeshes/Camera/SM_CraneRig_Base.uasset" 3295
"../../../Engine/Content/EditorMaterials/Camera/MI_CineMat_Rig.uasset" 3296
"../../../Engine/Content/EditorMaterials/Camera/CineMat.uasset" 3297
"/Engine/EditorMeshes/Camera/SM_CraneRig_Arm" 3298
"../../../Engine/Content/EditorMeshes/Camera/SM_CraneRig_Arm.uasset" 3299
"/Engine/EditorMeshes/Camera/SM_CraneRig_Mount" 3300
"../../../Engine/Content/EditorMeshes/Camera/SM_CraneRig_Mount.uasset" 3301
"/Engine/EditorMeshes/Camera/SM_CraneRig_Body" 3302
"../../../Engine/Content/EditorMeshes/Camera/SM_CraneRig_Body.uasset" 3303
"/Engine/EditorMeshes/Camera/SM_RailRig_Track" 3304
"../../../Engine/Content/EditorMeshes/Camera/SM_RailRig_Track.uasset" 3305
"/Engine/EditorMeshes/Camera/SM_RailRig_Mount" 3306
"../../../Engine/Content/EditorMeshes/Camera/SM_RailRig_Mount.uasset" 3307
"/Engine/EditorLandscapeResources/SplineEditorMesh" 3308
"../../../Engine/Content/EditorLandscapeResources/SplineEditorMesh.uasset" 3309
"../../../Engine/Content/EditorLandscapeResources/SplineEditorMeshMat.uasset" 3310
"/HairStrands/Materials/HairDebugMaterial" 3311
"../../Plugins/Runtime/HairStrands/Content/Materials/HairDebugMaterial.uasset" 3312
"../../../Engine/Content/Functions/Engine_MaterialFunctions02/Utility/MakeFloat2.uasset" 3313
"../../../Engine/Content/Functions/Engine_MaterialFunctions02/Utility/MakeFloat3.uasset" 3314
"../../../Engine/Content/EngineMaterials/HairColorMap.uasset" 3315
"../../../Engine/Content/EngineMaterials/HairDebugColor.uasset" 3316
"../../Plugins/Runtime/HairStrands/Content/Materials/HairGroupColors.uasset" 3317
"/HairStrands/Materials/HairDefaultMaterial" 3318
"../../Plugins/Runtime/HairStrands/Content/Materials/HairDefaultMaterial.uasset" 3319
"/HairStrands/Materials/HairCardsDefaultMaterial" 3320
"../../Plugins/Runtime/HairStrands/Content/Materials/HairCardsDefaultMaterial.uasset" 3321
"/HairStrands/Materials/HairMeshesDefaultMaterial" 3322
"../../Plugins/Runtime/HairStrands/Content/Materials/HairMeshesDefaultMaterial.uasset" 3323
"/Engine/EngineMaterials/Widget3DPassThrough_Translucent" 3324
"../../../Engine/Content/EngineMaterials/Widget3DPassThrough_Translucent.uasset" 3325
"../../../Engine/Content/EngineMaterials/Widget3DPassThrough.uasset" 3326
"/Engine/EngineMaterials/Widget3DPassThrough_Translucent_OneSided" 3327
"../../../Engine/Content/EngineMaterials/Widget3DPassThrough_Translucent_OneSided.uasset" 3328
"/Engine/EngineMaterials/Widget3DPassThrough_Opaque" 3329
"../../../Engine/Content/EngineMaterials/Widget3DPassThrough_Opaque.uasset" 3330
"/Engine/EngineMaterials/Widget3DPassThrough_Opaque_OneSided" 3331
"../../../Engine/Content/EngineMaterials/Widget3DPassThrough_Opaque_OneSided.uasset" 3332
"/Engine/EngineMaterials/Widget3DPassThrough_Masked" 3333
"../../../Engine/Content/EngineMaterials/Widget3DPassThrough_Masked.uasset" 3334
"/Engine/EngineMaterials/Widget3DPassThrough_Masked_OneSided" 3335
"../../../Engine/Content/EngineMaterials/Widget3DPassThrough_Masked_OneSided.uasset" 3336
"/Engine/VREditor/ViewportInteractionAssetContainerData" 3337
"../../../Engine/Content/VREditor/ViewportInteractionAssetContainerData.uasset" 3338
"../../../Engine/Content/VREditor/SnapGrid/SnapGridMaterial.uasset" 3339
"../../../Engine/Content/VREditor/TransformGizmo/TransformGizmoMaterial_Inst.uasset" 3340
"../../../Engine/Content/VREditor/TransformGizmo/TranslucentTransformGizmoMaterial_Inst.uasset" 3341
"../../../Engine/Content/VREditor/SnapGrid/SnapGridPlaneMesh.uasset" 3342
"../../../Engine/Content/VREditor/Sounds/UI/Drop_Item_From_ContentBrowser.uasset" 3343
"../../../Engine/Content/VREditor/Sounds/UI/Gizmo_Handle_Clicked.uasset" 3344
"../../../Engine/Content/VREditor/Sounds/UI/Object_PickUp.uasset" 3345
"../../../Engine/Content/VREditor/Sounds/UI/Object_Snaps_To_Another_Actor.uasset" 3346
"../../../Engine/Content/VREditor/Sounds/UI/Object_Snaps_To_Grid.uasset" 3347
"../../../Engine/Content/VREditor/Sounds/UI/Scaling_Down.uasset" 3348
"../../../Engine/Content/VREditor/Sounds/UI/Scaling_Up.uasset" 3349
"../../../Engine/Content/VREditor/Sounds/UI/Selection_Changes.uasset" 3350
"../../../Engine/Content/VREditor/TransformGizmo/PlaneTranslationHandle.uasset" 3351
"../../../Engine/Content/VREditor/TransformGizmo/RotationHandleFull.uasset" 3352
"../../../Engine/Content/VREditor/TransformGizmo/RotationHandleIndicator.uasset" 3353
"../../../Engine/Content/VREditor/TransformGizmo/RotationHandleQuarter.uasset" 3354
"../../../Engine/Content/VREditor/TransformGizmo/StartRotationHandleIndicator.uasset" 3355
"../../../Engine/Content/VREditor/TransformGizmo/TransformGizmoFreeRotation.uasset" 3356
"../../../Engine/Content/VREditor/TransformGizmo/TranslateArrowHandle.uasset" 3357
"../../../Engine/Content/VREditor/TransformGizmo/UniformScaleHandle.uasset" 3358
"../../../Engine/Content/Functions/Engine_MaterialFunctions02/Math/Transform3x3Matrix.uasset" 3359
"../../../Engine/Content/Functions/Engine_MaterialFunctions02/SplitComponents.uasset" 3360
"../../../Engine/Content/VREditor/TransformGizmo/TransformGizmoMaterial.uasset" 3361
"../../../Engine/Content/VREditor/TransformGizmo/TranslucentTransformGizmoMaterial.uasset" 3362
"../../../Engine/Content/Functions/Engine_MaterialFunctions02/Utility/BreakOutFloat3Components.uasset" 3363
"../../../Engine/Content/VREditor/LaserPointer/VR_LaserPower_01.uasset" 3364
"/Engine/VREditor/TransformGizmo/BoundingBoxCorner" 3365
"../../../Engine/Content/VREditor/TransformGizmo/BoundingBoxCorner.uasset" 3366
"/Engine/VREditor/TransformGizmo/BoundingBoxEdge" 3367
"../../../Engine/Content/VREditor/TransformGizmo/BoundingBoxEdge.uasset" 3368
"/Engine/ArtTools/RenderToTexture/Meshes/S_1_Unit_Plane" 3369
"../../../Engine/Content/ArtTools/RenderToTexture/Meshes/S_1_Unit_Plane.uasset" 3370
"/Engine/EngineDebugMaterials/M_SimpleUnlitTranslucent" 3371
"../../../Engine/Content/EngineDebugMaterials/M_SimpleUnlitTranslucent.uasset" 3372
"/Engine/EngineFonts/Roboto" 3373
"../../../Engine/Content/EngineFonts/Roboto.uasset" 3374
"../../../Engine/Content/EngineFonts/Faces/DroidSansFallback.uasset" 3375
"../../../Engine/Content/EngineFonts/Faces/RobotoBold.uasset" 3376
"../../../Engine/Content/EngineFonts/Faces/RobotoBoldItalic.uasset" 3377
"../../../Engine/Content/EngineFonts/Faces/RobotoItalic.uasset" 3378
"../../../Engine/Content/EngineFonts/Faces/RobotoLight.uasset" 3379
"../../../Engine/Content/EngineFonts/Faces/RobotoRegular.uasset" 3380
"/Engine/EditorMaterials/ParticleSystems/PSysThumbnail_NoImage" 3381
"../../../Engine/Content/EditorMaterials/ParticleSystems/PSysThumbnail_NoImage.uasset" 3382
"/Engine/EditorMaterials/ParticleSystems/PSysThumbnail_OOD" 3383
"../../../Engine/Content/EditorMaterials/ParticleSystems/PSysThumbnail_OOD.uasset" 3384
"/Engine/EngineResources/LandscapeVisibilityLayerInfo" 3385
"../../../Engine/Content/EngineResources/LandscapeVisibilityLayerInfo.uasset" 3386
"../../../../../../Users/user1/Documents/Unreal Projects/Casino_Simulator_KCU/Intermediate/ShaderAutogen/PCD3D_SM5/AutogenShaderHeaders.ush" 3387
"/ACLPlugin/ACLAnimBoneCompressionSettings" 3388
"../../Plugins/Animation/ACLPlugin/Content/ACLAnimBoneCompressionSettings.uasset" 3389
"/Engine/Animation/DefaultRecorderBoneCompression" 3390
"../../../Engine/Content/Animation/DefaultRecorderBoneCompression.uasset" 3391
"/ACLPlugin/ACLAnimCurveCompressionSettings" 3392
"../../Plugins/Animation/ACLPlugin/Content/ACLAnimCurveCompressionSettings.uasset" 3393
"/Engine/Animation/DefaultVariableFrameStrippingSettings" 3394
"../../../Engine/Content/Animation/DefaultVariableFrameStrippingSettings.uasset" 3395
"/Paper2D/MaskedUnlitSpriteMaterial" 3396
"../../Plugins/2D/Paper2D/Content/MaskedUnlitSpriteMaterial.uasset" 3397
"../../Plugins/2D/Paper2D/Content/DefaultSpriteMaterial.uasset" 3398
"../../Plugins/2D/Paper2D/Content/PlaceholderTextures/DummySpriteTexture.uasset" 3399
"/Paper2D/OpaqueUnlitSpriteMaterial" 3400
"../../Plugins/2D/Paper2D/Content/OpaqueUnlitSpriteMaterial.uasset" 3401
"/Paper2D/DefaultPaperTerrainMaterial" 3402
"../../Plugins/2D/Paper2D/Content/DefaultPaperTerrainMaterial.uasset" 3403
"../../Plugins/2D/Paper2D/Content/DummySprite.uasset" 3404
"/ControlRig/Controls/ControlRigXRayMaterial" 3405
"../../Plugins/Animation/ControlRig/Content/Controls/ControlRigXRayMaterial.uasset" 3406
"/ControlRig/Controls/DefaultGizmoLibraryNormalized" 3407
"../../Plugins/Animation/ControlRig/Content/Controls/DefaultGizmoLibraryNormalized.uasset" 3408
"/ControlRig/M_Manip" 3409
"../../Plugins/Animation/ControlRig/Content/M_Manip.uasset" 3410
"../../../Engine/Content/Functions/Engine_MaterialFunctions02/WorldPositionOffset/CameraOffset.uasset" 3411
"/AudioWidgets/Resources/ScrubHandleDown_Clamped" 3412
"../../Plugins/Runtime/AudioWidgets/Content/Resources/ScrubHandleDown_Clamped.uasset" 3413
"../../../Engine/Config/BaseUnrealInsightsSettings.ini" 3414
"/SpeedTreeImporter/SpeedTree9/SpeedTreeMaster" 3415
"../../Plugins/Editor/SpeedTreeImporter/Content/SpeedTree9/SpeedTreeMaster.uasset" 3416
"../../../Engine/Content/Functions/Engine_MaterialFunctions02/ObjectLocalBounds.uasset" 3417
"../../../Engine/Content/Functions/Engine_MaterialFunctions02/SafeNormalize.uasset" 3418
"../../../Engine/Content/Functions/Engine_MaterialFunctions02/Utility/VectorLength.uasset" 3419
"../../../Engine/Content/Functions/Engine_MaterialFunctions02/UVs/BoundingBoxBased_0-1_UVW.uasset" 3420
"../../../Engine/Content/Functions/Engine_MaterialFunctions02/WorldPositionOffset/ObjectScale.uasset" 3421
"../../Plugins/Editor/SpeedTreeImporter/Content/SpeedTree9/SpeedTreeBranchMotion.uasset" 3422
"../../Plugins/Editor/SpeedTreeImporter/Content/SpeedTree9/SpeedTreeCameraFacing.uasset" 3423
"../../Plugins/Editor/SpeedTreeImporter/Content/SpeedTree9/SpeedTreeWind.uasset" 3424
"../../Plugins/Editor/SpeedTreeImporter/Content/SpeedTree9/SpeedTreeWindMotion.uasset" 3425
"../../Plugins/Editor/SpeedTreeImporter/Content/SpeedTree9/UnpackDirection.uasset" 3426
"../../Plugins/Editor/SpeedTreeImporter/Content/SpeedTree9/UnpackInteger3.uasset" 3427
"../../Plugins/Editor/SpeedTreeImporter/Content/SpeedTree9/Empty.uasset" 3428
"../../Plugins/Editor/SpeedTreeImporter/Content/SpeedTree9/EmptyNormal.uasset" 3429
"../../Plugins/Editor/SpeedTreeImporter/Content/SpeedTree9/game_wind_noise.uasset" 3430
"/SpeedTreeImporter/SpeedTree9/SpeedTreeBillboardMaster" 3431
"../../Plugins/Editor/SpeedTreeImporter/Content/SpeedTree9/SpeedTreeBillboardMaster.uasset" 3432
"../../Plugins/Editor/SpeedTreeImporter/Content/SpeedTree9/SpeedTreeBillboard.uasset" 3433
"C:/Program Files/Epic Games/UE_5.7/Engine/Binaries/ThirdParty/USD/UsdResources/Win64/X64/plugins/plugInfo.json" 3434
"C:/Program Files/Epic Games/UE_5.7/Engine/Binaries/ThirdParty/USD/UsdResources/Win64/X64/plugins/esf/resources/plugInfo.json" 3435
"C:/Program Files/Epic Games/UE_5.7/Engine/Binaries/ThirdParty/USD/UsdResources/Win64/X64/plugins/execUsd/resources/plugInfo.json" 3436
"C:/Program Files/Epic Games/UE_5.7/Engine/Binaries/ThirdParty/USD/UsdResources/Win64/X64/plugins/hdSt/resources/plugInfo.json" 3437
"C:/Program Files/Epic Games/UE_5.7/Engine/Binaries/ThirdParty/USD/UsdResources/Win64/X64/plugins/hioAvif/resources/plugInfo.json" 3438
"C:/Program Files/Epic Games/UE_5.7/Engine/Binaries/ThirdParty/USD/UsdResources/Win64/X64/plugins/usdShaders/resources/plugInfo.json" 3439
"C:/Program Files/Epic Games/UE_5.7/Engine/Binaries/ThirdParty/USD/UsdResources/Win64/X64/plugins/usdHydra/resources/plugInfo.json" 3440
"C:/Program Files/Epic Games/UE_5.7/Engine/Binaries/ThirdParty/USD/UsdResources/Win64/X64/plugins/usdValidation/resources/plugInfo.json" 3441
"C:/Program Files/Epic Games/UE_5.7/Engine/Binaries/ThirdParty/USD/UsdResources/Win64/X64/plugins/hdStorm/resources/plugInfo.json" 3442
"C:/Program Files/Epic Games/UE_5.7/Engine/Binaries/ThirdParty/USD/UsdResources/Win64/X64/plugins/hd/resources/plugInfo.json" 3443
"C:/Program Files/Epic Games/UE_5.7/Engine/Binaries/ThirdParty/USD/UsdResources/Win64/X64/plugins/usdImaging/resources/plugInfo.json" 3444
"C:/Program Files/Epic Games/UE_5.7/Engine/Binaries/ThirdParty/USD/UsdResources/Win64/X64/plugins/execGeom/resources/plugInfo.json" 3445
"C:/Program Files/Epic Games/UE_5.7/Engine/Binaries/ThirdParty/USD/UsdResources/Win64/X64/plugins/usdRender/resources/plugInfo.json" 3446
"C:/Program Files/Epic Games/UE_5.7/Engine/Binaries/ThirdParty/USD/UsdResources/Win64/X64/plugins/usdPhysics/resources/plugInfo.json" 3447
"C:/Program Files/Epic Games/UE_5.7/Engine/Binaries/ThirdParty/USD/UsdResources/Win64/X64/plugins/usdShadeValidators/resources/plugInfo.json" 3448
"C:/Program Files/Epic Games/UE_5.7/Engine/Binaries/ThirdParty/USD/UsdResources/Win64/X64/plugins/sdr/resources/plugInfo.json" 3449
"C:/Program Files/Epic Games/UE_5.7/Engine/Binaries/ThirdParty/USD/UsdResources/Win64/X64/plugins/usdVol/resources/plugInfo.json" 3450
"C:/Program Files/Epic Games/UE_5.7/Engine/Binaries/ThirdParty/USD/UsdResources/Win64/X64/plugins/usdSkelValidators/resources/plugInfo.json" 3451
"C:/Program Files/Epic Games/UE_5.7/Engine/Binaries/ThirdParty/USD/UsdResources/Win64/X64/plugins/hgiGL/resources/plugInfo.json" 3452
"C:/Program Files/Epic Games/UE_5.7/Engine/Binaries/ThirdParty/USD/UsdResources/Win64/X64/plugins/hdsi/resources/plugInfo.json" 3453
"C:/Program Files/Epic Games/UE_5.7/Engine/Binaries/ThirdParty/USD/UsdResources/Win64/X64/plugins/usdUtilsValidators/resources/plugInfo.json" 3454
"C:/Program Files/Epic Games/UE_5.7/Engine/Binaries/ThirdParty/USD/UsdResources/Win64/X64/plugins/hio/resources/plugInfo.json" 3455
"C:/Program Files/Epic Games/UE_5.7/Engine/Binaries/ThirdParty/USD/UsdResources/Win64/X64/plugins/usdPhysicsValidators/resources/plugInfo.json" 3456
"C:/Program Files/Epic Games/UE_5.7/Engine/Binaries/ThirdParty/USD/UsdResources/Win64/X64/plugins/usdSemantics/resources/plugInfo.json" 3457
"C:/Program Files/Epic Games/UE_5.7/Engine/Binaries/ThirdParty/USD/UsdResources/Win64/X64/plugins/usdRi/resources/plugInfo.json" 3458
"C:/Program Files/Epic Games/UE_5.7/Engine/Binaries/ThirdParty/USD/UsdResources/Win64/X64/plugins/sdf/resources/plugInfo.json" 3459
"C:/Program Files/Epic Games/UE_5.7/Engine/Binaries/ThirdParty/USD/UsdResources/Win64/X64/plugins/usdGeom/resources/plugInfo.json" 3460
"C:/Program Files/Epic Games/UE_5.7/Engine/Binaries/ThirdParty/USD/UsdResources/Win64/X64/plugins/usdImagingGL/resources/plugInfo.json" 3461
"C:/Program Files/Epic Games/UE_5.7/Engine/Binaries/ThirdParty/USD/UsdResources/Win64/X64/plugins/usdProcImaging/resources/plugInfo.json" 3462
"C:/Program Files/Epic Games/UE_5.7/Engine/Binaries/ThirdParty/USD/UsdResources/Win64/X64/plugins/usdShade/resources/plugInfo.json" 3463
"C:/Program Files/Epic Games/UE_5.7/Engine/Binaries/ThirdParty/USD/UsdResources/Win64/X64/plugins/usdMtlx/resources/plugInfo.json" 3464
"C:/Program Files/Epic Games/UE_5.7/Engine/Binaries/ThirdParty/USD/UsdResources/Win64/X64/plugins/usdSkelImaging/resources/plugInfo.json" 3465
"C:/Program Files/Epic Games/UE_5.7/Engine/Binaries/ThirdParty/USD/UsdResources/Win64/X64/plugins/ar/resources/plugInfo.json" 3466
"C:/Program Files/Epic Games/UE_5.7/Engine/Binaries/ThirdParty/USD/UsdResources/Win64/X64/plugins/unreal/resources/plugInfo.json" 3467
"C:/Program Files/Epic Games/UE_5.7/Engine/Binaries/ThirdParty/USD/UsdResources/Win64/X64/plugins/esfUsd/resources/plugInfo.json" 3468
"C:/Program Files/Epic Games/UE_5.7/Engine/Binaries/ThirdParty/USD/UsdResources/Win64/X64/plugins/hdx/resources/plugInfo.json" 3469
"C:/Program Files/Epic Games/UE_5.7/Engine/Binaries/ThirdParty/USD/UsdResources/Win64/X64/plugins/hdGp/resources/plugInfo.json" 3470
"C:/Program Files/Epic Games/UE_5.7/Engine/Binaries/ThirdParty/USD/UsdResources/Win64/X64/plugins/sdrGlslfx/resources/plugInfo.json" 3471
"C:/Program Files/Epic Games/UE_5.7/Engine/Binaries/ThirdParty/USD/UsdResources/Win64/X64/plugins/usdUI/resources/plugInfo.json" 3472
"C:/Program Files/Epic Games/UE_5.7/Engine/Binaries/ThirdParty/USD/UsdResources/Win64/X64/plugins/ueCloth/resources/plugInfo.json" 3473
"C:/Program Files/Epic Games/UE_5.7/Engine/Binaries/ThirdParty/USD/UsdResources/Win64/X64/plugins/exec/resources/plugInfo.json" 3474
"C:/Program Files/Epic Games/UE_5.7/Engine/Binaries/ThirdParty/USD/UsdResources/Win64/X64/plugins/usd/resources/plugInfo.json" 3475
"C:/Program Files/Epic Games/UE_5.7/Engine/Binaries/ThirdParty/USD/UsdResources/Win64/X64/plugins/usdAbc/resources/plugInfo.json" 3476
"C:/Program Files/Epic Games/UE_5.7/Engine/Binaries/ThirdParty/USD/UsdResources/Win64/X64/plugins/usdGeomValidators/resources/plugInfo.json" 3477
"C:/Program Files/Epic Games/UE_5.7/Engine/Binaries/ThirdParty/USD/UsdResources/Win64/X64/plugins/usdProc/resources/plugInfo.json" 3478
"C:/Program Files/Epic Games/UE_5.7/Engine/Binaries/ThirdParty/USD/UsdResources/Win64/X64/plugins/usdLux/resources/plugInfo.json" 3479
"C:/Program Files/Epic Games/UE_5.7/Engine/Binaries/ThirdParty/USD/UsdResources/Win64/X64/plugins/usdSkel/resources/plugInfo.json" 3480
"C:/Program Files/Epic Games/UE_5.7/Engine/Binaries/ThirdParty/USD/UsdResources/Win64/X64/plugins/usdRiPxrImaging/resources/plugInfo.json" 3481
"C:/Program Files/Epic Games/UE_5.7/Engine/Binaries/ThirdParty/USD/UsdResources/Win64/X64/plugins/usdMedia/resources/plugInfo.json" 3482
"C:/Program Files/Epic Games/UE_5.7/Engine/Binaries/ThirdParty/USD/UsdResources/Win64/X64/plugins/glf/resources/plugInfo.json" 3483
"C:/Program Files/Epic Games/UE_5.7/Engine/Binaries/ThirdParty/USD/UsdResources/Win64/X64/plugins/usdVolImaging/resources/plugInfo.json" 3484
"C:/Program Files/Epic Games/UE_5.7/Engine/Binaries/ThirdParty/USD/UsdResources/Win64/X64/plugins/usd/resources/codegenTemplates/plugInfo.json" 3485
"../../../Engine/Intermediate/ProjectFiles/PrimaryProjectPath.txt" 3486
"/MediaPlate/SM_MediaPlateScreen" 3487
"../../Plugins/Media/MediaPlate/Content/SM_MediaPlateScreen.uasset" 3488
"/Engine/BasicShapes/BasicShapeMaterial" 3489
"../../../Engine/Content/BasicShapes/BasicShapeMaterial.uasset" 3490
"/Engine/EditorMaterials/Dataflow/DataflowVertexMaterial" 3491
"../../../Engine/Content/EditorMaterials/Dataflow/DataflowVertexMaterial.uasset" 3492
"/Engine/EditorMaterials/Dataflow/DataflowTwoSidedVertexMaterial" 3493
"../../../Engine/Content/EditorMaterials/Dataflow/DataflowTwoSidedVertexMaterial.uasset" 3494
"/MeshModelingToolsetExp/Materials/PointSetOverlaidComponentMaterial" 3495
"../../Plugins/Experimental/MeshModelingToolsetExp/Content/Materials/PointSetOverlaidComponentMaterial.uasset" 3496
"../../../Engine/Content/Functions/Engine_MaterialFunctions02/Utility/FOV.uasset" 3497
"../../../Engine/Content/Functions/Engine_MaterialFunctions02/WorldPositionOffset/V2/ObjectScale.uasset" 3498
"../../../Engine/Content/Functions/Engine_MaterialFunctions03/Viewport/MF_OrthoWidth.uasset" 3499
"../../Plugins/Experimental/MeshModelingToolsetExp/Content/Materials/GetDisplacementVectorForDepthBias.uasset" 3500
"/Engine/EditorLandscapeResources/LayerVisMaterial" 3501
"../../../Engine/Content/EditorLandscapeResources/LayerVisMaterial.uasset" 3502
"../../../Engine/Content/EditorLandscapeResources/WhiteSquareTexture.uasset" 3503
"/Engine/EditorLandscapeResources/SelectBrushMaterial_Selected" 3504
"../../../Engine/Content/EditorLandscapeResources/SelectBrushMaterial_Selected.uasset" 3505
"../../../Engine/Content/EditorLandscapeResources/SelectBrushMaterial.uasset" 3506
"../../../Engine/Content/Functions/Engine_MaterialFunctions03/Math/WithinRangeFloat2.uasset" 3507
"../../../Engine/Content/EditorLandscapeResources/DefaultAlphaTexture.uasset" 3508
"/Engine/EditorLandscapeResources/SelectBrushMaterial_SelectedRegion" 3509
"../../../Engine/Content/EditorLandscapeResources/SelectBrushMaterial_SelectedRegion.uasset" 3510
"/Engine/EditorLandscapeResources/MaskBrushMaterial_MaskedRegion" 3511
"../../../Engine/Content/EditorLandscapeResources/MaskBrushMaterial_MaskedRegion.uasset" 3512
"../../../Engine/Content/EditorLandscapeResources/MaskBrushMaterial.uasset" 3513
"/Engine/EditorLandscapeResources/ColorMaskBrushMaterial_MaskedRegion" 3514
"../../../Engine/Content/EditorLandscapeResources/ColorMaskBrushMaterial_MaskedRegion.uasset" 3515
"../../../Engine/Content/EditorLandscapeResources/ColorMaskBrushMaterial.uasset" 3516
"/Engine/EditorLandscapeResources/LandscapeDirtyMaterial" 3517
"../../../Engine/Content/EditorLandscapeResources/LandscapeDirtyMaterial.uasset" 3518
"/Engine/EditorLandscapeResources/LandscapeLayerUsageMaterial" 3519
"../../../Engine/Content/EditorLandscapeResources/LandscapeLayerUsageMaterial.uasset" 3520
"../../../Engine/Content/Functions/Engine_MaterialFunctions01/Debug/DebugIntValues.uasset" 3521
"../../../Engine/Content/Functions/Engine_MaterialFunctions01/Texturing/ScaleUVsByCenter.uasset" 3522
"../../../Engine/Content/Functions/Engine_MaterialFunctions02/WorldPositionOffset/LocalPosition.uasset" 3523
"../../../Engine/Content/Functions/Engine_MaterialFunctions01/Texturing/TextureCropping.uasset" 3524
"../../../Engine/Content/Functions/Engine_MaterialFunctions02/ExampleContent/DebugNumberStrip.uasset" 3525
"C:/Users/user1/AppData/Local/UnrealEngine/Editor/UInteractiveToolsPresetCollectionAsset_DefaultCollection.json" 3526
"/Engine/EngineMaterials/NaniteHiddenSectionMaterial" 3527
"../../../Engine/Content/EngineMaterials/NaniteHiddenSectionMaterial.uasset" 3528
"/Engine/EngineMaterials/RemoveSurfaceMaterial" 3529
"../../../Engine/Content/EngineMaterials/RemoveSurfaceMaterial.uasset" 3530
"/Engine/EngineDebugMaterials/DebugMeshMaterial" 3531
"../../../Engine/Content/EngineDebugMaterials/DebugMeshMaterial.uasset" 3532
"/Engine/EngineMaterials/EmissiveMeshMaterial" 3533
"../../../Engine/Content/EngineMaterials/EmissiveMeshMaterial.uasset" 3534
"../../../Engine/Content/EngineMaterials/DefaultWhiteGrid_Low.uasset" 3535
"/Engine/EngineMaterials/M_InvalidLightmapSettings" 3536
"../../../Engine/Content/EngineMaterials/M_InvalidLightmapSettings.uasset" 3537
"../../../Engine/Content/EngineMaterials/InvalidLightmapSettings.uasset" 3538
"/Engine/EngineMaterials/GizmoMaterial" 3539
"../../../Engine/Content/EngineMaterials/GizmoMaterial.uasset" 3540
"/Engine/EngineMaterials/PhAT_JointLimitMaterial" 3541
"../../../Engine/Content/EngineMaterials/PhAT_JointLimitMaterial.uasset" 3542
"/Engine/EngineMaterials/FlattenMaterial" 3543
"../../../Engine/Content/EngineMaterials/FlattenMaterial.uasset" 3544
"../../../Engine/Content/EngineMaterials/BaseFlattenDiffuseMap.uasset" 3545
"../../../Engine/Content/EngineMaterials/BaseFlattenEmissiveMap.uasset" 3546
"../../../Engine/Content/EngineMaterials/BaseFlattenGrayscaleMap.uasset" 3547
"../../../Engine/Content/EngineMaterials/BaseFlattenLinearColor.uasset" 3548
"../../../Engine/Content/EngineMaterials/BaseFlattenNormalMap.uasset" 3549
"../../../Engine/Content/Functions/Engine_MaterialFunctions02/PivotPainter2/Black_1x1_EXR_Texture.uasset" 3550
"/Engine/EngineMaterials/FlattenMaterial_VT" 3551
"../../../Engine/Content/EngineMaterials/FlattenMaterial_VT.uasset" 3552
"../../../Engine/Content/EngineMaterials/BaseFlattenDiffuseMap_VT.uasset" 3553
"../../../Engine/Content/EngineMaterials/BaseFlattenEmissiveMap_VT.uasset" 3554
"../../../Engine/Content/EngineMaterials/BaseFlattenGrayscaleMap_VT.uasset" 3555
"../../../Engine/Content/EngineMaterials/BaseFlattenLinearColor_VT.uasset" 3556
"../../../Engine/Content/EngineMaterials/BaseFlattenNormalMap_VT.uasset" 3557
"../../../Engine/Content/EngineMaterials/Black_1x1_EXR_Texture_VT.uasset" 3558
"/Engine/EngineMaterials/FlattenMaterial_WS_Normal_VT" 3559
"../../../Engine/Content/EngineMaterials/FlattenMaterial_WS_Normal_VT.uasset" 3560
"/Engine/EngineMaterials/Good64x64TilingNoiseHighFreq" 3561
"../../../Engine/Content/EngineMaterials/Good64x64TilingNoiseHighFreq.uasset" 3562
"/Engine/EngineMaterials/DefaultBokeh" 3563
"../../../Engine/Content/EngineMaterials/DefaultBokeh.uasset" 3564
"/Engine/EngineMaterials/MiniFont" 3565
"../../../Engine/Content/EngineMaterials/MiniFont.uasset" 3566
"/Engine/EngineMaterials/WeightMapPlaceholderTexture" 3567
"../../../Engine/Content/EngineMaterials/WeightMapPlaceholderTexture.uasset" 3568
"/Engine/EngineMaterials/WeightMapArrayPlaceholderTexture" 3569
"../../../Engine/Content/EngineMaterials/WeightMapArrayPlaceholderTexture.uasset" 3570
"/Engine/EngineMaterials/DefaultWhiteGrid" 3571
"../../../Engine/Content/EngineMaterials/DefaultWhiteGrid.uasset" 3572
"/Engine/EngineMaterials/PreintegratedSkinBRDF" 3573
"../../../Engine/Content/EngineMaterials/PreintegratedSkinBRDF.uasset" 3574
"/Engine/EngineMaterials/LTC/GGX_LTCAmp" 3575
"../../../Engine/Content/EngineMaterials/LTC/GGX_LTCAmp.uasset" 3576
"/Engine/EngineMaterials/LTC/GGX_LTCMat" 3577
"../../../Engine/Content/EngineMaterials/LTC/GGX_LTCMat.uasset" 3578
"/Engine/EngineMaterials/LTC/Sheen_LTC" 3579
"../../../Engine/Content/EngineMaterials/LTC/Sheen_LTC.uasset" 3580
"/Engine/EngineMaterials/EnergyConservation/GGX_ReflectionEnergy" 3581
"../../../Engine/Content/EngineMaterials/EnergyConservation/GGX_ReflectionEnergy.uasset" 3582
"/Engine/EngineMaterials/EnergyConservation/GGX_TransmissionEnergyArray" 3583
"../../../Engine/Content/EngineMaterials/EnergyConservation/GGX_TransmissionEnergyArray.uasset" 3584
"/Engine/EngineMaterials/EnergyConservation/Sheen_Energy" 3585
"../../../Engine/Content/EngineMaterials/EnergyConservation/Sheen_Energy.uasset" 3586
"/Engine/EngineMaterials/EnergyConservation/Diffuse_Energy" 3587
"../../../Engine/Content/EngineMaterials/EnergyConservation/Diffuse_Energy.uasset" 3588
"/Engine/EngineMaterials/DefaultPhysicalMaterial" 3589
"../../../Engine/Content/EngineMaterials/DefaultPhysicalMaterial.uasset" 3590
"/Engine/EngineMaterials/DefaultDestructiblePhysicalMaterial" 3591
"../../../Engine/Content/EngineMaterials/DefaultDestructiblePhysicalMaterial.uasset" 3592
"/Niagara/ParameterDefinitions/CoreParameters" 3593
"../../Plugins/FX/Niagara/Content/ParameterDefinitions/CoreParameters.uasset" 3594
"/Niagara/ParameterDefinitions/DecalRenderer" 3595
"../../Plugins/FX/Niagara/Content/ParameterDefinitions/DecalRenderer.uasset" 3596
"/Niagara/ParameterDefinitions/LightRenderer" 3597
"../../Plugins/FX/Niagara/Content/ParameterDefinitions/LightRenderer.uasset" 3598
"/Niagara/ParameterDefinitions/MeshRenderer" 3599
"../../Plugins/FX/Niagara/Content/ParameterDefinitions/MeshRenderer.uasset" 3600
"/Niagara/ParameterDefinitions/RibbonRenderer" 3601
"../../Plugins/FX/Niagara/Content/ParameterDefinitions/RibbonRenderer.uasset" 3602
"/Niagara/ParameterDefinitions/SpriteRenderer" 3603
"../../Plugins/FX/Niagara/Content/ParameterDefinitions/SpriteRenderer.uasset" 3604
"/DeformerGraph/Deformers/DG_LinearBlendSkin_Morph_Cloth" 3605
"../../Plugins/Animation/DeformerGraph/Content/Deformers/DG_LinearBlendSkin_Morph_Cloth.uasset" 3606
"../../Plugins/Animation/DeformerGraph/Content/DeformerFunctions/DG_Function_LinearBlendSkin_Morph_Cloth.uasset" 3607
"/DeformerGraph/Deformers/DG_LinearBlendSkin_Morph_Cloth_RecomputeNormals" 3608
"../../Plugins/Animation/DeformerGraph/Content/Deformers/DG_LinearBlendSkin_Morph_Cloth_RecomputeNormals.uasset" 3609
"../../Plugins/Animation/DeformerGraph/Content/DeformerFunctions/DG_Function_ComputeNormalsTangents.uasset" 3610
"../../Plugins/Animation/DeformerGraph/Content/DeformerFunctions/DG_Function_LinearBlendSkin_Morph_Cloth_PositionOnly.uasset" 3611
"/Engine/BasicShapes/Cube" 3612
"../../../Engine/Content/BasicShapes/Cube.uasset" 3613
"/Engine/BasicShapes/Sphere" 3614
"../../../Engine/Content/BasicShapes/Sphere.uasset" 3615
"../../../Engine/Content/EngineMaterials/DefaultMaterial.uasset" 3616
"/Engine/BasicShapes/Cylinder" 3617
"../../../Engine/Content/BasicShapes/Cylinder.uasset" 3618
"/Engine/BasicShapes/Cone" 3619
"../../../Engine/Content/BasicShapes/Cone.uasset" 3620
"/Engine/BasicShapes/Plane" 3621
"../../../Engine/Content/BasicShapes/Plane.uasset" 3622
"../../../Engine/Documentation/Source/Shared/Types/ABrush/ABrush.KOR.udn" 3623
"../../../Engine/Content/Internationalization/icudt64l/brkitr/root.res" 3624
"../../../Engine/Content/Internationalization/icudt64l/brkitr/char.brk" 3625
"../../../Engine/Content/Internationalization/icudt64l/brkitr/word.brk" 3626
"/Engine/EditorResources/SequenceRecorder/Countdown" 3627
"../../../Engine/Content/EditorResources/SequenceRecorder/Countdown.uasset" 3628
"/Engine/EditorResources/SequenceRecorder/RecordingIndicator" 3629
"../../../Engine/Content/EditorResources/SequenceRecorder/RecordingIndicator.uasset" 3630
"/Engine/EditorMaterials/PhAT_UnselectedMaterial" 3631
"../../../Engine/Content/EditorMaterials/PhAT_UnselectedMaterial.uasset" 3632
"/Engine/EditorMaterials/PhAT_NoCollisionMaterial" 3633
"../../../Engine/Content/EditorMaterials/PhAT_NoCollisionMaterial.uasset" 3634
"/Engine/EditorResources/S_Terrain" 3635
"../../../Engine/Content/EditorResources/S_Terrain.uasset" 3636
"../../../Engine/Plugins/FX/Niagara/Shaders/Private/NiagaraDataInterfaceTexture2DArrayTemplate.ush" 3637
"../../../Engine/Plugins/FX/Niagara/Shaders/Private/NiagaraDataInterfaceActorComponentTemplate.ush" 3638
"../../../Engine/Plugins/FX/Niagara/Shaders/Private/NiagaraDataInterfaceArrayTemplate.ush" 3639
"../../../Engine/Plugins/FX/Niagara/Shaders/Private/NiagaraDataInterfaceArrayRWTemplate.ush" 3640
"../../../Engine/Plugins/FX/Niagara/Shaders/Private/NiagaraDataInterfaceArrayDistributionIntTemplate.ush" 3641
"../../../Engine/Plugins/FX/Niagara/Shaders/Private/NiagaraDataInterfaceAsyncGpuTrace.ush" 3642
"../../../Engine/Plugins/FX/Niagara/Shaders/Private/NiagaraDataInterfaceAsyncGpuTraceTemplate.ush" 3643
"../../../Engine/Plugins/FX/Niagara/Shaders/Private/NiagaraDataInterfaceCamera.ush" 3644
"../../../Engine/Plugins/Experimental/ChaosNiagara/Shaders/NiagaraDataInterfaceChaosDestruction.ush" 3645
"../../../Engine/Plugins/FX/Niagara/Shaders/Private/NiagaraDataInterfaceCollisionQuery.ush" 3646
"C:/Users/user1/Documents/Unreal Projects/Casino_Simulator_KCU/Intermediate/ShaderAutogen/PCD3D_SM5/AutogenShaderHeaders.ush" 3647
"../../../Engine/Plugins/FX/Niagara/Shaders/Private/NiagaraDataInterfaceCollisionQueryTemplate.ush" 3648
"../../../Engine/Plugins/FX/Niagara/Shaders/Private/NiagaraDataInterfaceCurveTemplate.ush" 3649
"../../../Engine/Plugins/FX/Niagara/Shaders/Private/NiagaraDataInterfaceCubeTextureTemplate.ush" 3650
"../../../Engine/Plugins/FX/Niagara/Shaders/Private/DataChannel/NiagaraDataInterfaceDataChannelCommon.ush" 3651
"../../../Engine/Plugins/FX/Niagara/Shaders/Private/DataChannel/NiagaraDataInterfaceDataChannelTemplateCommon.ush" 3652
"../../../Engine/Plugins/FX/Niagara/Shaders/Private/DataChannel/NiagaraDataInterfaceDataChannelTemplateReadCommon.ush" 3653
"../../../Engine/Plugins/FX/Niagara/Shaders/Private/DataChannel/NiagaraDataInterfaceDataChannelTemplate_Read.ush" 3654
"../../../Engine/Plugins/FX/Niagara/Shaders/Private/DataChannel/NiagaraDataInterfaceDataChannelTemplate_Consume.ush" 3655
"../../../Engine/Plugins/FX/Niagara/Shaders/Private/DataChannel/NiagaraDataInterfaceDataChannelTemplateWriteCommon.ush" 3656
"../../../Engine/Plugins/FX/Niagara/Shaders/Private/DataChannel/NiagaraDataInterfaceDataChannelTemplate_Append.ush" 3657
"../../../Engine/Plugins/FX/Niagara/Shaders/Private/NiagaraDataInterfaceDataTableTemplate.ush" 3658
"../../../Engine/Plugins/FX/Niagara/Shaders/Private/NiagaraDataInterfaceDebugDraw.ush" 3659
"../../../Engine/Plugins/FX/Niagara/Shaders/Private/NiagaraDataInterfaceDebugDrawTemplate.ush" 3660
"../../../Engine/Plugins/FX/Niagara/Shaders/Private/NiagaraDataInterfaceDynamicMeshTemplate.ush" 3661
"../../../Engine/Plugins/FX/Niagara/Shaders/Private/NiagaraDataInterfaceEmitterPropertiesTemplate.ush" 3662
"../../../Engine/Plugins/FX/Niagara/Shaders/Private/NiagaraDataInterfaceExportTemplate.ush" 3663
"../../../Engine/Plugins/FX/Niagara/Shaders/Private/NiagaraDataInterfaceGBufferTemplate.ush" 3664
"../../../Engine/Plugins/Experimental/ChaosNiagara/Shaders/NiagaraDataInterfaceGeometryCollection.ush" 3665
"../../../Engine/Plugins/FX/Niagara/Shaders/Private/NiagaraTransformUtils.ush" 3666
"../../../Engine/Plugins/Runtime/HairStrands/Shaders/Private/NiagaraStrandsExternalForce.ush" 3667
"../../../Engine/Plugins/Runtime/HairStrands/Shaders/Private/NiagaraHookeSpringMaterial.ush" 3668
"../../../Engine/Plugins/Runtime/HairStrands/Shaders/Private/NiagaraAngularSpringMaterial.ush" 3669
"../../../Engine/Plugins/Runtime/HairStrands/Shaders/Private/NiagaraConstantVolumeMaterial.ush" 3670
"../../../Engine/Plugins/Runtime/HairStrands/Shaders/Private/NiagaraCosseratRodMaterial.ush" 3671
"../../../Engine/Plugins/Runtime/HairStrands/Shaders/Private/NiagaraStaticCollisionConstraint.ush" 3672
"../../../Engine/Plugins/Runtime/HairStrands/Shaders/Private/NiagaraDataInterfaceHairStrands.ush" 3673
"../../../Engine/Plugins/Runtime/HairStrands/Shaders/Private/NiagaraDataInterfaceHairStrandsTemplate.ush" 3674
"../../../Engine/Plugins/FX/Niagara/Shaders/Private/NiagaraDataInterfaceIntRenderTarget2D.ush" 3675
"../../../Engine/Plugins/FX/Niagara/Shaders/Private/NiagaraDataInterfaceLandscape.ush" 3676
"../../../Engine/Plugins/FX/Niagara/Shaders/Private/NiagaraDataInterfaceMemoryBufferTemplate.ush" 3677
"../../../Engine/Plugins/FX/Niagara/Shaders/Private/NiagaraDataInterfaceMeshRendererInfoTemplate.ush" 3678
"../../../Engine/Plugins/FX/Niagara/Shaders/Private/NiagaraDataInterfaceOcclusion.ush" 3679
"../../../Engine/Plugins/FX/Niagara/Shaders/Private/NiagaraDataInterfacePhysicsAsset.ush" 3680
"../../../Engine/Plugins/Experimental/ChaosNiagara/Shaders/NiagaraDataInterfacePhysicsField.ush" 3681
"../../../Engine/Plugins/FX/Niagara/Shaders/Private/NiagaraDataInterfacePlatformSetTemplate.ush" 3682
"../../../Engine/Plugins/Runtime/HairStrands/Shaders/Private/NiagaraDataInterfaceVelocityGrid.ush" 3683
"../../../Engine/Plugins/Runtime/HairStrands/Shaders/Private/NiagaraDataInterfaceVelocityGridTemplate.ush" 3684
"../../../Engine/Plugins/Runtime/HairStrands/Shaders/Private/NiagaraDataInterfacePressureGrid.ush" 3685
"../../../Engine/Plugins/Runtime/HairStrands/Shaders/Private/NiagaraDataInterfacePressureGridTemplate.ush" 3686
"../../../Engine/Plugins/FX/Niagara/Shaders/Private/NiagaraDataInterfaceRenderTarget2DTemplate.ush" 3687
"../../../Engine/Plugins/FX/Niagara/Shaders/Private/NiagaraDataInterfaceRenderTarget2DArrayTemplate.ush" 3688
"../../../Engine/Plugins/FX/Niagara/Shaders/Private/NiagaraDataInterfaceRenderTargetCubeTemplate.ush" 3689
"../../../Engine/Plugins/FX/Niagara/Shaders/Private/NiagaraDataInterfaceRenderTargetVolumeTemplate.ush" 3690
"../../../Engine/Plugins/FX/Niagara/Shaders/Private/NiagaraDataInterfaceRigidMeshCollisionQuery.ush" 3691
"../../../Engine/Plugins/FX/Niagara/Shaders/Private/NiagaraDistanceFieldQueries.ush" 3692
"../../../Engine/Plugins/FX/Niagara/Shaders/Private/NiagaraDataInterfaceSceneCapture2DTemplate.ush" 3693
"../../../Engine/Plugins/FX/Niagara/Shaders/Private/NiagaraDataInterfaceSimCacheReaderTemplate.ush" 3694
"../../../Engine/Plugins/FX/Niagara/Shaders/Private/NiagaraDataInterfaceSimpleCounterTemplate.ush" 3695
"../../../Engine/Plugins/FX/Niagara/Shaders/Private/NiagaraDataInterfaceSkeletalMesh.ush" 3696
"../../../Engine/Plugins/FX/Niagara/Shaders/Private/NiagaraBaryCentricUtils.ush" 3697
"../../../Engine/Plugins/FX/Niagara/Shaders/Private/NiagaraDataInterfaceSkeletalMeshTemplate.ush" 3698
"../../../Engine/Plugins/FX/Niagara/Shaders/Private/NiagaraDataInterfaceSocketReaderTemplate.ush" 3699
"../../../Engine/Plugins/FX/Niagara/Shaders/Private/NiagaraDataInterfaceSparseVolumeTextureTemplate.ush" 3700
"../../../Engine/Plugins/FX/Niagara/Shaders/Private/NiagaraDataInterfaceSplineTemplate.ush" 3701
"../../../Engine/Plugins/FX/Niagara/Shaders/Private/NiagaraDataInterfaceSpriteRendererInfoTemplate.ush" 3702
"../../../Engine/Plugins/FX/Niagara/Shaders/Private/NiagaraDataInterfaceStaticMeshTemplate.ush" 3703
"../../../Engine/Plugins/FX/Niagara/Shaders/Private/NiagaraDataInterfaceTextureTemplate.ush" 3704
"../../../Engine/Plugins/FX/Niagara/Shaders/Private/NiagaraDataInterfaceVirtualTexture.ush" 3705
"../../../Engine/Plugins/FX/Niagara/Shaders/Private/NiagaraDataInterfaceVirtualTextureTemplate.ush" 3706
"../../../Engine/Plugins/FX/Niagara/Shaders/Private/NiagaraDataInterfaceVirtualTextureSampleTemplate.ush" 3707
"../../../Engine/Plugins/FX/Niagara/Shaders/Private/NiagaraDataInterfaceVolumeCache.ush" 3708
"../../../Engine/Plugins/FX/Niagara/Shaders/Private/NiagaraDataInterfaceVolumeTextureTemplate.ush" 3709
"C:/Users/user1/AppData/Local/Temp/UnrealShaderWorkingDir/7A9833434AC99C35A9DD9F801D4F0003/2/WorkerOutputOnly.out" 3710
"C:/Users/user1/AppData/Local/Temp/UnrealShaderWorkingDir/7A9833434AC99C35A9DD9F801D4F0003/3/WorkerOutputOnly.out" 3711
"C:/Users/user1/AppData/Local/Temp/UnrealShaderWorkingDir/7A9833434AC99C35A9DD9F801D4F0003/0/WorkerOutputOnly.out" 3712
"C:/Users/user1/AppData/Local/Temp/UnrealShaderWorkingDir/7A9833434AC99C35A9DD9F801D4F0003/5/WorkerOutputOnly.out" 3713
"C:/Users/user1/AppData/Local/Temp/UnrealShaderWorkingDir/7A9833434AC99C35A9DD9F801D4F0003/4/WorkerOutputOnly.out" 3714
"C:/Users/user1/AppData/Local/Temp/UnrealShaderWorkingDir/7A9833434AC99C35A9DD9F801D4F0003/6/WorkerOutputOnly.out" 3715
"C:/Users/user1/AppData/Local/Temp/UnrealShaderWorkingDir/7A9833434AC99C35A9DD9F801D4F0003/7/WorkerOutputOnly.out" 3716
"C:/Users/user1/AppData/Local/Temp/UnrealShaderWorkingDir/7A9833434AC99C35A9DD9F801D4F0003/8/WorkerOutputOnly.out" 3717
"C:/Users/user1/AppData/Local/Temp/UnrealShaderWorkingDir/7A9833434AC99C35A9DD9F801D4F0003/1/WorkerOutputOnly.out" 3718
"C:/Users/user1/Documents/Unreal Projects/Casino_Simulator_KCU/Content/1_BluePrint/GAS/GE/GE_AttributeDecay.uasset" 3719
"C:/Users/user1/Documents/Unreal Projects/Casino_Simulator_KCU/Content/__ExternalActors__/FirstPerson/Lvl_FirstPerson/7/NI/7Z9KFUHGDC33I0LYBUUYUQ.uasset" 3720
"C:/Users/user1/Documents/Unreal Projects/Casino_Simulator_KCU/Content/1_BluePrint/GAS/GE/GE_InitAbility.uasset" 3721
"C:/Users/user1/Documents/Unreal Projects/Casino_Simulator_KCU/Content/KCU/Mine/GA_EquipPickaxe.uasset" 3722
"C:/Users/user1/Documents/Unreal Projects/Casino_Simulator_KCU/Content/KCU/Mine/GA_Mining.uasset" 3723
"C:/Users/user1/Documents/Unreal Projects/Casino_Simulator_KCU/Content/2_Resource/Image/Q_key.uasset" 3724
"C:/Users/user1/Documents/Unreal Projects/Casino_Simulator_KCU/Content/LJH/UI/WBP_WorldInteractionPrompt.uasset" 3725
"C:/Users/user1/Documents/Unreal Projects/Casino_Simulator_KCU/Content/Input/Touch/UI_Thumbstick.uasset" 3726
"C:/Users/user1/Documents/Unreal Projects/Casino_Simulator_KCU/Content/Input/Touch/BPI_TouchInterface.uasset" 3727
"C:/Users/user1/Documents/Unreal Projects/Casino_Simulator_KCU/Content/FirstPerson/Anims/CtrlRig_FPWarp.uasset" 3728
"../../../Engine/Content/MobileResources/HUD/VirtualJoystick_Thumb.uasset" 3729
"C:/Users/user1/Documents/Unreal Projects/Casino_Simulator_KCU/Content/Input/Touch/UI_TouchSimple.uasset" 3730
"C:/Users/user1/Documents/Unreal Projects/Casino_Simulator_KCU/Content/ThreeCardPoker/WBP/WBP_ThreeCardPokerBetting.uasset" 3731
"C:/Users/user1/Documents/Unreal Projects/Casino_Simulator_KCU/Content/1_BluePrint/Widget/WBP_Inventory.uasset" 3732
"../../../Engine/Content/MobileResources/HUD/VirtualJoystick_Background.uasset" 3733
"C:/Users/user1/Documents/Unreal Projects/Casino_Simulator_KCU/Content/2_Resource/Image/Nicotine.uasset" 3734
"C:/Users/user1/Documents/Unreal Projects/Casino_Simulator_KCU/Content/FirstPerson/Anims/ABP_FP_Copy.uasset" 3735
"C:/Users/user1/Documents/Unreal Projects/Casino_Simulator_KCU/Content/2_Resource/Image/Interection.uasset" 3736
"C:/Users/user1/Documents/Unreal Projects/Casino_Simulator_KCU/Content/2_Resource/Image/Coin.uasset" 3737
"C:/Users/user1/Documents/Unreal Projects/Casino_Simulator_KCU/Content/2_Resource/Image/1-Photoroom.uasset" 3738
"C:/Users/user1/Documents/Unreal Projects/Casino_Simulator_KCU/Content/1_BluePrint/Widget/WBP_Drag.uasset" 3739
"C:/Users/user1/Documents/Unreal Projects/Casino_Simulator_KCU/Content/1_BluePrint/BP_DragAndDrop.uasset" 3740
"C:/Users/user1/Documents/Unreal Projects/Casino_Simulator_KCU/Content/2_Resource/Image/Gemini_Generated_Image_omq83bomq83bomq8-Photoroom.uasset" 3741
"C:/Users/user1/Documents/Unreal Projects/Casino_Simulator_KCU/Content/1_BluePrint/Widget/WBP_HUD.uasset" 3742
"C:/Users/user1/Documents/Unreal Projects/Casino_Simulator_KCU/Content/Store/Data/DT_ShopItems_Test.uasset" 3743
"C:/Users/user1/Documents/Unreal Projects/Casino_Simulator_KCU/Content/1_BluePrint/Widget/WBP_ItemSlot.uasset" 3744
"C:/Users/user1/Documents/Unreal Projects/Casino_Simulator_KCU/Content/2_Resource/Image/progress_bar_background_light.uasset" 3745
"C:/Users/user1/Documents/Unreal Projects/Casino_Simulator_KCU/Content/Input/IMC_MouseLook.uasset" 3746
"C:/Users/user1/Documents/Unreal Projects/Casino_Simulator_KCU/Content/FirstPerson/Blueprints/BP_FirstPersonPlayerController.uasset" 3747
"C:/Users/user1/Documents/Unreal Projects/Casino_Simulator_KCU/Content/1_BluePrint/Widget/WBP_Calculate.uasset" 3748
"C:/Users/user1/Documents/Unreal Projects/Casino_Simulator_KCU/Content/Input/IMC_Default.uasset" 3749
"C:/Users/user1/Documents/Unreal Projects/Casino_Simulator_KCU/Content/Input/Actions/IA_OpenInven.uasset" 3750
"/Game/__ExternalActors__/FirstPerson/Lvl_FirstPerson/7/NI/7Z9KFUHGDC33I0LYBUUYUQ" 3751
"../../../../../../Users/user1/Documents/Unreal Projects/Casino_Simulator_KCU/Content/FirstPerson/Lvl_FirstPerson.umap" 3752
"../../../../../../Users/user1/Documents/Unreal Projects/Casino_Simulator_KCU/Content/FirstPerson/Blueprints/BP_FirstPersonGameMode.uasset" 3753
"../../../../../../Users/user1/Documents/Unreal Projects/Casino_Simulator_KCU/Content/1_BluePrint/BP_casino_simulatorPlayerState.uasset" 3754
"../../../../../../Users/user1/Documents/Unreal Projects/Casino_Simulator_KCU/Content/FirstPerson/Blueprints/BP_FirstPersonCharacter.uasset" 3755
"../../../../../../Users/user1/Documents/Unreal Projects/Casino_Simulator_KCU/Content/FirstPerson/Blueprints/BP_FirstPersonPlayerController.uasset" 3756
"../../../../../../Users/user1/Documents/Unreal Projects/Casino_Simulator_KCU/Content/3_DataTable/DT_ItemData.uasset" 3757
"../../../../../../Users/user1/Documents/Unreal Projects/Casino_Simulator_KCU/Content/Characters/Mannequins/Anims/Unarmed/ABP_Unarmed.uasset" 3758
"../../../../../../Users/user1/Documents/Unreal Projects/Casino_Simulator_KCU/Content/Store/Data/DT_ShopItems_Test.uasset" 3759
"../../../../../../Users/user1/Documents/Unreal Projects/Casino_Simulator_KCU/Content/Input/Actions/IA_Interact.uasset" 3760
"../../../../../../Users/user1/Documents/Unreal Projects/Casino_Simulator_KCU/Content/Input/Actions/IA_Jump.uasset" 3761
"../../../../../../Users/user1/Documents/Unreal Projects/Casino_Simulator_KCU/Content/Input/Actions/IA_Look.uasset" 3762
"../../../../../../Users/user1/Documents/Unreal Projects/Casino_Simulator_KCU/Content/Input/Actions/IA_MachineExit.uasset" 3763
"../../../../../../Users/user1/Documents/Unreal Projects/Casino_Simulator_KCU/Content/Input/Actions/IA_MouseLook.uasset" 3764
"../../../../../../Users/user1/Documents/Unreal Projects/Casino_Simulator_KCU/Content/Input/Actions/IA_Move.uasset" 3765
"../../../../../../Users/user1/Documents/Unreal Projects/Casino_Simulator_KCU/Content/Input/Actions/IA_Slot_1.uasset" 3766
"../../../../../../Users/user1/Documents/Unreal Projects/Casino_Simulator_KCU/Content/Input/Actions/IA_Slot_2.uasset" 3767
"../../../../../../Users/user1/Documents/Unreal Projects/Casino_Simulator_KCU/Content/1_BluePrint/Widget/WBP_DiceBetting.uasset" 3768
"../../../../../../Users/user1/Documents/Unreal Projects/Casino_Simulator_KCU/Content/Characters/Mannequins/Meshes/SKM_Manny_Simple.uasset" 3769
"../../../../../../Users/user1/Documents/Unreal Projects/Casino_Simulator_KCU/Content/Input/Actions/IA_OpenInven.uasset" 3770
"../../../../../../Users/user1/Documents/Unreal Projects/Casino_Simulator_KCU/Content/Input/IMC_Default.uasset" 3771
"../../../../../../Users/user1/Documents/Unreal Projects/Casino_Simulator_KCU/Content/Input/IMC_MouseLook.uasset" 3772
"../../../../../../Users/user1/Documents/Unreal Projects/Casino_Simulator_KCU/Content/1_BluePrint/Widget/WBP_HUD.uasset" 3773
"../../../../../../Users/user1/Documents/Unreal Projects/Casino_Simulator_KCU/Content/1_BluePrint/Widget/WBP_Inventory.uasset" 3774
"../../../../../../Users/user1/Documents/Unreal Projects/Casino_Simulator_KCU/Content/1_BluePrint/GAS/GE/GE_AlcoholBuff.uasset" 3775
"../../../../../../Users/user1/Documents/Unreal Projects/Casino_Simulator_KCU/Content/1_BluePrint/GAS/GE/GE_NicotineBuff.uasset" 3776
"../../../../../../Users/user1/Documents/Unreal Projects/Casino_Simulator_KCU/Content/Characters/Mannequins/Anims/Unarmed/Jump/MM_Fall_Loop.uasset" 3777
"../../../../../../Users/user1/Documents/Unreal Projects/Casino_Simulator_KCU/Content/Characters/Mannequins/Anims/Unarmed/Jump/MM_Jump.uasset" 3778
"../../../../../../Users/user1/Documents/Unreal Projects/Casino_Simulator_KCU/Content/Characters/Mannequins/Anims/Unarmed/Jump/MM_Land.uasset" 3779
"../../../../../../Users/user1/Documents/Unreal Projects/Casino_Simulator_KCU/Content/Characters/Mannequins/Anims/Unarmed/MM_Idle.uasset" 3780
"../../../../../../Users/user1/Documents/Unreal Projects/Casino_Simulator_KCU/Content/Characters/Mannequins/Anims/Unarmed/BS_Idle_Walk_Run.uasset" 3781
"../../../../../../Users/user1/Documents/Unreal Projects/Casino_Simulator_KCU/Content/Characters/Mannequins/Rigs/CR_Mannequin_FootIK.uasset" 3782
"../../../../../../Users/user1/Documents/Unreal Projects/Casino_Simulator_KCU/Content/Characters/Mannequins/Meshes/SK_Mannequin.uasset" 3783
"../../../Engine/Content/EditorBlueprintResources/StandardMacros.uasset" 3784
"../../../../../../Users/user1/Documents/Unreal Projects/Casino_Simulator_KCU/Content/1_BluePrint/NPC/BP_NPC_Dice.uasset" 3785
"../../../../../../Users/user1/Documents/Unreal Projects/Casino_Simulator_KCU/Content/1_BluePrint/Widget/WBP_Calculate.uasset" 3786
"../../../../../../Users/user1/Documents/Unreal Projects/Casino_Simulator_KCU/Content/Characters/Mannequins/Materials/Manny/MI_Manny_01_New.uasset" 3787
"../../../../../../Users/user1/Documents/Unreal Projects/Casino_Simulator_KCU/Content/Characters/Mannequins/Materials/Manny/MI_Manny_02_New.uasset" 3788
"../../../../../../Users/user1/Documents/Unreal Projects/Casino_Simulator_KCU/Content/Characters/Mannequins/Rigs/PA_Mannequin.uasset" 3789
"../../../../../../Users/user1/Documents/Unreal Projects/Casino_Simulator_KCU/Content/1_BluePrint/Widget/WBP_ItemSlot.uasset" 3790
"../../../../../../Users/user1/Documents/Unreal Projects/Casino_Simulator_KCU/Content/2_Resource/Image/progress_bar_background_light.uasset" 3791
"../../../../../../Users/user1/Documents/Unreal Projects/Casino_Simulator_KCU/Content/2_Resource/Image/Q_key.uasset" 3792
"../../../Engine/Content/Animation/DefaultAnimBoneCompressionSettings.uasset" 3793
"../../../Engine/Content/Animation/DefaultAnimCurveCompressionSettings.uasset" 3794
"../../../../../../Users/user1/Documents/Unreal Projects/Casino_Simulator_KCU/Content/Characters/Mannequins/Anims/Unarmed/Jog/MF_Unarmed_Jog_Bwd.uasset" 3795
"../../../../../../Users/user1/Documents/Unreal Projects/Casino_Simulator_KCU/Content/Characters/Mannequins/Anims/Unarmed/Jog/MF_Unarmed_Jog_Bwd_Left.uasset" 3796
"../../../../../../Users/user1/Documents/Unreal Projects/Casino_Simulator_KCU/Content/Characters/Mannequins/Anims/Unarmed/Jog/MF_Unarmed_Jog_Bwd_Right.uasset" 3797
"../../../../../../Users/user1/Documents/Unreal Projects/Casino_Simulator_KCU/Content/Characters/Mannequins/Anims/Unarmed/Jog/MF_Unarmed_Jog_Fwd.uasset" 3798
"../../../../../../Users/user1/Documents/Unreal Projects/Casino_Simulator_KCU/Content/Characters/Mannequins/Anims/Unarmed/Jog/MF_Unarmed_Jog_Fwd_Left.uasset" 3799
"../../../../../../Users/user1/Documents/Unreal Projects/Casino_Simulator_KCU/Content/Characters/Mannequins/Anims/Unarmed/Jog/MF_Unarmed_Jog_Fwd_Right.uasset" 3800
"../../../../../../Users/user1/Documents/Unreal Projects/Casino_Simulator_KCU/Content/Characters/Mannequins/Anims/Unarmed/Jog/MF_Unarmed_Jog_Left.uasset" 3801
"../../../../../../Users/user1/Documents/Unreal Projects/Casino_Simulator_KCU/Content/Characters/Mannequins/Anims/Unarmed/Jog/MF_Unarmed_Jog_Right.uasset" 3802
"../../../../../../Users/user1/Documents/Unreal Projects/Casino_Simulator_KCU/Content/Characters/Mannequins/Anims/Unarmed/Walk/MF_Unarmed_Walk_Bwd.uasset" 3803
"../../../../../../Users/user1/Documents/Unreal Projects/Casino_Simulator_KCU/Content/Characters/Mannequins/Anims/Unarmed/Walk/MF_Unarmed_Walk_Bwd_Left.uasset" 3804
"../../../../../../Users/user1/Documents/Unreal Projects/Casino_Simulator_KCU/Content/Characters/Mannequins/Anims/Unarmed/Walk/MF_Unarmed_Walk_Bwd_Right.uasset" 3805
"../../../../../../Users/user1/Documents/Unreal Projects/Casino_Simulator_KCU/Content/Characters/Mannequins/Anims/Unarmed/Walk/MF_Unarmed_Walk_Fwd.uasset" 3806
"../../../../../../Users/user1/Documents/Unreal Projects/Casino_Simulator_KCU/Content/Characters/Mannequins/Anims/Unarmed/Walk/MF_Unarmed_Walk_Fwd_Left.uasset" 3807
"../../../../../../Users/user1/Documents/Unreal Projects/Casino_Simulator_KCU/Content/Characters/Mannequins/Anims/Unarmed/Walk/MF_Unarmed_Walk_Fwd_Right.uasset" 3808
"../../../../../../Users/user1/Documents/Unreal Projects/Casino_Simulator_KCU/Content/Characters/Mannequins/Anims/Unarmed/Walk/MF_Unarmed_Walk_Left.uasset" 3809
"../../../../../../Users/user1/Documents/Unreal Projects/Casino_Simulator_KCU/Content/Characters/Mannequins/Anims/Unarmed/Walk/MF_Unarmed_Walk_Right.uasset" 3810
"../../../../../../Users/user1/Documents/Unreal Projects/Casino_Simulator_KCU/Content/5_Animation/AM_Dice_Fail.uasset" 3811
"../../../../../../Users/user1/Documents/Unreal Projects/Casino_Simulator_KCU/Content/5_Animation/AM_Dice_Win.uasset" 3812
"../../../../../../Users/user1/Documents/Unreal Projects/Casino_Simulator_KCU/Content/5_Animation/AM_DiceShuffle.uasset" 3813
"../../../../../../Users/user1/Documents/Unreal Projects/Casino_Simulator_KCU/Content/1_BluePrint/BP_DiceGame.uasset" 3814
"../../../../../../Users/user1/Documents/Unreal Projects/Casino_Simulator_KCU/Content/1_BluePrint/GAS/GA/NPC/GA_DiceResult_Fail.uasset" 3815
"../../../../../../Users/user1/Documents/Unreal Projects/Casino_Simulator_KCU/Content/1_BluePrint/GAS/GA/NPC/GA_DiceResult_Success.uasset" 3816
"../../../../../../Users/user1/Documents/Unreal Projects/Casino_Simulator_KCU/Content/1_BluePrint/GAS/GA/NPC/GA_DiceShuffle.uasset" 3817
"../../../../../../Users/user1/Documents/Unreal Projects/Casino_Simulator_KCU/Content/4_Material/red_plastic_cup.uasset" 3818
"../../../../../../Users/user1/Documents/Unreal Projects/Casino_Simulator_KCU/Content/Characters/Mannequins/Materials/M_Mannequin.uasset" 3819
"../../../../../../Users/user1/Documents/Unreal Projects/Casino_Simulator_KCU/Content/Characters/Mannequins/Textures/Manny/T_Manny_01_BN.uasset" 3820
"../../../../../../Users/user1/Documents/Unreal Projects/Casino_Simulator_KCU/Content/Characters/Mannequins/Textures/Manny/T_Manny_01_D.uasset" 3821
"../../../../../../Users/user1/Documents/Unreal Projects/Casino_Simulator_KCU/Content/Characters/Mannequins/Textures/Manny/T_Manny_01_MRA.uasset" 3822
"../../../../../../Users/user1/Documents/Unreal Projects/Casino_Simulator_KCU/Content/Characters/Mannequins/Textures/Manny/T_Manny_02_BN.uasset" 3823
"../../../../../../Users/user1/Documents/Unreal Projects/Casino_Simulator_KCU/Content/Characters/Mannequins/Textures/Manny/T_Manny_02_D.uasset" 3824
"../../../../../../Users/user1/Documents/Unreal Projects/Casino_Simulator_KCU/Content/Characters/Mannequins/Textures/Manny/T_Manny_02_MRA.uasset" 3825
"../../../../../../Users/user1/Documents/Unreal Projects/Casino_Simulator_KCU/Content/2_Resource/Image/Gemini_Generated_Image_omq83bomq83bomq8-Photoroom.uasset" 3826
"../../../../../../Users/user1/Documents/Unreal Projects/Casino_Simulator_KCU/Content/5_Animation/AS_Slot_Waiting_Result_Lose.uasset" 3827
"../../../../../../Users/user1/Documents/Unreal Projects/Casino_Simulator_KCU/Content/5_Animation/AS_Slot_Waiting_Result_Win.uasset" 3828
"../../../../../../Users/user1/Documents/Unreal Projects/Casino_Simulator_KCU/Content/5_Animation/AS_PlayingCrapsLose1.uasset" 3829
"../../../../../../Users/user1/Documents/Unreal Projects/Casino_Simulator_KCU/Content/1_BluePrint/AimNotify/AN_SendTag.uasset" 3830
"../../../../../../Users/user1/Documents/Unreal Projects/Casino_Simulator_KCU/Content/1_BluePrint/BP_Dice.uasset" 3831
"../../../../../../Users/user1/Documents/Unreal Projects/Casino_Simulator_KCU/Content/4_Material/sm_pokertable.uasset" 3832
"../../../../../../Users/user1/Documents/Unreal Projects/Casino_Simulator_KCU/Content/4_Material/Materiais.uasset" 3833
"../../../../../../Users/user1/Documents/Unreal Projects/Casino_Simulator_KCU/Content/4_Material/Material.uasset" 3834
"../../../../../../Users/user1/Documents/Unreal Projects/Casino_Simulator_KCU/Content/Characters/Mannequins/Textures/Shared/T_UE_Logo_M.uasset" 3835
"../../../../../../Users/user1/Documents/Unreal Projects/Casino_Simulator_KCU/Content/4_Material/Dice.uasset" 3836
"../../../../../../Users/user1/Documents/Unreal Projects/Casino_Simulator_KCU/Content/4_Material/poker_table.uasset" 3837
"../../Plugins/Interchange/Assets/Content/Materials/FBXLegacyPhongSurfaceMaterial.uasset" 3838
"../../../../../../Users/user1/Documents/Unreal Projects/Casino_Simulator_KCU/Content/4_Material/DiceBody_White_003.uasset" 3839
"../../../../../../Users/user1/Documents/Unreal Projects/Casino_Simulator_KCU/Content/4_Material/DicePip_Red_003.uasset" 3840
"../../../Engine/Content/Functions/Engine_MaterialFunctions03/Procedurals/NormalFromHeightmap.uasset" 3841
"../../Plugins/Interchange/Assets/Content/Functions/MF_PhongToMetalRoughness.uasset" 3842
"../../../Engine/Content/EngineMaterials/DefaultNormal.uasset" 3843
"../../../Engine/Content/EngineSounds/Submixes/MasterEQSubmixDefault.uasset" 3844
"../../../Engine/Content/EngineSounds/Submixes/MasterSubmixDefault.uasset" 3845
"../../../Engine/Content/EngineSounds/Submixes/MasterReverbSubmixDefault.uasset" 3846
"../../../Engine/Content/EngineSounds/Submixes/MasterEQEffectPreset.uasset" 3847
"../../../Engine/Content/EngineSounds/Submixes/MasterReverbEffectPreset.uasset" 3848
"../../../Engine/Plugins/Interchange/Assets/Content/gltf/MaterialFunctions/MF_TransformUVs.uasset" 3849
"../../../Engine/Plugins/Interchange/Assets/Content/gltf/Textures/T_Anisotropy_Direction_Linear.uasset" 3850
"../../../Engine/Plugins/Interchange/Assets/Content/gltf/MaterialFunctions/MF_Specular.uasset" 3851
"../../../Engine/Plugins/Interchange/Assets/Content/gltf/MaterialFunctions/MF_RotateV2.uasset" 3852
"../../../Engine/Plugins/Interchange/Assets/Content/gltf/MaterialFunctions/MF_Occlusion.uasset" 3853
"../../../Engine/Plugins/Interchange/Assets/Content/gltf/MaterialFunctions/MF_SpecularAnisotropy.uasset" 3854
"../../../Engine/Plugins/Interchange/Assets/Content/gltf/MaterialFunctions/MF_ScaleNormal.uasset" 3855
"../../../Engine/Plugins/Interchange/Assets/Content/gltf/MaterialFunctions/MF_Normals.uasset" 3856
"../../../Engine/Plugins/Interchange/Assets/Content/gltf/MaterialFunctions/MF_IOR.uasset" 3857
"../../../Engine/Plugins/Interchange/Assets/Content/gltf/MaterialFunctions/MF_MetallicRoughness.uasset" 3858
"../../../Engine/Plugins/Interchange/Assets/Content/Functions/MF_IridescenceNoLUT.uasset" 3859
"../../../Engine/Plugins/Interchange/Assets/Content/gltf/MaterialFunctions/MF_Iridescence.uasset" 3860
"../../../Engine/Plugins/Interchange/Assets/Content/gltf/MaterialFunctions/MF_Emissive.uasset" 3861
"/Engine/EngineSounds/Submixes/MasterReverbEffectPreset" 3862
"/Engine/EngineSounds/Submixes/MasterEQEffectPreset" 3863
"/Engine/EngineSounds/Submixes/MasterEQSubmixDefault" 3864
"/InterchangeAssets/gltf/MaterialFunctions/MF_RotateV2" 3865
"/InterchangeAssets/gltf/MaterialFunctions/MF_TransformUVs" 3866
"/InterchangeAssets/gltf/Textures/T_Anisotropy_Direction_Linear" 3867
"/InterchangeAssets/gltf/MaterialFunctions/MF_SpecularAnisotropy" 3868
"/InterchangeAssets/gltf/MaterialFunctions/MF_ScaleNormal" 3869
"/InterchangeAssets/Functions/MF_IridescenceNoLUT" 3870
"/InterchangeAssets/gltf/MaterialFunctions/MF_IOR" 3871
"../../../Engine/Plugins/Interchange/Assets/Content/gltf/Textures/T_White_Linear.uasset" 3872
"../../../Engine/Plugins/Interchange/Assets/Content/gltf/Textures/T_Generic_N.uasset" 3873
"../../../Engine/Plugins/Interchange/Assets/Content/gltf/MaterialFunctions/MF_RotateNormals_TS.uasset" 3874
"../../../Engine/Plugins/Interchange/Assets/Content/gltf/MaterialFunctions/MF_Clearcoat.uasset" 3875
"../../../Engine/Plugins/Interchange/Assets/Content/gltf/MaterialFunctions/MF_BaseColor.uasset" 3876
"../../../Engine/Content/Functions/Engine_MaterialFunctions03/Math/RemapValueRange.uasset" 3877
"../../../Engine/Plugins/Interchange/Assets/Content/gltf/Textures/T_White_srgb.uasset" 3878
"../../../Engine/Plugins/Interchange/Assets/Content/Utilities/New_LUT.uasset" 3879
"../../../Engine/Content/Functions/Engine_MaterialFunctions01/Texturing/FlattenNormal.uasset" 3880
"../../../Engine/Plugins/Interchange/Assets/Content/Functions/MF_Iridescence.uasset" 3881
"../../../Engine/Plugins/Interchange/Assets/Content/gltf/MaterialBodies/MF_ClearCoat_Body.uasset" 3882
"/Game/__ExternalActors__/FirstPerson/Lvl_FirstPerson/0/44/E30ITTGIQYU50RQY5Y9XCY" 3883
"../../../../../../Users/user1/Documents/Unreal Projects/Casino_Simulator_KCU/Content/__ExternalActors__/FirstPerson/Lvl_FirstPerson/0/44/E30ITTGIQYU50RQY5Y9XCY.uasset" 3884
"../../../Engine/Plugins/Interchange/Assets/Content/gltf/MaterialInstances/MI_ClearCoat_Opaque.uasset" 3885
"../../../../../../Users/user1/Documents/Unreal Projects/Casino_Simulator_KCU/Content/LevelPrototyping/Meshes/SM_Cube.uasset" 3886
"../../../Engine/Plugins/Interchange/Assets/Content/gltf/M_ClearCoat.uasset" 3887
"../../../../../../Users/user1/Documents/Unreal Projects/Casino_Simulator_KCU/Content/LevelPrototyping/Materials/MI_PrototypeGrid_Gray.uasset" 3888
"../../../../../../Users/user1/Documents/Unreal Projects/Casino_Simulator_KCU/Content/LevelPrototyping/Materials/M_PrototypeGrid.uasset" 3889
"../../../Engine/Content/Functions/Engine_MaterialFunctions01/Gradient/LinearGradient.uasset" 3890
"../../../Engine/Plugins/Interchange/Assets/Content/gltf/MaterialInstances/MI_ClearCoat_Mask.uasset" 3891
"../../../Engine/Content/Functions/Engine_MaterialFunctions01/ImageAdjustment/CheapContrast.uasset" 3892
"../../../../../../Users/user1/Documents/Unreal Projects/Casino_Simulator_KCU/Content/LevelPrototyping/Materials/MF_ProcGrid.uasset" 3893
"../../../../../../Users/user1/Documents/Unreal Projects/Casino_Simulator_KCU/Content/LevelPrototyping/Textures/T_GridChecker_A.uasset" 3894
"../../../Engine/Plugins/Interchange/Assets/Content/gltf/MaterialInstances/MI_ClearCoat_Mask_DS.uasset" 3895
"../../../Engine/Plugins/Interchange/Assets/Content/gltf/M_Default.uasset" 3896
"../../../Engine/Plugins/Interchange/Assets/Content/gltf/MaterialBodies/MF_Default_Body.uasset" 3897
"../../../Engine/Plugins/Interchange/Assets/Content/gltf/MaterialInstances/MI_ClearCoat_Blend_DS.uasset" 3898
"../../../Engine/Plugins/Interchange/Assets/Content/gltf/MaterialInstances/MI_Default_Opaque.uasset" 3899
"../../../Engine/Plugins/Interchange/Assets/Content/gltf/MaterialInstances/MI_ClearCoat_Opaque_DS.uasset" 3900
"../../../Engine/Plugins/Interchange/Assets/Content/gltf/MaterialInstances/MI_ClearCoat_Blend.uasset" 3901
"/Game/__ExternalActors__/FirstPerson/Lvl_FirstPerson/0/56/I0F38RE5S8MZ8PNQ5GDDSS" 3902
"../../../../../../Users/user1/Documents/Unreal Projects/Casino_Simulator_KCU/Content/__ExternalActors__/FirstPerson/Lvl_FirstPerson/0/56/I0F38RE5S8MZ8PNQ5GDDSS.uasset" 3903
"../../../../../../Users/user1/Documents/Unreal Projects/Casino_Simulator_KCU/Content/FirstPerson/MI_FirstPersonColorway.uasset" 3904
"../../../Engine/Plugins/Interchange/Assets/Content/gltf/MaterialInstances/MI_Default_Mask.uasset" 3905
"../../../../../../Users/user1/Documents/Unreal Projects/Casino_Simulator_KCU/Content/LevelPrototyping/Meshes/SM_QuarterCylinder.uasset" 3906
"../../../../../../Users/user1/Documents/Unreal Projects/Casino_Simulator_KCU/Content/LevelPrototyping/Materials/MI_DefaultColorway.uasset" 3907
"../../../../../../Users/user1/Documents/Unreal Projects/Casino_Simulator_KCU/Content/LevelPrototyping/Materials/M_FlatCol.uasset" 3908
"/Game/__ExternalActors__/FirstPerson/Lvl_FirstPerson/0/9C/F5Z2JNQMT747Y7QES5KOP7" 3909
"../../../../../../Users/user1/Documents/Unreal Projects/Casino_Simulator_KCU/Content/__ExternalActors__/FirstPerson/Lvl_FirstPerson/0/9C/F5Z2JNQMT747Y7QES5KOP7.uasset" 3910
"/Game/__ExternalActors__/FirstPerson/Lvl_FirstPerson/0/ER/GJUIXEEO8HUV9WZCSZR9GH" 3911
"../../../../../../Users/user1/Documents/Unreal Projects/Casino_Simulator_KCU/Content/__ExternalActors__/FirstPerson/Lvl_FirstPerson/0/ER/GJUIXEEO8HUV9WZCSZR9GH.uasset" 3912
"/Game/__ExternalActors__/FirstPerson/Lvl_FirstPerson/0/GZ/TTBKQTM7H2HDLWB3T16ZLY" 3913
"../../../../../../Users/user1/Documents/Unreal Projects/Casino_Simulator_KCU/Content/__ExternalActors__/FirstPerson/Lvl_FirstPerson/0/GZ/TTBKQTM7H2HDLWB3T16ZLY.uasset" 3914
"../../../Engine/Content/MapTemplates/SM_Template_Map_Floor.uasset" 3915
"/Game/__ExternalActors__/FirstPerson/Lvl_FirstPerson/0/QF/0MZRSMWGNM91UYLLVJ3D8E" 3916
"../../../Engine/Plugins/Interchange/Assets/Content/gltf/MaterialInstances/MI_Default_Mask_DS.uasset" 3917
"../../../../../../Users/user1/Documents/Unreal Projects/Casino_Simulator_KCU/Content/__ExternalActors__/FirstPerson/Lvl_FirstPerson/0/QF/0MZRSMWGNM91UYLLVJ3D8E.uasset" 3918
"/Game/__ExternalActors__/FirstPerson/Lvl_FirstPerson/1/2T/XLTJQ7V46UNMQF707MQDQK" 3919
"../../../../../../Users/user1/Documents/Unreal Projects/Casino_Simulator_KCU/Content/__ExternalActors__/FirstPerson/Lvl_FirstPerson/1/2T/XLTJQ7V46UNMQF707MQDQK.uasset" 3920
"/Game/__ExternalActors__/FirstPerson/Lvl_FirstPerson/1/CC/0JTUNI8VQLSXUN7CSUXHGJ" 3921
"../../../../../../Users/user1/Documents/Unreal Projects/Casino_Simulator_KCU/Content/__ExternalActors__/FirstPerson/Lvl_FirstPerson/1/CC/0JTUNI8VQLSXUN7CSUXHGJ.uasset" 3922
"/Game/__ExternalActors__/FirstPerson/Lvl_FirstPerson/1/IH/6AC5KKMX2JQTMBRMPI2QXX" 3923
"../../../Engine/Plugins/Interchange/Assets/Content/gltf/MaterialInstances/MI_Default_Opaque_DS.uasset" 3924
"../../../../../../Users/user1/Documents/Unreal Projects/Casino_Simulator_KCU/Content/__ExternalActors__/FirstPerson/Lvl_FirstPerson/1/IH/6AC5KKMX2JQTMBRMPI2QXX.uasset" 3925
"/Game/__ExternalActors__/FirstPerson/Lvl_FirstPerson/1/TT/AN7EDCE3WNBXY7C6MLPGQH" 3926
"../../../../../../Users/user1/Documents/Unreal Projects/Casino_Simulator_KCU/Content/__ExternalActors__/FirstPerson/Lvl_FirstPerson/1/TT/AN7EDCE3WNBXY7C6MLPGQH.uasset" 3927
"/Game/__ExternalActors__/FirstPerson/Lvl_FirstPerson/1/WL/M7MJFQ0T76JWU6F1Z7YH8J" 3928
"../../../../../../Users/user1/Documents/Unreal Projects/Casino_Simulator_KCU/Content/__ExternalActors__/FirstPerson/Lvl_FirstPerson/1/WL/M7MJFQ0T76JWU6F1Z7YH8J.uasset" 3929
"/Game/__ExternalActors__/FirstPerson/Lvl_FirstPerson/2/1X/SN5R6LIXKDO3W51X1TVUTZ" 3930
"../../../../../../Users/user1/Documents/Unreal Projects/Casino_Simulator_KCU/Content/__ExternalActors__/FirstPerson/Lvl_FirstPerson/2/1X/SN5R6LIXKDO3W51X1TVUTZ.uasset" 3931
"/Game/__ExternalActors__/FirstPerson/Lvl_FirstPerson/2/EG/CIZR6W2NYH4Y5P8G67XOU0" 3932
"../../../../../../Users/user1/Documents/Unreal Projects/Casino_Simulator_KCU/Content/__ExternalActors__/FirstPerson/Lvl_FirstPerson/2/EG/CIZR6W2NYH4Y5P8G67XOU0.uasset" 3933
"/Game/__ExternalActors__/FirstPerson/Lvl_FirstPerson/2/OC/XS0DUOELE7HJY3F9XZSBNV" 3934
"../../../../../../Users/user1/Documents/Unreal Projects/Casino_Simulator_KCU/Content/__ExternalActors__/FirstPerson/Lvl_FirstPerson/2/OC/XS0DUOELE7HJY3F9XZSBNV.uasset" 3935
"/Game/__ExternalActors__/FirstPerson/Lvl_FirstPerson/2/SP/2T0RTK13XAOOIQD0QTXDQ9" 3936
"../../../../../../Users/user1/Documents/Unreal Projects/Casino_Simulator_KCU/Content/__ExternalActors__/FirstPerson/Lvl_FirstPerson/2/SP/2T0RTK13XAOOIQD0QTXDQ9.uasset" 3937
"/Game/__ExternalActors__/FirstPerson/Lvl_FirstPerson/3/8B/S2VB6OCHYGRYWAD0QGDM9H" 3938
"../../../../../../Users/user1/Documents/Unreal Projects/Casino_Simulator_KCU/Content/__ExternalActors__/FirstPerson/Lvl_FirstPerson/3/8B/S2VB6OCHYGRYWAD0QGDM9H.uasset" 3939
"/Game/__ExternalActors__/FirstPerson/Lvl_FirstPerson/3/BN/PJBVMDVV9BICN8MLKJ849X" 3940
"../../../../../../Users/user1/Documents/Unreal Projects/Casino_Simulator_KCU/Content/__ExternalActors__/FirstPerson/Lvl_FirstPerson/3/BN/PJBVMDVV9BICN8MLKJ849X.uasset" 3941
"../../../../../../Users/user1/Documents/Unreal Projects/Casino_Simulator_KCU/Content/LevelPrototyping/Meshes/SM_Ramp.uasset" 3942
"/Game/__ExternalActors__/FirstPerson/Lvl_FirstPerson/4/3X/YJ94LSV2G9NAIYZIK96QLE" 3943
"../../../../../../Users/user1/Documents/Unreal Projects/Casino_Simulator_KCU/Content/__ExternalActors__/FirstPerson/Lvl_FirstPerson/4/3X/YJ94LSV2G9NAIYZIK96QLE.uasset" 3944
"/Game/__ExternalActors__/FirstPerson/Lvl_FirstPerson/4/6J/NUEDVP0K274K8FKJ6Y0WEX" 3945
"../../../../../../Users/user1/Documents/Unreal Projects/Casino_Simulator_KCU/Content/__ExternalActors__/FirstPerson/Lvl_FirstPerson/4/6J/NUEDVP0K274K8FKJ6Y0WEX.uasset" 3946
"/Game/__ExternalActors__/FirstPerson/Lvl_FirstPerson/4/8V/Q896X99E5DMTT521YEXM9A" 3947
"../../../../../../Users/user1/Documents/Unreal Projects/Casino_Simulator_KCU/Content/__ExternalActors__/FirstPerson/Lvl_FirstPerson/4/8V/Q896X99E5DMTT521YEXM9A.uasset" 3948
"/Game/__ExternalActors__/FirstPerson/Lvl_FirstPerson/4/IJ/E7WQWO4MJ84GWAX8H4UR84" 3949
"../../../../../../Users/user1/Documents/Unreal Projects/Casino_Simulator_KCU/Content/__ExternalActors__/FirstPerson/Lvl_FirstPerson/4/IJ/E7WQWO4MJ84GWAX8H4UR84.uasset" 3950
"/Game/__ExternalActors__/FirstPerson/Lvl_FirstPerson/4/N3/FQV2FW1I8D4Z06TF38UTCR" 3951
"../../../../../../Users/user1/Documents/Unreal Projects/Casino_Simulator_KCU/Content/__ExternalActors__/FirstPerson/Lvl_FirstPerson/4/N3/FQV2FW1I8D4Z06TF38UTCR.uasset" 3952
"/Game/__ExternalActors__/FirstPerson/Lvl_FirstPerson/4/Q8/FF7544LYEUHM47F4E9CGB2" 3953
"../../../../../../Users/user1/Documents/Unreal Projects/Casino_Simulator_KCU/Content/__ExternalActors__/FirstPerson/Lvl_FirstPerson/4/Q8/FF7544LYEUHM47F4E9CGB2.uasset" 3954
"/Game/__ExternalActors__/FirstPerson/Lvl_FirstPerson/4/QB/9YXJRQGLS33G0BEH37USBX" 3955
"../../../../../../Users/user1/Documents/Unreal Projects/Casino_Simulator_KCU/Content/__ExternalActors__/FirstPerson/Lvl_FirstPerson/4/QB/9YXJRQGLS33G0BEH37USBX.uasset" 3956
"/Game/__ExternalActors__/FirstPerson/Lvl_FirstPerson/4/XL/U0BAKX7624EKY7QR8W4QDX" 3957
"../../../../../../Users/user1/Documents/Unreal Projects/Casino_Simulator_KCU/Content/__ExternalActors__/FirstPerson/Lvl_FirstPerson/4/XL/U0BAKX7624EKY7QR8W4QDX.uasset" 3958
"/Game/__ExternalActors__/FirstPerson/Lvl_FirstPerson/5/7L/7UDFIE6ZJ9TBFIYMJXPC79" 3959
"../../../../../../Users/user1/Documents/Unreal Projects/Casino_Simulator_KCU/Content/__ExternalActors__/FirstPerson/Lvl_FirstPerson/5/7L/7UDFIE6ZJ9TBFIYMJXPC79.uasset" 3960
"../../../../../../Users/user1/Documents/Unreal Projects/Casino_Simulator_KCU/Content/Store/BluePrint/BP_NPC_Store.uasset" 3961
"../../../../../../Users/user1/Documents/Unreal Projects/Casino_Simulator_KCU/Content/Characters/Mannequins/Anims/Pistol/Aim/AO_Pistol.uasset" 3962
"../../../../../../Users/user1/Documents/Unreal Projects/Casino_Simulator_KCU/Content/Store/UI/WBP_StoreMain.uasset" 3963
"../../../../../../Users/user1/Documents/Unreal Projects/Casino_Simulator_KCU/Content/Characters/Mannequins/Anims/Pistol/Aim/MF_Pistol_Idle_ADS1.uasset" 3964
"../../../../../../Users/user1/Documents/Unreal Projects/Casino_Simulator_KCU/Content/Characters/Mannequins/Anims/Pistol/Aim/MF_Pistol_Idle_ADS_AO_CD.uasset" 3965
"../../../../../../Users/user1/Documents/Unreal Projects/Casino_Simulator_KCU/Content/Characters/Mannequins/Anims/Pistol/Aim/MF_Pistol_Idle_ADS_AO_CU.uasset" 3966
"../../../Engine/Plugins/Interchange/Assets/Content/gltf/MaterialInstances/MI_Default_Blend_DS.uasset" 3967
"../../../../../../Users/user1/Documents/Unreal Projects/Casino_Simulator_KCU/Content/Characters/Mannequins/Anims/Pistol/MF_Pistol_Idle_ADS.uasset" 3968
"../../../../../../Users/user1/Documents/Unreal Projects/Casino_Simulator_KCU/Content/Store/UI/Art/casino_corner_cards_chips_dice.uasset" 3969
"../../../../../../Users/user1/Documents/Unreal Projects/Casino_Simulator_KCU/Content/Store/UI/Art/casino_corner_red_dice_cards.uasset" 3970
"../../../../../../Users/user1/Documents/Unreal Projects/Casino_Simulator_KCU/Content/Store/UI/Art/store_logo_neon.uasset" 3971
"../../../../../../Users/user1/Documents/Unreal Projects/Casino_Simulator_KCU/Content/Store/UI/WBP_StoreItemCard.uasset" 3972
"../../../Engine/Plugins/Interchange/Assets/Content/gltf/MaterialInstances/MI_Default_Blend.uasset" 3973
"/Game/__ExternalActors__/FirstPerson/Lvl_FirstPerson/5/TI/UOUH4EXJHIGJNF2D0Y7CPX" 3974
"../../../../../../Users/user1/Documents/Unreal Projects/Casino_Simulator_KCU/Content/__ExternalActors__/FirstPerson/Lvl_FirstPerson/5/TI/UOUH4EXJHIGJNF2D0Y7CPX.uasset" 3975
"/Game/__ExternalActors__/FirstPerson/Lvl_FirstPerson/5/UU/1ZY1QFVHRWZSP8YI4VZLMK" 3976
"../../../../../../Users/user1/Documents/Unreal Projects/Casino_Simulator_KCU/Content/__ExternalActors__/FirstPerson/Lvl_FirstPerson/5/UU/1ZY1QFVHRWZSP8YI4VZLMK.uasset" 3977
"../../../Engine/Content/EngineSky/M_SimpleSkyDome.uasset" 3978
"../../../Engine/Content/EngineSky/SM_SkySphere.uasset" 3979
"../../../Engine/Content/EngineSky/M_Sky_Panning_Clouds2.uasset" 3980
"../../../Engine/Content/EngineSky/T_Sky_Blue.uasset" 3981
"../../../Engine/Content/EngineSky/T_Sky_Clouds_M.uasset" 3982
"../../../Engine/Content/EngineSky/T_Sky_Stars.uasset" 3983
"/Game/__ExternalActors__/FirstPerson/Lvl_FirstPerson/5/V6/DING1S8EVR2AQW03U1ABGV" 3984
"../../../../../../Users/user1/Documents/Unreal Projects/Casino_Simulator_KCU/Content/__ExternalActors__/FirstPerson/Lvl_FirstPerson/5/V6/DING1S8EVR2AQW03U1ABGV.uasset" 3985
"/Game/__ExternalActors__/FirstPerson/Lvl_FirstPerson/6/6I/29E05UQXOAGP6TCP5CN0BQ" 3986
"../../../../../../Users/user1/Documents/Unreal Projects/Casino_Simulator_KCU/Content/__ExternalActors__/FirstPerson/Lvl_FirstPerson/6/6I/29E05UQXOAGP6TCP5CN0BQ.uasset" 3987
"/Game/__ExternalActors__/FirstPerson/Lvl_FirstPerson/6/96/JEF6NHSL8XXSCQTOUZMFM6" 3988
"../../../../../../Users/user1/Documents/Unreal Projects/Casino_Simulator_KCU/Content/__ExternalActors__/FirstPerson/Lvl_FirstPerson/6/96/JEF6NHSL8XXSCQTOUZMFM6.uasset" 3989
"/Game/__ExternalActors__/FirstPerson/Lvl_FirstPerson/6/I5/5U3R0J6P3EIOET939AGA6V" 3990
"../../../../../../Users/user1/Documents/Unreal Projects/Casino_Simulator_KCU/Content/__ExternalActors__/FirstPerson/Lvl_FirstPerson/6/I5/5U3R0J6P3EIOET939AGA6V.uasset" 3991
"/Game/__ExternalActors__/FirstPerson/Lvl_FirstPerson/6/U8/LL0QNHFPYL403X5YW0FGG6" 3992
"../../../../../../Users/user1/Documents/Unreal Projects/Casino_Simulator_KCU/Content/__ExternalActors__/FirstPerson/Lvl_FirstPerson/6/U8/LL0QNHFPYL403X5YW0FGG6.uasset" 3993
"/Game/__ExternalActors__/FirstPerson/Lvl_FirstPerson/7/3A/D9OI0QCDSSZSU67BNBA59J" 3994
"../../../../../../Users/user1/Documents/Unreal Projects/Casino_Simulator_KCU/Content/__ExternalActors__/FirstPerson/Lvl_FirstPerson/7/3A/D9OI0QCDSSZSU67BNBA59J.uasset" 3995
"../../../../../../Users/user1/Documents/Unreal Projects/Casino_Simulator_KCU/Content/LJH/Asset/SlotMachine/BP/Actors/NewBlueprint.uasset" 3996
"../../../../../../Users/user1/Documents/Unreal Projects/Casino_Simulator_KCU/Content/LJH/Asset/SlotMachine/BP/Actors/A_board_sign.uasset" 3997
"../../../../../../Users/user1/Documents/Unreal Projects/Casino_Simulator_KCU/Content/LJH/Asset/SlotMachine/Image/M_Hand_Paytable.uasset" 3998
"../../../../../../Users/user1/Documents/Unreal Projects/Casino_Simulator_KCU/Content/LJH/Asset/SlotMachine/Image/M_Symbol_Paytable.uasset" 3999
"../../../../../../Users/user1/Documents/Unreal Projects/Casino_Simulator_KCU/Content/LJH/Asset/SlotMachine/Image/T_Hand_Paytable.uasset" 4000
"../../../../../../Users/user1/Documents/Unreal Projects/Casino_Simulator_KCU/Content/LJH/Asset/SlotMachine/Image/T_Symbol_Paytable.uasset" 4001
"/Game/__ExternalActors__/FirstPerson/Lvl_FirstPerson/7/HG/VZGT74U8XB5J4VQSPU79UY" 4002
"../../../../../../Users/user1/Documents/Unreal Projects/Casino_Simulator_KCU/Content/__ExternalActors__/FirstPerson/Lvl_FirstPerson/7/HG/VZGT74U8XB5J4VQSPU79UY.uasset" 4003
"/Game/__ExternalActors__/FirstPerson/Lvl_FirstPerson/7/HV/3VH3D4CLM38OC4F8ICXDVQ" 4004
"../../../../../../Users/user1/Documents/Unreal Projects/Casino_Simulator_KCU/Content/__ExternalActors__/FirstPerson/Lvl_FirstPerson/7/HV/3VH3D4CLM38OC4F8ICXDVQ.uasset" 4005
"/Game/__ExternalActors__/FirstPerson/Lvl_FirstPerson/8/2H/HS4VI3UZJT1LNKM6HC7PL2" 4006
"../../../../../../Users/user1/Documents/Unreal Projects/Casino_Simulator_KCU/Content/__ExternalActors__/FirstPerson/Lvl_FirstPerson/8/2H/HS4VI3UZJT1LNKM6HC7PL2.uasset" 4007
"/Game/__ExternalActors__/FirstPerson/Lvl_FirstPerson/8/6C/U22C2HTX3CGVO2XKGAMGGK" 4008
"../../../../../../Users/user1/Documents/Unreal Projects/Casino_Simulator_KCU/Content/__ExternalActors__/FirstPerson/Lvl_FirstPerson/8/6C/U22C2HTX3CGVO2XKGAMGGK.uasset" 4009
"../../../../../../Users/user1/Documents/Unreal Projects/Casino_Simulator_KCU/Content/KCU/BP_LadderMachine.uasset" 4010
"../../../../../../Users/user1/Documents/Unreal Projects/Casino_Simulator_KCU/Content/KCU/Material/MAT_GOLD_GLOW.uasset" 4011
"../../../../../../Users/user1/Documents/Unreal Projects/Casino_Simulator_KCU/Content/KCU/Material/MAT_GOLD_NEW.uasset" 4012
"../../../../../../Users/user1/Documents/Unreal Projects/Casino_Simulator_KCU/Content/KCU/Material/MAT_LIGHT.uasset" 4013
"../../../../../../Users/user1/Documents/Unreal Projects/Casino_Simulator_KCU/Content/KCU/StaticMesh/Mini_casino_machine.uasset" 4014
"../../../../../../Users/user1/Documents/Unreal Projects/Casino_Simulator_KCU/Content/KCU/Widget/WBP_LadderWidget.uasset" 4015
"../../../../../../Users/user1/Documents/Unreal Projects/Casino_Simulator_KCU/Content/KCU/Widget/WBP_MachineScreen.uasset" 4016
"../../../../../../Users/user1/Documents/Unreal Projects/Casino_Simulator_KCU/Content/KCU/Material/MAT_BLACK.uasset" 4017
"../../../../../../Users/user1/Documents/Unreal Projects/Casino_Simulator_KCU/Content/KCU/Material/MAT_GOLD.uasset" 4018
"../../../../../../Users/user1/Documents/Unreal Projects/Casino_Simulator_KCU/Content/KCU/Material/MAT_GOLD_LIGHT.uasset" 4019
"../../../../../../Users/user1/Documents/Unreal Projects/Casino_Simulator_KCU/Content/KCU/Material/MAT_RED.uasset" 4020
"../../../../../../Users/user1/Documents/Unreal Projects/Casino_Simulator_KCU/Content/KCU/Widget/WBP_RailButton.uasset" 4021
"../../../../../../Users/user1/Documents/Unreal Projects/Casino_Simulator_KCU/Content/KCU/Texture/frame_outline_white.uasset" 4022
"../../../../../../Users/user1/Documents/Unreal Projects/Casino_Simulator_KCU/Content/KCU/Texture/T_Refresh.uasset" 4023
"../../../../../../Users/user1/Documents/Unreal Projects/Casino_Simulator_KCU/Content/KCU/Texture/triangle_left_white.uasset" 4024
"../../../../../../Users/user1/Documents/Unreal Projects/Casino_Simulator_KCU/Content/KCU/Texture/triangle_right_white.uasset" 4025
"../../../../../../Users/user1/Documents/Unreal Projects/Casino_Simulator_KCU/Content/KCU/Widget/WBP_ResultSlot.uasset" 4026
"../../../../../../Users/user1/Documents/Unreal Projects/Casino_Simulator_KCU/Content/KCU/Texture/8a62944e-d0ce-429e-a2e1-a665d6a081c6.uasset" 4027
"../../../../../../Users/user1/Documents/Unreal Projects/Casino_Simulator_KCU/Content/KCU/Widget/WBP_CuttonWidget.uasset" 4028
"../../../../../../Users/user1/Documents/Unreal Projects/Casino_Simulator_KCU/Content/KCU/Widget/WBP_ResultWidget.uasset" 4029
"../../../../../../Users/user1/Documents/Unreal Projects/Casino_Simulator_KCU/Content/KCU/Texture/frame_outline_glow_white.uasset" 4030
"../../../../../../Users/user1/Documents/Unreal Projects/Casino_Simulator_KCU/Content/KCU/Texture/images.uasset" 4031
"../../../../../../Users/user1/Documents/Unreal Projects/Casino_Simulator_KCU/Content/KCU/Widget/4d825d91-d92c-41f6-86e3-9ae8b9512c48.uasset" 4032
"../../../../../../Users/user1/Documents/Unreal Projects/Casino_Simulator_KCU/Content/KCU/Texture/014a8fcc-08c3-47ae-a6a0-0cfdf5e970a1.uasset" 4033
"../../../../../../Users/user1/Documents/Unreal Projects/Casino_Simulator_KCU/Content/KCU/Texture/67dd3de0-0905-48cf-aa08-4488e8d1aaae.uasset" 4034
"/Game/__ExternalActors__/FirstPerson/Lvl_FirstPerson/8/7M/FNN1ELJOC3KQT4JN0YDHT6" 4035
"../../../../../../Users/user1/Documents/Unreal Projects/Casino_Simulator_KCU/Content/__ExternalActors__/FirstPerson/Lvl_FirstPerson/8/7M/FNN1ELJOC3KQT4JN0YDHT6.uasset" 4036
"/Game/__ExternalActors__/FirstPerson/Lvl_FirstPerson/8/I3/0VVXG3S0B4RN6QSHFSGKGX" 4037
"../../../../../../Users/user1/Documents/Unreal Projects/Casino_Simulator_KCU/Content/__ExternalActors__/FirstPerson/Lvl_FirstPerson/8/I3/0VVXG3S0B4RN6QSHFSGKGX.uasset" 4038
"/Game/__ExternalActors__/FirstPerson/Lvl_FirstPerson/8/KL/17EY7JSE7TF01OWV9LBSC1" 4039
"../../../../../../Users/user1/Documents/Unreal Projects/Casino_Simulator_KCU/Content/__ExternalActors__/FirstPerson/Lvl_FirstPerson/8/KL/17EY7JSE7TF01OWV9LBSC1.uasset" 4040
"/Game/__ExternalActors__/FirstPerson/Lvl_FirstPerson/8/QY/FSMNL3KLM133J5VKZAU0BE" 4041
"../../../../../../Users/user1/Documents/Unreal Projects/Casino_Simulator_KCU/Content/__ExternalActors__/FirstPerson/Lvl_FirstPerson/8/QY/FSMNL3KLM133J5VKZAU0BE.uasset" 4042
"/Game/__ExternalActors__/FirstPerson/Lvl_FirstPerson/8/W2/920TYXDM12T8GKK1E0M892" 4043
"../../../../../../Users/user1/Documents/Unreal Projects/Casino_Simulator_KCU/Content/__ExternalActors__/FirstPerson/Lvl_FirstPerson/8/W2/920TYXDM12T8GKK1E0M892.uasset" 4044
"/Game/__ExternalActors__/FirstPerson/Lvl_FirstPerson/9/3M/CN6DASGRPPAPEICARMETU3" 4045
"../../../../../../Users/user1/Documents/Unreal Projects/Casino_Simulator_KCU/Content/__ExternalActors__/FirstPerson/Lvl_FirstPerson/9/3M/CN6DASGRPPAPEICARMETU3.uasset" 4046
"/Game/__ExternalActors__/FirstPerson/Lvl_FirstPerson/9/8O/BVYOAIREBMOAK7193TKE2N" 4047
"../../../../../../Users/user1/Documents/Unreal Projects/Casino_Simulator_KCU/Content/__ExternalActors__/FirstPerson/Lvl_FirstPerson/9/8O/BVYOAIREBMOAK7193TKE2N.uasset" 4048
"/Game/__ExternalActors__/FirstPerson/Lvl_FirstPerson/9/9S/AT66MUZW91DYUD6WM5FH0P" 4049
"../../../../../../Users/user1/Documents/Unreal Projects/Casino_Simulator_KCU/Content/__ExternalActors__/FirstPerson/Lvl_FirstPerson/9/9S/AT66MUZW91DYUD6WM5FH0P.uasset" 4050
"/Game/__ExternalActors__/FirstPerson/Lvl_FirstPerson/9/AC/RFQ7INIHB1Q1JWY7DWYQ5Y" 4051
"../../../../../../Users/user1/Documents/Unreal Projects/Casino_Simulator_KCU/Content/__ExternalActors__/FirstPerson/Lvl_FirstPerson/9/AC/RFQ7INIHB1Q1JWY7DWYQ5Y.uasset" 4052
"/Game/__ExternalActors__/FirstPerson/Lvl_FirstPerson/9/D2/66RZ3E9MEBJPV125V7SWQ6" 4053
"../../../../../../Users/user1/Documents/Unreal Projects/Casino_Simulator_KCU/Content/__ExternalActors__/FirstPerson/Lvl_FirstPerson/9/D2/66RZ3E9MEBJPV125V7SWQ6.uasset" 4054
"/Game/__ExternalActors__/FirstPerson/Lvl_FirstPerson/9/LJ/OQX9YN9UJ9NNRX6ERJ3PPZ" 4055
"../../../../../../Users/user1/Documents/Unreal Projects/Casino_Simulator_KCU/Content/__ExternalActors__/FirstPerson/Lvl_FirstPerson/9/LJ/OQX9YN9UJ9NNRX6ERJ3PPZ.uasset" 4056
"/Game/__ExternalActors__/FirstPerson/Lvl_FirstPerson/A/2N/XWEBNOYZ7JA5DZOPBGZ71S" 4057
"../../../../../../Users/user1/Documents/Unreal Projects/Casino_Simulator_KCU/Content/__ExternalActors__/FirstPerson/Lvl_FirstPerson/A/2N/XWEBNOYZ7JA5DZOPBGZ71S.uasset" 4058
"/Game/__ExternalActors__/FirstPerson/Lvl_FirstPerson/A/7Y/5BNTT4KZM5AJ91IJXZVE19" 4059
"../../../../../../Users/user1/Documents/Unreal Projects/Casino_Simulator_KCU/Content/__ExternalActors__/FirstPerson/Lvl_FirstPerson/A/7Y/5BNTT4KZM5AJ91IJXZVE19.uasset" 4060
"../../../../../../Users/user1/Documents/Unreal Projects/Casino_Simulator_KCU/Content/ThreeCardPoker/BluePrint/BP_NPC_ThreeCardPoker.uasset" 4061
"../../../../../../Users/user1/Documents/Unreal Projects/Casino_Simulator_KCU/Content/Blackjack/BluePrint/Animation/Dealer/ABP_BlackjackDealer1.uasset" 4062
"../../../../../../Users/user1/Documents/Unreal Projects/Casino_Simulator_KCU/Content/ThreeCardPoker/BluePrint/BP_ThreeCardPokerTable.uasset" 4063
"../../../../../../Users/user1/Documents/Unreal Projects/Casino_Simulator_KCU/Content/Blackjack/BluePrint/Card/BP_BlackjackCard.uasset" 4064
"../../../../../../Users/user1/Documents/Unreal Projects/Casino_Simulator_KCU/Content/Blackjack/Data/DT_BlackjackCardVisuals.uasset" 4065
"../../../../../../Users/user1/Documents/Unreal Projects/Casino_Simulator_KCU/Content/1_BluePrint/Table.uasset" 4066
"../../../../../../Users/user1/Documents/Unreal Projects/Casino_Simulator_KCU/Content/Blackjack/BluePrint/Card/Material/M_CardBack.uasset" 4067
"../../../../../../Users/user1/Documents/Unreal Projects/Casino_Simulator_KCU/Content/Blackjack/BluePrint/Card/Material/M_CardFace.uasset" 4068
"../../../../../../Users/user1/Documents/Unreal Projects/Casino_Simulator_KCU/Content/Blackjack/Data/ChatGPT_Image_2026?_8?_27?_??_11_08_21__1_.uasset" 4069
"../../../../../../Users/user1/Documents/Unreal Projects/Casino_Simulator_KCU/Content/Blackjack/Data/ChatGPT_Image_2026?_8?_27?_??_11_08_22__2_.uasset" 4070
"../../../../../../Users/user1/Documents/Unreal Projects/Casino_Simulator_KCU/Content/Blackjack/Data/ChatGPT_Image_2026?_8?_27?_??_11_08_22__3_.uasset" 4071
"../../../../../../Users/user1/Documents/Unreal Projects/Casino_Simulator_KCU/Content/Blackjack/Data/ChatGPT_Image_2026?_8?_27?_??_11_08_23__4_.uasset" 4072
"../../../../../../Users/user1/Documents/Unreal Projects/Casino_Simulator_KCU/Content/Blackjack/Data/ChatGPT_Image_2026?_8?_27?_??_11_08_23__5_.uasset" 4073
"../../../../../../Users/user1/Documents/Unreal Projects/Casino_Simulator_KCU/Content/Blackjack/Data/ChatGPT_Image_2026?_8?_27?_??_11_08_23__6_.uasset" 4074
"../../../../../../Users/user1/Documents/Unreal Projects/Casino_Simulator_KCU/Content/Blackjack/Data/ChatGPT_Image_2026?_8?_27?_??_11_08_24__7_.uasset" 4075
"../../../../../../Users/user1/Documents/Unreal Projects/Casino_Simulator_KCU/Content/Blackjack/Data/ChatGPT_Image_2026?_8?_27?_??_11_08_24__8_.uasset" 4076
"../../../../../../Users/user1/Documents/Unreal Projects/Casino_Simulator_KCU/Content/Blackjack/Data/ChatGPT_Image_2026?_8?_27?_??_11_08_25__9_.uasset" 4077
"../../../../../../Users/user1/Documents/Unreal Projects/Casino_Simulator_KCU/Content/Blackjack/Data/ChatGPT_Image_2026?_8?_27?_??_11_08_34__1_.uasset" 4078
"../../../../../../Users/user1/Documents/Unreal Projects/Casino_Simulator_KCU/Content/Blackjack/Data/ChatGPT_Image_2026?_8?_27?_??_11_08_34__2_.uasset" 4079
"../../../../../../Users/user1/Documents/Unreal Projects/Casino_Simulator_KCU/Content/Blackjack/Data/ChatGPT_Image_2026?_8?_27?_??_11_08_34__3_.uasset" 4080
"../../../../../../Users/user1/Documents/Unreal Projects/Casino_Simulator_KCU/Content/CardDeck/2ColorCards/726X1044/Deck2/T_2ColorCards_Deck2_HighRes_Clubs10_Diffuse.uasset" 4081
"../../../../../../Users/user1/Documents/Unreal Projects/Casino_Simulator_KCU/Content/CardDeck/2ColorCards/726X1044/Deck2/T_2ColorCards_Deck2_HighRes_Clubs2_Diffuse.uasset" 4082
"../../../../../../Users/user1/Documents/Unreal Projects/Casino_Simulator_KCU/Content/CardDeck/2ColorCards/726X1044/Deck2/T_2ColorCards_Deck2_HighRes_Clubs3_Diffuse.uasset" 4083
"../../../../../../Users/user1/Documents/Unreal Projects/Casino_Simulator_KCU/Content/CardDeck/2ColorCards/726X1044/Deck2/T_2ColorCards_Deck2_HighRes_Clubs4_Diffuse.uasset" 4084
"../../../../../../Users/user1/Documents/Unreal Projects/Casino_Simulator_KCU/Content/CardDeck/2ColorCards/726X1044/Deck2/T_2ColorCards_Deck2_HighRes_Clubs5_Diffuse.uasset" 4085
"../../../../../../Users/user1/Documents/Unreal Projects/Casino_Simulator_KCU/Content/CardDeck/2ColorCards/726X1044/Deck2/T_2ColorCards_Deck2_HighRes_Clubs6_Diffuse.uasset" 4086
"../../../../../../Users/user1/Documents/Unreal Projects/Casino_Simulator_KCU/Content/CardDeck/2ColorCards/726X1044/Deck2/T_2ColorCards_Deck2_HighRes_Clubs7_Diffuse.uasset" 4087
"../../../../../../Users/user1/Documents/Unreal Projects/Casino_Simulator_KCU/Content/CardDeck/2ColorCards/726X1044/Deck2/T_2ColorCards_Deck2_HighRes_Clubs8_Diffuse.uasset" 4088
"../../../../../../Users/user1/Documents/Unreal Projects/Casino_Simulator_KCU/Content/CardDeck/2ColorCards/726X1044/Deck2/T_2ColorCards_Deck2_HighRes_Clubs9_Diffuse.uasset" 4089
"../../../../../../Users/user1/Documents/Unreal Projects/Casino_Simulator_KCU/Content/CardDeck/2ColorCards/726X1044/Deck2/T_2ColorCards_Deck2_HighRes_ClubsA_Diffuse.uasset" 4090
"../../../../../../Users/user1/Documents/Unreal Projects/Casino_Simulator_KCU/Content/CardDeck/2ColorCards/726X1044/Deck2/T_2ColorCards_Deck2_HighRes_Diamonds10_Diffuse.uasset" 4091
"../../../../../../Users/user1/Documents/Unreal Projects/Casino_Simulator_KCU/Content/CardDeck/2ColorCards/726X1044/Deck2/T_2ColorCards_Deck2_HighRes_Diamonds2_Diffuse.uasset" 4092
"../../../../../../Users/user1/Documents/Unreal Projects/Casino_Simulator_KCU/Content/CardDeck/2ColorCards/726X1044/Deck2/T_2ColorCards_Deck2_HighRes_Diamonds3_Diffuse.uasset" 4093
"../../../../../../Users/user1/Documents/Unreal Projects/Casino_Simulator_KCU/Content/CardDeck/2ColorCards/726X1044/Deck2/T_2ColorCards_Deck2_HighRes_Diamonds4_Diffuse.uasset" 4094
"../../../../../../Users/user1/Documents/Unreal Projects/Casino_Simulator_KCU/Content/CardDeck/2ColorCards/726X1044/Deck2/T_2ColorCards_Deck2_HighRes_Diamonds5_Diffuse.uasset" 4095
"../../../../../../Users/user1/Documents/Unreal Projects/Casino_Simulator_KCU/Content/CardDeck/2ColorCards/726X1044/Deck2/T_2ColorCards_Deck2_HighRes_Diamonds6_Diffuse.uasset" 4096
"../../../../../../Users/user1/Documents/Unreal Projects/Casino_Simulator_KCU/Content/CardDeck/2ColorCards/726X1044/Deck2/T_2ColorCards_Deck2_HighRes_Diamonds7_Diffuse.uasset" 4097
"../../../../../../Users/user1/Documents/Unreal Projects/Casino_Simulator_KCU/Content/CardDeck/2ColorCards/726X1044/Deck2/T_2ColorCards_Deck2_HighRes_Diamonds8_Diffuse.uasset" 4098
"../../../../../../Users/user1/Documents/Unreal Projects/Casino_Simulator_KCU/Content/CardDeck/2ColorCards/726X1044/Deck2/T_2ColorCards_Deck2_HighRes_Diamonds9_Diffuse.uasset" 4099
"../../../../../../Users/user1/Documents/Unreal Projects/Casino_Simulator_KCU/Content/CardDeck/2ColorCards/726X1044/Deck2/T_2ColorCards_Deck2_HighRes_DiamondsA_Diffuse.uasset" 4100
"../../../../../../Users/user1/Documents/Unreal Projects/Casino_Simulator_KCU/Content/CardDeck/2ColorCards/726X1044/Deck2/T_2ColorCards_Deck2_HighRes_Hearts10_Diffuse.uasset" 4101
"../../../../../../Users/user1/Documents/Unreal Projects/Casino_Simulator_KCU/Content/CardDeck/2ColorCards/726X1044/Deck2/T_2ColorCards_Deck2_HighRes_Hearts2_Diffuse.uasset" 4102
"../../../../../../Users/user1/Documents/Unreal Projects/Casino_Simulator_KCU/Content/CardDeck/2ColorCards/726X1044/Deck2/T_2ColorCards_Deck2_HighRes_Hearts3_Diffuse.uasset" 4103
"../../../../../../Users/user1/Documents/Unreal Projects/Casino_Simulator_KCU/Content/CardDeck/2ColorCards/726X1044/Deck2/T_2ColorCards_Deck2_HighRes_Hearts4_Diffuse.uasset" 4104
"../../../../../../Users/user1/Documents/Unreal Projects/Casino_Simulator_KCU/Content/CardDeck/2ColorCards/726X1044/Deck2/T_2ColorCards_Deck2_HighRes_Hearts5_Diffuse.uasset" 4105
"../../../../../../Users/user1/Documents/Unreal Projects/Casino_Simulator_KCU/Content/CardDeck/2ColorCards/726X1044/Deck2/T_2ColorCards_Deck2_HighRes_Hearts6_Diffuse.uasset" 4106
"../../../../../../Users/user1/Documents/Unreal Projects/Casino_Simulator_KCU/Content/CardDeck/2ColorCards/726X1044/Deck2/T_2ColorCards_Deck2_HighRes_Hearts7_Diffuse.uasset" 4107
"../../../../../../Users/user1/Documents/Unreal Projects/Casino_Simulator_KCU/Content/CardDeck/2ColorCards/726X1044/Deck2/T_2ColorCards_Deck2_HighRes_Hearts8_Diffuse.uasset" 4108
"../../../../../../Users/user1/Documents/Unreal Projects/Casino_Simulator_KCU/Content/CardDeck/2ColorCards/726X1044/Deck2/T_2ColorCards_Deck2_HighRes_Hearts9_Diffuse.uasset" 4109
"../../../../../../Users/user1/Documents/Unreal Projects/Casino_Simulator_KCU/Content/CardDeck/2ColorCards/726X1044/Deck2/T_2ColorCards_Deck2_HighRes_HeartsA_Diffuse.uasset" 4110
"../../../../../../Users/user1/Documents/Unreal Projects/Casino_Simulator_KCU/Content/CardDeck/2ColorCards/726X1044/Deck2/T_2ColorCards_Deck2_HighRes_Spades10_Diffuse.uasset" 4111
"../../../../../../Users/user1/Documents/Unreal Projects/Casino_Simulator_KCU/Content/CardDeck/2ColorCards/726X1044/Deck2/T_2ColorCards_Deck2_HighRes_Spades2_Diffuse.uasset" 4112
"../../../../../../Users/user1/Documents/Unreal Projects/Casino_Simulator_KCU/Content/CardDeck/2ColorCards/726X1044/Deck2/T_2ColorCards_Deck2_HighRes_Spades3_Diffuse.uasset" 4113
"../../../../../../Users/user1/Documents/Unreal Projects/Casino_Simulator_KCU/Content/CardDeck/2ColorCards/726X1044/Deck2/T_2ColorCards_Deck2_HighRes_Spades4_Diffuse.uasset" 4114
"../../../../../../Users/user1/Documents/Unreal Projects/Casino_Simulator_KCU/Content/CardDeck/2ColorCards/726X1044/Deck2/T_2ColorCards_Deck2_HighRes_Spades5_Diffuse.uasset" 4115
"../../../../../../Users/user1/Documents/Unreal Projects/Casino_Simulator_KCU/Content/CardDeck/2ColorCards/726X1044/Deck2/T_2ColorCards_Deck2_HighRes_Spades6_Diffuse.uasset" 4116
"../../../../../../Users/user1/Documents/Unreal Projects/Casino_Simulator_KCU/Content/CardDeck/2ColorCards/726X1044/Deck2/T_2ColorCards_Deck2_HighRes_Spades7_Diffuse.uasset" 4117
"../../../../../../Users/user1/Documents/Unreal Projects/Casino_Simulator_KCU/Content/CardDeck/2ColorCards/726X1044/Deck2/T_2ColorCards_Deck2_HighRes_Spades8_Diffuse.uasset" 4118
"../../../../../../Users/user1/Documents/Unreal Projects/Casino_Simulator_KCU/Content/CardDeck/2ColorCards/726X1044/Deck2/T_2ColorCards_Deck2_HighRes_Spades9_Diffuse.uasset" 4119
"../../../../../../Users/user1/Documents/Unreal Projects/Casino_Simulator_KCU/Content/CardDeck/2ColorCards/726X1044/Deck2/T_2ColorCards_Deck2_HighRes_SpadesA_Diffuse.uasset" 4120
"../../../../../../Users/user1/Documents/Unreal Projects/Casino_Simulator_KCU/Content/CardDeck/Decks/726X1044/T_BackRedGold_HighRes_Diffuse.uasset" 4121
"../../../../../../Users/user1/Documents/Unreal Projects/Casino_Simulator_KCU/Content/4_Material/Black_Leather.uasset" 4122
"../../../../../../Users/user1/Documents/Unreal Projects/Casino_Simulator_KCU/Content/4_Material/Casino_Green_Felt.uasset" 4123
"../../../../../../Users/user1/Documents/Unreal Projects/Casino_Simulator_KCU/Content/4_Material/Dark_Wood.uasset" 4124
"../../../../../../Users/user1/Documents/Unreal Projects/Casino_Simulator_KCU/Content/4_Material/Gold.uasset" 4125
"../../../../../../Users/user1/Documents/Unreal Projects/Casino_Simulator_KCU/Content/4_Material/Tray_Black.uasset" 4126
"../../../../../../Users/user1/Documents/Unreal Projects/Casino_Simulator_KCU/Content/Blackjack/BluePrint/Card/Material/T_Card_RoundMask_726x1044.uasset" 4127
"/Game/__ExternalActors__/FirstPerson/Lvl_FirstPerson/A/HH/BIAWP2Z8HW32809JWMRLU3" 4128
"../../../../../../Users/user1/Documents/Unreal Projects/Casino_Simulator_KCU/Content/__ExternalActors__/FirstPerson/Lvl_FirstPerson/A/HH/BIAWP2Z8HW32809JWMRLU3.uasset" 4129
"/Game/__ExternalActors__/FirstPerson/Lvl_FirstPerson/A/J3/JQWZC33CXMXDX87CAIWJ94" 4130
"../../../../../../Users/user1/Documents/Unreal Projects/Casino_Simulator_KCU/Content/__ExternalActors__/FirstPerson/Lvl_FirstPerson/A/J3/JQWZC33CXMXDX87CAIWJ94.uasset" 4131
"/Game/__ExternalActors__/FirstPerson/Lvl_FirstPerson/A/U0/N7D7PHGDI2A4EOLD58TA92" 4132
"../../../../../../Users/user1/Documents/Unreal Projects/Casino_Simulator_KCU/Content/__ExternalActors__/FirstPerson/Lvl_FirstPerson/A/U0/N7D7PHGDI2A4EOLD58TA92.uasset" 4133
"/Game/__ExternalActors__/FirstPerson/Lvl_FirstPerson/B/A0/H9UW87LSWW1659VVX0DKN6" 4134
"../../../../../../Users/user1/Documents/Unreal Projects/Casino_Simulator_KCU/Content/__ExternalActors__/FirstPerson/Lvl_FirstPerson/B/A0/H9UW87LSWW1659VVX0DKN6.uasset" 4135
"../../../../../../Users/user1/Documents/Unreal Projects/Casino_Simulator_KCU/Content/LJH/Asset/SlotMachine/BP/Actors/BP_SlotMachine_5x3.uasset" 4136
"../../../Engine/Content/EditorBlueprintResources/ActorMacros.uasset" 4137
"../../../../../../Users/user1/Documents/Unreal Projects/Casino_Simulator_KCU/Content/LJH/Asset/SlotMachine/Curve/CF_ReelStopBounceWeak.uasset" 4138
"../../../../../../Users/user1/Documents/Unreal Projects/Casino_Simulator_KCU/Content/LJH/Asset/SlotMachine/BP/Data/DT_SlotOutcomeWeight.uasset" 4139
"../../../../../../Users/user1/Documents/Unreal Projects/Casino_Simulator_KCU/Content/LJH/Asset/SlotMachine/BP/Data/DT_SlotPayouts_Cpp.uasset" 4140
"../../../../../../Users/user1/Documents/Unreal Projects/Casino_Simulator_KCU/Content/LJH/Asset/SlotMachine/BP/Data/DT_SlotSymbols_Cpp.uasset" 4141
"../../../../../../Users/user1/Documents/Unreal Projects/Casino_Simulator_KCU/Content/LJH/Asset/SlotMachine/Image/Slot_Bottom_Mat.uasset" 4142
"../../../../../../Users/user1/Documents/Unreal Projects/Casino_Simulator_KCU/Content/LJH/Asset/SlotMachine/Image/Slot_Top_Mat.uasset" 4143
"../../../../../../Users/user1/Documents/Unreal Projects/Casino_Simulator_KCU/Content/LJH/Asset/SlotMachine/Mesh/Material/DefaultTextMaterialOpaque1.uasset" 4144
"../../../../../../Users/user1/Documents/Unreal Projects/Casino_Simulator_KCU/Content/LJH/Asset/SlotMachine/Mesh/Material/MAT_GOLD_gg.uasset" 4145
"../../../../../../Users/user1/Documents/Unreal Projects/Casino_Simulator_KCU/Content/LJH/Asset/SlotMachine/Mesh/Handle_Hub_merge/Level.uasset" 4146
"../../../../../../Users/user1/Documents/Unreal Projects/Casino_Simulator_KCU/Content/LJH/Asset/SlotMachine/BP/Enums/E_SlotMachineState.uasset" 4147
"../../../../../../Users/user1/Documents/Unreal Projects/Casino_Simulator_KCU/Content/LJH/Asset/SlotMachine/Mesh/Body/SM_Reel_Window_Glass.uasset" 4148
"../../../../../../Users/user1/Documents/Unreal Projects/Casino_Simulator_KCU/Content/LJH/Asset/SlotMachine/Mesh/Body_merge/SM_Coin_Panel.uasset" 4149
"../../../../../../Users/user1/Documents/Unreal Projects/Casino_Simulator_KCU/Content/LJH/Asset/SlotMachine/Mesh/Body_merge/SM_Coin_Slot_Chrome_Frame.uasset" 4150
"../../../../../../Users/user1/Documents/Unreal Projects/Casino_Simulator_KCU/Content/LJH/Asset/SlotMachine/Mesh/Body_merge/SM_Coin_Slot_Dark_Gap.uasset" 4151
"../../../../../../Users/user1/Documents/Unreal Projects/Casino_Simulator_KCU/Content/LJH/Asset/SlotMachine/Mesh/Body_merge/SM_Coin_Tray.uasset" 4152
"../../../../../../Users/user1/Documents/Unreal Projects/Casino_Simulator_KCU/Content/LJH/Asset/SlotMachine/Mesh/Body_merge/SM_Display_Top_Case.uasset" 4153
"../../../../../../Users/user1/Documents/Unreal Projects/Casino_Simulator_KCU/Content/LJH/Asset/SlotMachine/Mesh/Body_merge/SM_Display_Top_Screen.uasset" 4154
"../../../../../../Users/user1/Documents/Unreal Projects/Casino_Simulator_KCU/Content/LJH/Asset/SlotMachine/Mesh/Body_merge/SM_Lever_Axis_Pin.uasset" 4155
"../../../../../../Users/user1/Documents/Unreal Projects/Casino_Simulator_KCU/Content/LJH/Asset/SlotMachine/Mesh/Body_merge/SM_Lever_Base_Backplate.uasset" 4156
"../../../../../../Users/user1/Documents/Unreal Projects/Casino_Simulator_KCU/Content/LJH/Asset/SlotMachine/Mesh/Body_merge/SM_Lever_Base_Bolt_L_B.uasset" 4157
"../../../../../../Users/user1/Documents/Unreal Projects/Casino_Simulator_KCU/Content/LJH/Asset/SlotMachine/Mesh/Body_merge/SM_Lever_Base_Bolt_L_B_Slot.uasset" 4158
"../../../../../../Users/user1/Documents/Unreal Projects/Casino_Simulator_KCU/Content/LJH/Asset/SlotMachine/Mesh/Body_merge/SM_Lever_Base_Bolt_L_T.uasset" 4159
"../../../../../../Users/user1/Documents/Unreal Projects/Casino_Simulator_KCU/Content/LJH/Asset/SlotMachine/Mesh/Body_merge/SM_Lever_Base_Bolt_L_T_Slot.uasset" 4160
"../../../../../../Users/user1/Documents/Unreal Projects/Casino_Simulator_KCU/Content/LJH/Asset/SlotMachine/Mesh/Body_merge/SM_Lever_Base_Bolt_R_B.uasset" 4161
"../../../../../../Users/user1/Documents/Unreal Projects/Casino_Simulator_KCU/Content/LJH/Asset/SlotMachine/Mesh/Body_merge/SM_Lever_Base_Bolt_R_B_Slot.uasset" 4162
"../../../../../../Users/user1/Documents/Unreal Projects/Casino_Simulator_KCU/Content/LJH/Asset/SlotMachine/Mesh/Body_merge/SM_Lever_Base_Bolt_R_T.uasset" 4163
"../../../../../../Users/user1/Documents/Unreal Projects/Casino_Simulator_KCU/Content/LJH/Asset/SlotMachine/Mesh/Body_merge/SM_Lever_Base_Bolt_R_T_Slot.uasset" 4164
"../../../../../../Users/user1/Documents/Unreal Projects/Casino_Simulator_KCU/Content/LJH/Asset/SlotMachine/Mesh/Body_merge/SM_Lever_Base_Chrome_Ring.uasset" 4165
"../../../../../../Users/user1/Documents/Unreal Projects/Casino_Simulator_KCU/Content/LJH/Asset/SlotMachine/Mesh/Body_merge/SM_Reel_Window_Back_Shadow.uasset" 4166
"../../../../../../Users/user1/Documents/Unreal Projects/Casino_Simulator_KCU/Content/LJH/Asset/SlotMachine/Mesh/Body_merge/SM_Reel_Window_Bottom_Chrome.uasset" 4167
"../../../../../../Users/user1/Documents/Unreal Projects/Casino_Simulator_KCU/Content/LJH/Asset/SlotMachine/Mesh/Body_merge/SM_SlotMachine_Back_Case.uasset" 4168
"../../../../../../Users/user1/Documents/Unreal Projects/Casino_Simulator_KCU/Content/LJH/Asset/SlotMachine/Mesh/Body_merge/SM_SlotMachine_Base_Platform.uasset" 4169
"../../../../../../Users/user1/Documents/Unreal Projects/Casino_Simulator_KCU/Content/LJH/Asset/SlotMachine/Mesh/Body_merge/SM_SlotMachine_Front_Dark_Panel.uasset" 4170
"../../../../../../Users/user1/Documents/Unreal Projects/Casino_Simulator_KCU/Content/LJH/Asset/SlotMachine/Mesh/Body_merge/SM_SlotMachine_Main_Body.uasset" 4171
"../../../../../../Users/user1/Documents/Unreal Projects/Casino_Simulator_KCU/Content/LJH/Asset/SlotMachine/Mesh/Cylinder/SM_Reel_05_Cylinder.uasset" 4172
"../../../../../../Users/user1/Documents/Unreal Projects/Casino_Simulator_KCU/Content/LJH/Asset/SlotMachine/Mesh/Handle_Hub_merge/SM_Lever_Handle_Bar.uasset" 4173
"../../../../../../Users/user1/Documents/Unreal Projects/Casino_Simulator_KCU/Content/LJH/Asset/SlotMachine/Mesh/Handle_Hub_merge/SM_Lever_Handle_Hub.uasset" 4174
"../../../../../../Users/user1/Documents/Unreal Projects/Casino_Simulator_KCU/Content/LJH/Asset/SlotMachine/Mesh/Handle_Hub_merge/Sphere.uasset" 4175
"../../../../../../Users/user1/Documents/Unreal Projects/Casino_Simulator_KCU/Content/LJH/UI/WBP_SlotMachineControl.uasset" 4176
"../../../../../../Users/user1/Documents/Unreal Projects/Casino_Simulator_KCU/Content/LJH/Asset/SlotMachine/Image/Slot_Bottom.uasset" 4177
"../../../../../../Users/user1/Documents/Unreal Projects/Casino_Simulator_KCU/Content/LJH/Asset/SlotMachine/Image/Slot_Top.uasset" 4178
"../../../../../../Users/user1/Documents/Unreal Projects/Casino_Simulator_KCU/Content/LJH/Asset/SlotMachine/Mesh/Body/Materials/M_Smoked_Glass_001.uasset" 4179
"../../../../../../Users/user1/Documents/Unreal Projects/Casino_Simulator_KCU/Content/LJH/Asset/SlotMachine/Mesh/Body_merge/Meterials/M_Dark_Brushed_Metal_001.uasset" 4180
"../../../../../../Users/user1/Documents/Unreal Projects/Casino_Simulator_KCU/Content/LJH/Asset/SlotMachine/Mesh/Body_merge/Meterials/M_Black_Groove_001.uasset" 4181
"../../../../../../Users/user1/Documents/Unreal Projects/Casino_Simulator_KCU/Content/LJH/Asset/SlotMachine/Mesh/Body_merge/Meterials/M_Polished_Chrome_002.uasset" 4182
"../../../../../../Users/user1/Documents/Unreal Projects/Casino_Simulator_KCU/Content/LJH/Asset/SlotMachine/Mesh/Body_merge/Meterials/M_Black_Glass_Display_001.uasset" 4183
"../../../../../../Users/user1/Documents/Unreal Projects/Casino_Simulator_KCU/Content/LJH/Asset/SlotMachine/Mesh/Body_merge/Meterials/M_Polished_Chrome_001.uasset" 4184
"../../../../../../Users/user1/Documents/Unreal Projects/Casino_Simulator_KCU/Content/LJH/Asset/SlotMachine/Mesh/Body_merge/Meterials/M_Dark_Red_Side_Panels_001.uasset" 4185
"../../../../../../Users/user1/Documents/Unreal Projects/Casino_Simulator_KCU/Content/LJH/Asset/SlotMachine/Mesh/Body_merge/Meterials/M_Red_Enamel_Body_001.uasset" 4186
"../../../../../../Users/user1/Documents/Unreal Projects/Casino_Simulator_KCU/Content/LJH/Asset/SlotMachine/Mesh/Cylinder/M_Reel_FrontImage.uasset" 4187
"../../../../../../Users/user1/Documents/Unreal Projects/Casino_Simulator_KCU/Content/LJH/Asset/SlotMachine/Mesh/Cylinder/M_Reel_OffWhite_Plastic_001.uasset" 4188
"../../../../../../Users/user1/Documents/Unreal Projects/Casino_Simulator_KCU/Content/LJH/Asset/SlotMachine/Mesh/Handle_Hub_merge/M_Blackened_Steel.uasset" 4189
"../../../../../../Users/user1/Documents/Unreal Projects/Casino_Simulator_KCU/Content/LJH/Asset/SlotMachine/Mesh/Cylinder/Cymbol.uasset" 4190
"/Game/__ExternalActors__/FirstPerson/Lvl_FirstPerson/B/C7/6Q3NLEVYWZTS2NSBPQWWWX" 4191
"../../../../../../Users/user1/Documents/Unreal Projects/Casino_Simulator_KCU/Content/__ExternalActors__/FirstPerson/Lvl_FirstPerson/B/C7/6Q3NLEVYWZTS2NSBPQWWWX.uasset" 4192
"../../../../../../Users/user1/Documents/Unreal Projects/Casino_Simulator_KCU/Content/Blackjack/BluePrint/BP_NPC_BlackjackDealer.uasset" 4193
"../../../../../../Users/user1/Documents/Unreal Projects/Casino_Simulator_KCU/Content/Blackjack/BluePrint/BP_BJ_BetChipTarget.uasset" 4194
"../../../../../../Users/user1/Documents/Unreal Projects/Casino_Simulator_KCU/Content/Blackjack/BluePrint/BP_BlackjackSeatInteractable.uasset" 4195
"../../../../../../Users/user1/Documents/Unreal Projects/Casino_Simulator_KCU/Content/Blackjack/BluePrint/BP_BlackjackTable.uasset" 4196
"../../../../../../Users/user1/Documents/Unreal Projects/Casino_Simulator_KCU/Content/Blackjack/BluePrint/Widget/WBP_BlackjackHUD.uasset" 4197
"../../../../../../Users/user1/Documents/Unreal Projects/Casino_Simulator_KCU/Content/Casino_Poker_Set-6bc9874c/fbx/cards_chips_dices_fbx_extracted/chip_white.uasset" 4198
"../../../../../../Users/user1/Documents/Unreal Projects/Casino_Simulator_KCU/Content/Casino_Animation/Animation/Blackjack/Dealer/Deal/AS_Dealer_BJ_Card_Deal_P4_Montage.uasset" 4199
"../../../../../../Users/user1/Documents/Unreal Projects/Casino_Simulator_KCU/Content/Casino_Poker_Set-6bc9874c/fbx/cards_chips_dices_fbx_extracted/cards_chips_dices_white.uasset" 4200
"../../../../../../Users/user1/Documents/Unreal Projects/Casino_Simulator_KCU/Content/Casino_Animation/Animation/Blackjack/Dealer/Deal/AS_Dealer_BJ_Card_Deal_P4.uasset" 4201
"../../../../../../Users/user1/Documents/Unreal Projects/Casino_Simulator_KCU/Content/Casino_Animation/Animation/Blackjack/Dealer/Deal/AS_Dealer_BJ_Card_Deal_Start.uasset" 4202
"../../../../../../Users/user1/Documents/Unreal Projects/Casino_Simulator_KCU/Content/Blackjack/BluePrint/Notify/AN_Dealer_DealCardRelease.uasset" 4203
"../../../../../../Users/user1/Documents/Unreal Projects/Casino_Simulator_KCU/Content/Casino_Animation/Demo/Characters/Mannequins/Meshes/SK_Mannequin.uasset" 4204
"../../../../../../Users/user1/Documents/Unreal Projects/Casino_Simulator_KCU/Content/Casino_Poker_Set-6bc9874c/fbx/cards_chips_dices_fbx_extracted/cards_chips_dice_Normal.uasset" 4205
"../../../../../../Users/user1/Documents/Unreal Projects/Casino_Simulator_KCU/Content/Casino_Poker_Set-6bc9874c/fbx/cards_chips_dices_fbx_extracted/cards_chips_dice_Roughness.uasset" 4206
"../../../../../../Users/user1/Documents/Unreal Projects/Casino_Simulator_KCU/Content/Casino_Poker_Set-6bc9874c/fbx/cards_chips_dices_fbx_extracted/cards_chips_dice_white_BaseColor.uasset" 4207
"/Game/__ExternalActors__/FirstPerson/Lvl_FirstPerson/B/TG/2MDU2GF02TMAKTSII7ZI7V" 4208
"../../../../../../Users/user1/Documents/Unreal Projects/Casino_Simulator_KCU/Content/__ExternalActors__/FirstPerson/Lvl_FirstPerson/B/TG/2MDU2GF02TMAKTSII7ZI7V.uasset" 4209
"/Game/__ExternalActors__/FirstPerson/Lvl_FirstPerson/B/U9/AHG6736Q2Y3SGC1JQONLFJ" 4210
"../../../../../../Users/user1/Documents/Unreal Projects/Casino_Simulator_KCU/Content/__ExternalActors__/FirstPerson/Lvl_FirstPerson/B/U9/AHG6736Q2Y3SGC1JQONLFJ.uasset" 4211
"/Game/__ExternalActors__/FirstPerson/Lvl_FirstPerson/B/W7/VW4JDF3OZAD6WCMNTKO3ZJ" 4212
"../../../../../../Users/user1/Documents/Unreal Projects/Casino_Simulator_KCU/Content/__ExternalActors__/FirstPerson/Lvl_FirstPerson/B/W7/VW4JDF3OZAD6WCMNTKO3ZJ.uasset" 4213
"/Game/__ExternalActors__/FirstPerson/Lvl_FirstPerson/C/0I/0PXPLZ76IWADZO9D6J4VWA" 4214
"../../../../../../Users/user1/Documents/Unreal Projects/Casino_Simulator_KCU/Content/__ExternalActors__/FirstPerson/Lvl_FirstPerson/C/0I/0PXPLZ76IWADZO9D6J4VWA.uasset" 4215
"/Game/__ExternalActors__/FirstPerson/Lvl_FirstPerson/C/GO/765U52T3ZSF8D2MPGLVRR0" 4216
"../../../../../../Users/user1/Documents/Unreal Projects/Casino_Simulator_KCU/Content/__ExternalActors__/FirstPerson/Lvl_FirstPerson/C/GO/765U52T3ZSF8D2MPGLVRR0.uasset" 4217
"/Game/__ExternalActors__/FirstPerson/Lvl_FirstPerson/D/BL/WB7S47W2IE4F23EZ9SLQ1B" 4218
"../../../../../../Users/user1/Documents/Unreal Projects/Casino_Simulator_KCU/Content/__ExternalActors__/FirstPerson/Lvl_FirstPerson/D/BL/WB7S47W2IE4F23EZ9SLQ1B.uasset" 4219
"/Game/__ExternalActors__/FirstPerson/Lvl_FirstPerson/D/C7/LHEOZ28EA00LZG55QEAGFH" 4220
"../../../../../../Users/user1/Documents/Unreal Projects/Casino_Simulator_KCU/Content/__ExternalActors__/FirstPerson/Lvl_FirstPerson/D/C7/LHEOZ28EA00LZG55QEAGFH.uasset" 4221
"../../../Engine/Content/EngineSky/VolumetricClouds/m_SimpleVolumetricCloud_Inst.uasset" 4222
"../../../Engine/Content/EngineSky/VolumetricClouds/m_SimpleVolumetricCloud.uasset" 4223
"../../../Engine/Content/EngineSky/VolumetricClouds/T_CloudMask.uasset" 4224
"../../../Engine/Content/EngineSky/VolumetricClouds/T_CloudPattern.uasset" 4225
"../../../Engine/Content/EngineSky/VolumetricClouds/T_Profile_08.uasset" 4226
"../../../Engine/Content/EngineSky/VolumetricClouds/VT_PerlinWorley_Balanced.uasset" 4227
"../../../Engine/Content/Functions/Engine_MaterialFunctions01/Units/Km-to-Cm.uasset" 4228
"../../../Engine/Content/Functions/Engine_MaterialFunctions02/Utility/BreakOutFloat4Components.uasset" 4229
"../../../Engine/Content/Functions/Engine_MaterialFunctions02/Utility/MakeFloat4.uasset" 4230
"../../../Engine/Content/EngineSky/VolumetricClouds/VT_Lightning.uasset" 4231
"/Game/__ExternalActors__/FirstPerson/Lvl_FirstPerson/D/IP/FTEAYZDQR9M2KDS0TEPHA0" 4232
"../../../../../../Users/user1/Documents/Unreal Projects/Casino_Simulator_KCU/Content/__ExternalActors__/FirstPerson/Lvl_FirstPerson/D/IP/FTEAYZDQR9M2KDS0TEPHA0.uasset" 4233
"/Game/__ExternalActors__/FirstPerson/Lvl_FirstPerson/D/LE/5ZDRK6QRB1CF1JSS3HJKPV" 4234
"../../../../../../Users/user1/Documents/Unreal Projects/Casino_Simulator_KCU/Content/__ExternalActors__/FirstPerson/Lvl_FirstPerson/D/LE/5ZDRK6QRB1CF1JSS3HJKPV.uasset" 4235
"/Game/__ExternalActors__/FirstPerson/Lvl_FirstPerson/D/R5/8FN93FIP5FEZUI0RECK61K" 4236
"../../../../../../Users/user1/Documents/Unreal Projects/Casino_Simulator_KCU/Content/__ExternalActors__/FirstPerson/Lvl_FirstPerson/D/R5/8FN93FIP5FEZUI0RECK61K.uasset" 4237
"/Game/__ExternalActors__/FirstPerson/Lvl_FirstPerson/D/TO/58Y2HCG1B7M6VAJN1E38IS" 4238
"../../../../../../Users/user1/Documents/Unreal Projects/Casino_Simulator_KCU/Content/__ExternalActors__/FirstPerson/Lvl_FirstPerson/D/TO/58Y2HCG1B7M6VAJN1E38IS.uasset" 4239
"/Game/__ExternalActors__/FirstPerson/Lvl_FirstPerson/D/V1/DLNCFC4C5RQ8EDPCDYCKHQ" 4240
"../../../../../../Users/user1/Documents/Unreal Projects/Casino_Simulator_KCU/Content/__ExternalActors__/FirstPerson/Lvl_FirstPerson/D/V1/DLNCFC4C5RQ8EDPCDYCKHQ.uasset" 4241
"../../../../../../Users/user1/Documents/Unreal Projects/Casino_Simulator_KCU/Content/LevelPrototyping/Meshes/SM_Cylinder.uasset" 4242
"/Game/__ExternalActors__/FirstPerson/Lvl_FirstPerson/D/W0/RTEFXSATTAVCPYEQHKNEY1" 4243
"../../../../../../Users/user1/Documents/Unreal Projects/Casino_Simulator_KCU/Content/__ExternalActors__/FirstPerson/Lvl_FirstPerson/D/W0/RTEFXSATTAVCPYEQHKNEY1.uasset" 4244
"/Game/__ExternalActors__/FirstPerson/Lvl_FirstPerson/E/1R/34TWS0XBICJ9EWNQU7Z46A" 4245
"../../../../../../Users/user1/Documents/Unreal Projects/Casino_Simulator_KCU/Content/__ExternalActors__/FirstPerson/Lvl_FirstPerson/E/1R/34TWS0XBICJ9EWNQU7Z46A.uasset" 4246
"../../../../../../Users/user1/Documents/Unreal Projects/Casino_Simulator_KCU/Content/1_BluePrint/NPC/BP_NPC_Base.uasset" 4247
"../../../../../../Users/user1/Documents/Unreal Projects/Casino_Simulator_KCU/Content/Characters/Mannequins/Meshes/SKM_Quinn_Simple.uasset" 4248
"../../../../../../Users/user1/Documents/Unreal Projects/Casino_Simulator_KCU/Content/Characters/Mannequins/Materials/Quinn/MI_Quinn_01.uasset" 4249
"../../../../../../Users/user1/Documents/Unreal Projects/Casino_Simulator_KCU/Content/Characters/Mannequins/Materials/Quinn/MI_Quinn_02.uasset" 4250
"../../../../../../Users/user1/Documents/Unreal Projects/Casino_Simulator_KCU/Content/Characters/Mannequins/Textures/Quinn/T_Quinn_01_D.uasset" 4251
"../../../../../../Users/user1/Documents/Unreal Projects/Casino_Simulator_KCU/Content/Characters/Mannequins/Textures/Quinn/T_Quinn_01_MRA.uasset" 4252
"../../../../../../Users/user1/Documents/Unreal Projects/Casino_Simulator_KCU/Content/Characters/Mannequins/Textures/Quinn/T_Quinn_01_N.uasset" 4253
"../../../../../../Users/user1/Documents/Unreal Projects/Casino_Simulator_KCU/Content/Characters/Mannequins/Textures/Quinn/T_Quinn_02_D.uasset" 4254
"../../../../../../Users/user1/Documents/Unreal Projects/Casino_Simulator_KCU/Content/Characters/Mannequins/Textures/Quinn/T_Quinn_02_MRA.uasset" 4255
"../../../../../../Users/user1/Documents/Unreal Projects/Casino_Simulator_KCU/Content/Characters/Mannequins/Textures/Quinn/T_Quinn_02_N.uasset" 4256
"/Game/__ExternalActors__/FirstPerson/Lvl_FirstPerson/E/P7/9DOH3BZKA2A8C7ZTDWILWC" 4257
"../../../../../../Users/user1/Documents/Unreal Projects/Casino_Simulator_KCU/Content/__ExternalActors__/FirstPerson/Lvl_FirstPerson/E/P7/9DOH3BZKA2A8C7ZTDWILWC.uasset" 4258
"/Engine/EditorResources/EmptyActor" 4259
"../../../Engine/Content/EditorResources/EmptyActor.uasset" 4260
"/Game/Characters/Mannequins/Anims/Unarmed/ABP_Unarmed" 4261
"/Game/1_BluePrint/Widget/WBP_ItemSlot" 4262
"/Game/Characters/Mannequins/Materials/Manny/MI_Manny_01_New" 4263
"/Engine/VREditor/SnapGrid/SnapGridPlaneMesh" 4264
"/SpeedTreeImporter/SpeedTree9/SpeedTreeWind" 4265
"/Engine/Functions/Engine_MaterialFunctions01/Texturing/FlattenNormal" 4266
"/InterchangeAssets/Utilities/New_LUT" 4267
"/InterchangeAssets/gltf/MaterialFunctions/MF_BaseColor" 4268
"/InterchangeAssets/gltf/MaterialFunctions/MF_Clearcoat" 4269
"/InterchangeAssets/gltf/MaterialFunctions/MF_Specular" 4270
"/InterchangeAssets/gltf/MaterialFunctions/MF_Occlusion" 4271
"/InterchangeAssets/gltf/MaterialFunctions/MF_Normals" 4272
"/InterchangeAssets/gltf/MaterialFunctions/MF_MetallicRoughness" 4273
"/InterchangeAssets/gltf/MaterialFunctions/MF_Iridescence" 4274
"/InterchangeAssets/gltf/MaterialFunctions/MF_Emissive" 4275
"/InterchangeAssets/gltf/MaterialInstances/MI_ClearCoat_Mask" 4276
"/InterchangeAssets/gltf/MaterialInstances/MI_ClearCoat_Opaque" 4277
"/InterchangeAssets/gltf/MaterialInstances/MI_Default_Blend_DS" 4278
"/InterchangeAssets/gltf/MaterialInstances/MI_Default_Mask_DS" 4279
"../../../Engine/Plugins/Interchange/Assets/Content/gltf/MaterialFunctions/MF_Sheen.uasset" 4280
"../../../Engine/Plugins/Interchange/Assets/Content/gltf/M_Sheen.uasset" 4281
"../../../Engine/Plugins/Interchange/Assets/Content/gltf/MaterialBodies/MF_Sheen_Body.uasset" 4282
"../../../Engine/Plugins/Interchange/Assets/Content/gltf/MaterialInstances/MI_Sheen_Blend.uasset" 4283
"../../../Engine/Plugins/Interchange/Assets/Content/gltf/MaterialInstances/MI_Sheen_Opaque.uasset" 4284
"../../../Engine/Plugins/Interchange/Assets/Content/gltf/MaterialInstances/MI_Sheen_Mask.uasset" 4285
"../../../Engine/Plugins/Interchange/Assets/Content/gltf/MaterialInstances/MI_Sheen_Opaque_DS.uasset" 4286
"../../../Engine/Plugins/Interchange/Assets/Content/gltf/MaterialFunctions/MF_Transmission.uasset" 4287
"../../../Engine/Plugins/Interchange/Assets/Content/gltf/MaterialInstances/MI_Sheen_Mask_DS.uasset" 4288
"../../../Engine/Plugins/Interchange/Assets/Content/gltf/MaterialInstances/MI_Sheen_Blend_DS.uasset" 4289
"../../../Engine/Plugins/Interchange/Assets/Content/gltf/MaterialBodies/MF_Transmission_Body.uasset" 4290
"../../../Engine/Plugins/Interchange/Assets/Content/gltf/MaterialFunctions/MF_Temporal_Blur.uasset" 4291
"../../../Engine/Content/Functions/Engine_MaterialFunctions02/Texturing/ScreenAlignedPixelToPixelUVs.uasset" 4292
"../../../Engine/Plugins/Interchange/Assets/Content/gltf/M_Transmission.uasset" 4293
"../../../Engine/Plugins/Interchange/Assets/Content/gltf/MaterialFunctions/MF_Fresnel_DS.uasset" 4294
"../../../Engine/Plugins/Interchange/Assets/Shaders/ThinFilmFunctions.usf" 4295
"/InterchangeAssets/gltf/MaterialInstances/MI_Default_Opaque_DS" 4296
"/InterchangeAssets/gltf/MaterialInstances/MI_Default_Blend" 4297
"/InterchangeAssets/gltf/MaterialInstances/MI_Default_Mask" 4298
"/InterchangeAssets/gltf/MaterialInstances/MI_Default_Opaque" 4299
"/InterchangeAssets/gltf/MaterialInstances/MI_ClearCoat_Blend_DS" 4300
"/InterchangeAssets/gltf/MaterialInstances/MI_ClearCoat_Mask_DS" 4301
"/InterchangeAssets/gltf/MaterialInstances/MI_ClearCoat_Opaque_DS" 4302
"/InterchangeAssets/gltf/MaterialInstances/MI_ClearCoat_Blend" 4303
"/InterchangeAssets/gltf/M_Transmission" 4304
"../../../Engine/Plugins/Interchange/Assets/Content/gltf/MaterialInstances/MI_Transmission.uasset" 4305
"../../../Engine/Plugins/Interchange/Assets/Content/gltf/MaterialInstances/MI_Transmission_DS.uasset" 4306
"../../../Engine/Plugins/Interchange/Assets/Content/gltf/MaterialFunctions/MF_PerceivedBrightness.uasset" 4307
"../../../Engine/Plugins/Interchange/Assets/Content/gltf/MaterialFunctions/MF_SpecGlossToMetalRoughness.uasset" 4308
"../../../Engine/Content/Functions/Engine_MaterialFunctions02/Math/AddComponents.uasset" 4309
"/InterchangeAssets/gltf/MaterialInstances/MI_Sheen_Blend_DS" 4310
"../../../Engine/Plugins/Interchange/Assets/Content/gltf/MaterialFunctions/MF_MaxComponentValue.uasset" 4311
"../../../Engine/Plugins/Interchange/Assets/Content/gltf/MaterialBodies/MF_SpecularGlossiness_Body.uasset" 4312
"../../../Engine/Plugins/Interchange/Assets/Content/gltf/MaterialFunctions/MF_DiffuseSpecGloss.uasset" 4313
"../../../Engine/Plugins/Interchange/Assets/Content/gltf/M_SpecularGlossiness.uasset" 4314
"../../../Engine/Plugins/Interchange/Assets/Content/gltf/MaterialInstances/MI_SpecularGlossiness_Mask.uasset" 4315
"../../../Engine/Plugins/Interchange/Assets/Content/gltf/MaterialInstances/MI_SpecularGlossiness_Opaque.uasset" 4316
"../../../Engine/Plugins/Interchange/Assets/Content/gltf/MaterialInstances/MI_SpecularGlossiness_Blend.uasset" 4317
"/InterchangeAssets/gltf/MaterialInstances/MI_Sheen_Mask_DS" 4318
"/InterchangeAssets/gltf/MaterialInstances/MI_Sheen_Opaque_DS" 4319
"/InterchangeAssets/gltf/MaterialInstances/MI_Sheen_Blend" 4320
"../../../Engine/Plugins/Interchange/Assets/Content/gltf/MaterialInstances/MI_SpecularGlossiness_Opaque_DS.uasset" 4321
"../../../Engine/Plugins/Interchange/Assets/Content/gltf/MaterialInstances/MI_SpecularGlossiness_Mask_DS.uasset" 4322
"../../../Engine/Plugins/Interchange/Assets/Content/gltf/MaterialInstances/MI_SpecularGlossiness_Blend_DS.uasset" 4323
"../../../Engine/Plugins/Interchange/Assets/Content/gltf/M_Unlit.uasset" 4324
"../../../Engine/Plugins/Interchange/Assets/Content/gltf/MaterialBodies/MF_Unlit_Body.uasset" 4325
"/InterchangeAssets/gltf/MaterialInstances/MI_Sheen_Mask" 4326
"/InterchangeAssets/gltf/MaterialInstances/MI_Sheen_Opaque" 4327
"/InterchangeAssets/gltf/M_Unlit" 4328
"/InterchangeAssets/gltf/MaterialInstances/MI_SpecularGlossiness_Blend_DS" 4329
"/InterchangeAssets/gltf/MaterialInstances/MI_SpecularGlossiness_Mask_DS" 4330
"/InterchangeAssets/gltf/MaterialInstances/MI_SpecularGlossiness_Opaque_DS" 4331
"/InterchangeAssets/gltf/MaterialInstances/MI_SpecularGlossiness_Blend" 4332
"/InterchangeAssets/gltf/MaterialInstances/MI_SpecularGlossiness_Mask" 4333
"/InterchangeAssets/gltf/MaterialInstances/MI_SpecularGlossiness_Opaque" 4334
"/InterchangeAssets/gltf/MaterialInstances/MI_Transmission_DS" 4335
"/InterchangeAssets/gltf/MaterialInstances/MI_Transmission" 4336
"../../../Engine/Plugins/Animation/DeformerGraph/Shaders/Private/DataInterfaceCustomComputeKernel.ush" 4337
"../../../Engine/Plugins/Animation/DeformerGraph/Shaders/Private/DataInterfaceCloth.ush" 4338
"../../../Engine/Plugins/Animation/DeformerGraph/Shaders/Private/DataInterfaceSkinnedMeshRead.ush" 4339
"../../../Engine/Plugins/Animation/DeformerGraph/Shaders/Private/DataInterfaceSkeleton.ush" 4340
"../../../Engine/Plugins/Animation/DeformerGraph/Shaders/Private/DataInterfaceSkeletonCommon.ush" 4341
"../../../Engine/Plugins/Animation/DeformerGraph/Shaders/Private/DataInterfaceMorphTarget.ush" 4342
"../../../Engine/Plugins/Animation/DeformerGraph/Shaders/Private/DataInterfaceSkinnedMeshWrite.ush" 4343
"../../../Engine/Plugins/Interchange/Assets/Content/gltf/MaterialInstances/MI_Unlit_Opaque.uasset" 4344
"../../../Engine/Plugins/Interchange/Assets/Content/gltf/MaterialInstances/MI_Unlit_Opaque_DS.uasset" 4345
"../../../Engine/Plugins/Interchange/Assets/Content/gltf/MaterialInstances/MI_Unlit_Blend.uasset" 4346
"../../../Engine/Content/Functions/Engine_MaterialFunctions01/Volumetrics/BeersLaw.uasset" 4347
"../../../Engine/Plugins/Interchange/Assets/Content/gltf/MaterialInstances/MI_Unlit_Blend_DS.uasset" 4348
"../../../Engine/Plugins/Interchange/Assets/Content/Functions/MX_Transmission.uasset" 4349
"../../../Engine/Plugins/Interchange/Assets/Content/Functions/MF_OrenNayerView.uasset" 4350
"../../../Engine/Plugins/Interchange/Assets/Content/Functions/MX_StandardSurface.uasset" 4351
"../../../Engine/Plugins/Interchange/Assets/Content/Functions/MX_TransmissionSurface.uasset" 4352
"../../../Engine/Plugins/Interchange/Assets/Content/Functions/MX_OpenPBR_Translucent.uasset" 4353
"../../../Engine/Plugins/Animation/ControlRig/Content/Controls/ControlRig_Sphere_solid.uasset" 4354
"../../../Engine/Plugins/Animation/ControlRig/Content/Controls/ControlRig_Arrow2_1mm.uasset" 4355
"../../../Engine/Plugins/Interchange/Assets/Content/Functions/MX_OpenPBR_Opaque.uasset" 4356
"../../../Engine/Plugins/Animation/ControlRig/Content/Controls/ControlRig_Arrow2_3mm.uasset" 4357
"../../../Engine/Plugins/Animation/ControlRig/Content/Controls/ControlRig_Arrow2_solid.uasset" 4358
"../../../Engine/Plugins/Animation/ControlRig/Content/Controls/ControlRig_Arrow4_1mm.uasset" 4359
"../../../Engine/Plugins/Animation/ControlRig/Content/Controls/ControlRig_Arrow4_3mm.uasset" 4360
"../../../Engine/Plugins/Animation/ControlRig/Content/Controls/ControlRig_Arrow4_solid.uasset" 4361
"../../../Engine/Plugins/Animation/ControlRig/Content/Controls/ControlRig_Arrow_1mm.uasset" 4362
"../../../Engine/Plugins/Animation/ControlRig/Content/Controls/ControlRig_Box_1mm.uasset" 4363
"../../../Engine/Plugins/Animation/ControlRig/Content/Controls/ControlRig_Arrow_3mm.uasset" 4364
"../../../Engine/Plugins/Animation/ControlRig/Content/Controls/ControlRig_Box_3mm.uasset" 4365
"../../../Engine/Plugins/Animation/ControlRig/Content/Controls/ControlRig_Arrow_solid.uasset" 4366
"../../../Engine/Plugins/Animation/ControlRig/Content/Controls/ControlRig_Circle_1mm.uasset" 4367
"../../../Engine/Plugins/Animation/ControlRig/Content/Controls/ControlRig_Box_solid.uasset" 4368
"../../../Engine/Plugins/Interchange/Assets/Content/gltf/MaterialInstances/MI_Unlit_Mask.uasset" 4369
"../../../Engine/Plugins/Animation/ControlRig/Content/Controls/ControlRig_Circle_solid.uasset" 4370
"../../../Engine/Plugins/Animation/ControlRig/Content/Controls/ControlRig_Diamond_1mm.uasset" 4371
"../../../Engine/Plugins/Animation/ControlRig/Content/Controls/ControlRig_Diamond_3mm.uasset" 4372
"../../../Engine/Plugins/Animation/ControlRig/Content/Controls/ControlRig_Circle_3mm.uasset" 4373
"../../../Engine/Content/Functions/Substrate/MF_SchlickInternal.uasset" 4374
"../../../Engine/Plugins/Interchange/Assets/Content/gltf/MaterialInstances/MI_Unlit_Mask_DS.uasset" 4375
"../../../Engine/Plugins/Animation/DeformerGraph/Shaders/Private/DataInterfaceRawBuffer.ush" 4376
"../../../Engine/Plugins/Runtime/ComputeFramework/Shaders/Private/BufferAlias.ush" 4377
"../../../Engine/Plugins/Animation/DeformerGraph/Shaders/Private/DataInterfaceSkinnedMesh.ush" 4378
"../../../Engine/Plugins/Animation/DeformerGraph/Shaders/Private/DataInterfaceHalfEdge.ush" 4379
"/ControlRig/Controls/ControlRig_Diamond_1mm" 4380
"/ControlRig/Controls/ControlRig_Circle_solid" 4381
"/ControlRig/Controls/ControlRig_Circle_3mm" 4382
"/ControlRig/Controls/ControlRig_Diamond_3mm" 4383
"/ControlRig/Controls/ControlRig_Circle_1mm" 4384
"/InterchangeAssets/Functions/MX_OpenPBR_Opaque" 4385
"/InterchangeAssets/Functions/MX_OpenPBR_Translucent" 4386
"/ControlRig/Controls/ControlRig_Box_solid" 4387
"/ControlRig/Controls/ControlRig_Box_3mm" 4388
"/ControlRig/Controls/ControlRig_Box_1mm" 4389
"/ControlRig/Controls/ControlRig_Arrow_solid" 4390
"/ControlRig/Controls/ControlRig_Arrow_3mm" 4391
"/ControlRig/Controls/ControlRig_Arrow_1mm" 4392
"/ControlRig/Controls/ControlRig_Arrow4_solid" 4393
"/ControlRig/Controls/ControlRig_Arrow4_3mm" 4394
"/ControlRig/Controls/ControlRig_Arrow4_1mm" 4395
"/ControlRig/Controls/ControlRig_Arrow2_solid" 4396
"/InterchangeAssets/gltf/MaterialInstances/MI_Unlit_Blend_DS" 4397
"/InterchangeAssets/gltf/MaterialInstances/MI_Unlit_Mask_DS" 4398
"/ControlRig/Controls/ControlRig_Arrow2_3mm" 4399
"/InterchangeAssets/gltf/MaterialInstances/MI_Unlit_Opaque_DS" 4400
"/InterchangeAssets/gltf/MaterialInstances/MI_Unlit_Blend" 4401
"/ControlRig/Controls/ControlRig_Arrow2_1mm" 4402
"/InterchangeAssets/gltf/MaterialInstances/MI_Unlit_Mask" 4403
"/ControlRig/Controls/ControlRig_Sphere_solid" 4404
"/InterchangeAssets/gltf/MaterialInstances/MI_Unlit_Opaque" 4405
"../../../Engine/Plugins/Animation/ControlRig/Content/Controls/ControlRig_HalfCircle_1mm.uasset" 4406
"../../../Engine/Plugins/Animation/ControlRig/Content/Controls/ControlRig_Hexagon_1mm.uasset" 4407
"../../../Engine/Plugins/Animation/ControlRig/Content/Controls/ControlRig_HalfCircle_3mm.uasset" 4408
"../../../Engine/Plugins/Animation/ControlRig/Content/Controls/ControlRig_Diamond_solid.uasset" 4409
"../../../Engine/Plugins/Animation/ControlRig/Content/Controls/ControlRig_Octagon_1mm.uasset" 4410
"../../../Engine/Plugins/Animation/ControlRig/Content/Controls/ControlRig_Octagon_solid.uasset" 4411
"../../../Engine/Plugins/Animation/ControlRig/Content/Controls/ControlRig_Octagon_3mm.uasset" 4412
"../../../Engine/Plugins/Animation/ControlRig/Content/Controls/ControlRig_Hexagon_solid.uasset" 4413
"../../../Engine/Plugins/Animation/ControlRig/Content/Controls/ControlRig_HalfCircle_solid.uasset" 4414
"../../../Engine/Plugins/Animation/ControlRig/Content/Controls/ControlRig_Hexagon_3mm.uasset" 4415
"../../../Engine/Plugins/Animation/ControlRig/Content/Controls/ControlRig_Pyramid_solid.uasset" 4416
"../../../Engine/Plugins/Animation/ControlRig/Content/Controls/ControlRig_Pyramid_3mm.uasset" 4417
"../../../Engine/Plugins/Animation/ControlRig/Content/Controls/ControlRig_QuarterCircle_solid.uasset" 4418
"../../../Engine/Plugins/Animation/ControlRig/Content/Controls/ControlRig_QuarterCircle_1mm.uasset" 4419
"../../../Engine/Plugins/Animation/ControlRig/Content/Controls/ControlRig_RoundedSquare_1mm.uasset" 4420
"../../../Engine/Plugins/Animation/ControlRig/Content/Controls/ControlRig_RoundedTriangle_1mm.uasset" 4421
"../../../Engine/Plugins/Animation/ControlRig/Content/Controls/ControlRig_RoundedSquare_3mm.uasset" 4422
"../../../Engine/Plugins/Animation/ControlRig/Content/Controls/ControlRig_RoundedTriangle_3mm.uasset" 4423
"../../../Engine/Plugins/Animation/ControlRig/Content/Controls/ControlRig_Sphere_1mm.uasset" 4424
"../../../Engine/Plugins/Animation/ControlRig/Content/Controls/ControlRig_RoundedTriangle_solid.uasset" 4425
"../../../Engine/Plugins/Animation/ControlRig/Content/Controls/ControlRig_Square_3mm.uasset" 4426
"../../../Engine/Plugins/Animation/ControlRig/Content/Controls/ControlRig_Square_solid.uasset" 4427
"../../../Engine/Plugins/Animation/ControlRig/Content/Controls/ControlRig_Square_1mm.uasset" 4428
"../../../Engine/Plugins/Animation/ControlRig/Content/Controls/ControlRig_Pyramid_1mm.uasset" 4429
"../../../Engine/Plugins/Animation/ControlRig/Content/Controls/ControlRig_QuarterCircle_3mm.uasset" 4430
"../../../Engine/Plugins/Animation/ControlRig/Content/Controls/ControlRig_Star4_1mm.uasset" 4431
"../../../Engine/Plugins/Animation/ControlRig/Content/Controls/ControlRig_Star4_3mm.uasset" 4432
"../../../Engine/Plugins/Animation/ControlRig/Content/Controls/ControlRig_RoundedSquare_solid.uasset" 4433
"../../../Engine/Plugins/Animation/ControlRig/Content/Controls/ControlRig_Triangle_1mm.uasset" 4434
"../../../Engine/Plugins/Animation/ControlRig/Content/Controls/ControlRig_Sphere_3mm.uasset" 4435
"../../../Engine/Plugins/Animation/ControlRig/Content/Controls/ControlRig_Star4_solid.uasset" 4436
"../../../Engine/Plugins/Animation/ControlRig/Content/Controls/ControlRig_Triangle_3mm.uasset" 4437
"/ControlRig/Controls/ControlRig_Triangle_3mm" 4438
"/ControlRig/Controls/ControlRig_Triangle_1mm" 4439
"/ControlRig/Controls/ControlRig_Star4_solid" 4440
"/ControlRig/Controls/ControlRig_Star4_3mm" 4441
"/ControlRig/Controls/ControlRig_Star4_1mm" 4442
"/ControlRig/Controls/ControlRig_Square_solid" 4443
"/ControlRig/Controls/ControlRig_Square_3mm" 4444
"/ControlRig/Controls/ControlRig_Square_1mm" 4445
"/ControlRig/Controls/ControlRig_Sphere_3mm" 4446
"/ControlRig/Controls/ControlRig_Sphere_1mm" 4447
"/ControlRig/Controls/ControlRig_RoundedTriangle_solid" 4448
"/ControlRig/Controls/ControlRig_RoundedTriangle_3mm" 4449
"/ControlRig/Controls/ControlRig_RoundedTriangle_1mm" 4450
"/ControlRig/Controls/ControlRig_RoundedSquare_solid" 4451
"/ControlRig/Controls/ControlRig_RoundedSquare_3mm" 4452
"/ControlRig/Controls/ControlRig_RoundedSquare_1mm" 4453
"/ControlRig/Controls/ControlRig_QuarterCircle_solid" 4454
"/ControlRig/Controls/ControlRig_QuarterCircle_3mm" 4455
"/ControlRig/Controls/ControlRig_QuarterCircle_1mm" 4456
"/ControlRig/Controls/ControlRig_Pyramid_solid" 4457
"/ControlRig/Controls/ControlRig_Pyramid_3mm" 4458
"/ControlRig/Controls/ControlRig_Pyramid_1mm" 4459
"/ControlRig/Controls/ControlRig_Octagon_solid" 4460
"/ControlRig/Controls/ControlRig_Octagon_3mm" 4461
"/ControlRig/Controls/ControlRig_Octagon_1mm" 4462
"/ControlRig/Controls/ControlRig_Hexagon_solid" 4463
"/ControlRig/Controls/ControlRig_Hexagon_3mm" 4464
"/ControlRig/Controls/ControlRig_Hexagon_1mm" 4465
"/ControlRig/Controls/ControlRig_HalfCircle_solid" 4466
"/ControlRig/Controls/ControlRig_HalfCircle_3mm" 4467
"/ControlRig/Controls/ControlRig_HalfCircle_1mm" 4468
"/ControlRig/Controls/ControlRig_Diamond_solid" 4469
"../../../Engine/Plugins/Animation/ControlRig/Content/Controls/ControlRig_Triangle_solid.uasset" 4470
"../../../Engine/Plugins/Animation/ControlRig/Content/Controls/ControlRig_Wedge_1mm.uasset" 4471
"../../../Engine/Plugins/Animation/ControlRig/Content/Controls/ControlRig_Wedge_3mm.uasset" 4472
"/ControlRig/Controls/ControlRig_Wedge_3mm" 4473
"/ControlRig/Controls/ControlRig_Wedge_1mm" 4474
"/ControlRig/Controls/ControlRig_Triangle_solid" 4475
"../../../Engine/Plugins/Animation/ControlRig/Content/Controls/ControlRig_Wedge_solid.uasset" 4476
"/ControlRig/Controls/ControlRig_Wedge_solid" 4477
"../../../Engine/Content/Maps/Entry_BuiltData.uasset" 4478
"../../../Engine/Content/EditorMaterials/PreviewShadowIndicator.uasset" 4479
"../../../Engine/Content/EditorMaterials/PreviewShadowIndicatorMaterial.uasset" 4480
"../../../Engine/Content/EngineMaterials/Substrate/GLints/dict_16_192_64_0p5_0p02_0063_0015.uasset" 4481
"../../../Engine/Content/Maps/Entry.umap" 4482
"../../../Engine/Content/EngineMaterials/Substrate/GLints/dict_16_192_64_0p5_0p02_0063_0014.uasset" 4483
"../../../Engine/Content/EngineMaterials/Substrate/GLints/dict_16_192_64_0p5_0p02_0063_0013.uasset" 4484
"../../../Engine/Content/EngineMaterials/Substrate/GLints/dict_16_192_64_0p5_0p02_0063_0012.uasset" 4485
"../../../Engine/Content/EngineMaterials/Substrate/GLints/dict_16_192_64_0p5_0p02_0063_0010.uasset" 4486
"../../../Engine/Content/EngineMaterials/Substrate/GLints/dict_16_192_64_0p5_0p02_0063_0009.uasset" 4487
"../../../Engine/Content/EngineMaterials/Substrate/GLints/dict_16_192_64_0p5_0p02_0063_0007.uasset" 4488
"../../../Engine/Content/EngineMaterials/Substrate/GLints/dict_16_192_64_0p5_0p02_0063_0011.uasset" 4489
"../../../Engine/Content/EngineMaterials/Substrate/GLints/dict_16_192_64_0p5_0p02_0063_0005.uasset" 4490
"../../../Engine/Content/EngineMaterials/Substrate/GLints/dict_16_192_64_0p5_0p02_0063_0006.uasset" 4491
"../../../Engine/Content/EngineMaterials/Substrate/GLints/dict_16_192_64_0p5_0p02_0063_0003.uasset" 4492
"../../../Engine/Content/EngineMaterials/Substrate/GLints/dict_16_192_64_0p5_0p02_0063_0002.uasset" 4493
"/Engine/EngineMaterials/Substrate/GLints/dict_16_192_64_0p5_0p02_0063_0002" 4494
"/Engine/EngineMaterials/Substrate/GLints/dict_16_192_64_0p5_0p02_0063_0003" 4495
"/Engine/EngineMaterials/Substrate/GLints/dict_16_192_64_0p5_0p02_0063_0005" 4496
"/Engine/EngineMaterials/Substrate/GLints/dict_16_192_64_0p5_0p02_0063_0006" 4497
"/Engine/EngineMaterials/Substrate/GLints/dict_16_192_64_0p5_0p02_0063_0007" 4498
"/Engine/EngineMaterials/Substrate/GLints/dict_16_192_64_0p5_0p02_0063_0009" 4499
"../../../Engine/Content/EngineMaterials/Substrate/GLints/dict_16_192_64_0p5_0p02_0063_0000.uasset" 4500
"/Engine/EngineMaterials/Substrate/GLints/dict_16_192_64_0p5_0p02_0063_0010" 4501
"/Engine/EngineMaterials/Substrate/GLints/dict_16_192_64_0p5_0p02_0063_0011" 4502
"/Engine/EngineMaterials/Substrate/GLints/dict_16_192_64_0p5_0p02_0063_0012" 4503
"../../../Engine/Content/EngineMaterials/Substrate/GLints/dict_16_192_64_0p5_0p02_0063_0001.uasset" 4504
"/Engine/EngineMaterials/Substrate/GLints/dict_16_192_64_0p5_0p02_0063_0013" 4505
"/Engine/EngineMaterials/Substrate/GLints/dict_16_192_64_0p5_0p02_0063_0014" 4506
"/Engine/EngineMaterials/Substrate/GLints/dict_16_192_64_0p5_0p02_0063_0015" 4507
"/Engine/EditorMaterials/PreviewShadowIndicatorMaterial" 4508
"/Engine/Maps/Entry" 4509
"/Engine/EngineMaterials/Substrate/GLints/dict_16_192_64_0p5_0p02_0063_0000" 4510
"/Engine/EngineMaterials/Substrate/GLints/dict_16_192_64_0p5_0p02_0063_0001" 4511
"../../../Engine/Content/EngineMaterials/Substrate/GLints/dict_16_192_64_0p5_0p02_0062_0015.uasset" 4512
"../../../Engine/Content/EngineMaterials/Substrate/GLints/dict_16_192_64_0p5_0p02_0062_0014.uasset" 4513
"../../../Engine/Content/EngineMaterials/Substrate/GLints/dict_16_192_64_0p5_0p02_0063_0008.uasset" 4514
"../../../Engine/Content/EngineMaterials/Substrate/GLints/dict_16_192_64_0p5_0p02_0062_0012.uasset" 4515
"../../../Engine/Content/EngineMaterials/Substrate/GLints/dict_16_192_64_0p5_0p02_0062_0011.uasset" 4516
"../../../Engine/Content/EngineMaterials/Substrate/GLints/dict_16_192_64_0p5_0p02_0062_0013.uasset" 4517
"../../../Engine/Content/EngineMaterials/Substrate/GLints/dict_16_192_64_0p5_0p02_0063_0004.uasset" 4518
"../../../Engine/Content/EngineMaterials/Substrate/GLints/dict_16_192_64_0p5_0p02_0062_0010.uasset" 4519
"../../../Engine/Content/EngineMaterials/Substrate/GLints/dict_16_192_64_0p5_0p02_0062_0009.uasset" 4520
"../../../Engine/Content/EngineMaterials/Substrate/GLints/dict_16_192_64_0p5_0p02_0062_0008.uasset" 4521
"../../../Engine/Content/EngineMaterials/Substrate/GLints/dict_16_192_64_0p5_0p02_0062_0007.uasset" 4522
"../../../Engine/Content/EngineMaterials/Substrate/GLints/dict_16_192_64_0p5_0p02_0062_0006.uasset" 4523
"../../../Engine/Content/EngineMaterials/Substrate/GLints/dict_16_192_64_0p5_0p02_0062_0005.uasset" 4524
"../../../Engine/Content/EngineMaterials/Substrate/GLints/dict_16_192_64_0p5_0p02_0062_0003.uasset" 4525
"../../../Engine/Content/EngineMaterials/Substrate/GLints/dict_16_192_64_0p5_0p02_0062_0002.uasset" 4526
"../../../Engine/Content/EngineMaterials/Substrate/GLints/dict_16_192_64_0p5_0p02_0062_0004.uasset" 4527
"../../../Engine/Content/EngineMaterials/Substrate/GLints/dict_16_192_64_0p5_0p02_0062_0000.uasset" 4528
"../../../Engine/Content/EngineMaterials/Substrate/GLints/dict_16_192_64_0p5_0p02_0062_0001.uasset" 4529
"../../../Engine/Content/EngineMaterials/Substrate/GLints/dict_16_192_64_0p5_0p02_0061_0015.uasset" 4530
"../../../Engine/Content/EngineMaterials/Substrate/GLints/dict_16_192_64_0p5_0p02_0061_0014.uasset" 4531
"../../../Engine/Content/EngineMaterials/Substrate/GLints/dict_16_192_64_0p5_0p02_0061_0013.uasset" 4532
"../../../Engine/Content/EngineMaterials/Substrate/GLints/dict_16_192_64_0p5_0p02_0061_0012.uasset" 4533
"../../../Engine/Content/EngineMaterials/Substrate/GLints/dict_16_192_64_0p5_0p02_0061_0011.uasset" 4534
"../../../Engine/Content/EngineMaterials/Substrate/GLints/dict_16_192_64_0p5_0p02_0061_0008.uasset" 4535
"../../../Engine/Content/EngineMaterials/Substrate/GLints/dict_16_192_64_0p5_0p02_0061_0010.uasset" 4536
"../../../Engine/Content/EngineMaterials/Substrate/GLints/dict_16_192_64_0p5_0p02_0061_0009.uasset" 4537
"../../../Engine/Content/EngineMaterials/Substrate/GLints/dict_16_192_64_0p5_0p02_0061_0007.uasset" 4538
"../../../Engine/Content/EngineMaterials/Substrate/GLints/dict_16_192_64_0p5_0p02_0061_0006.uasset" 4539
"../../../Engine/Content/EngineMaterials/Substrate/GLints/dict_16_192_64_0p5_0p02_0061_0004.uasset" 4540
"../../../Engine/Content/EngineMaterials/Substrate/GLints/dict_16_192_64_0p5_0p02_0061_0005.uasset" 4541
"../../../Engine/Content/EngineMaterials/Substrate/GLints/dict_16_192_64_0p5_0p02_0061_0003.uasset" 4542
"../../../Engine/Content/EngineMaterials/Substrate/GLints/dict_16_192_64_0p5_0p02_0061_0002.uasset" 4543
"/Engine/EngineMaterials/Substrate/GLints/dict_16_192_64_0p5_0p02_0062_0008" 4544
"/Engine/EngineMaterials/Substrate/GLints/dict_16_192_64_0p5_0p02_0062_0009" 4545
"/Engine/EngineMaterials/Substrate/GLints/dict_16_192_64_0p5_0p02_0062_0010" 4546
"/Engine/EngineMaterials/Substrate/GLints/dict_16_192_64_0p5_0p02_0062_0011" 4547
"/Engine/EngineMaterials/Substrate/GLints/dict_16_192_64_0p5_0p02_0062_0012" 4548
"/Engine/EngineMaterials/Substrate/GLints/dict_16_192_64_0p5_0p02_0062_0013" 4549
"/Engine/EngineMaterials/Substrate/GLints/dict_16_192_64_0p5_0p02_0062_0014" 4550
"/Engine/EngineMaterials/Substrate/GLints/dict_16_192_64_0p5_0p02_0062_0015" 4551
"/Engine/EngineMaterials/Substrate/GLints/dict_16_192_64_0p5_0p02_0061_0002" 4552
"/Engine/EngineMaterials/Substrate/GLints/dict_16_192_64_0p5_0p02_0061_0003" 4553
"/Engine/EngineMaterials/Substrate/GLints/dict_16_192_64_0p5_0p02_0061_0004" 4554
"/Engine/EngineMaterials/Substrate/GLints/dict_16_192_64_0p5_0p02_0061_0005" 4555
"/Engine/EngineMaterials/Substrate/GLints/dict_16_192_64_0p5_0p02_0063_0004" 4556
"/Engine/EngineMaterials/Substrate/GLints/dict_16_192_64_0p5_0p02_0061_0006" 4557
"/Engine/EngineMaterials/Substrate/GLints/dict_16_192_64_0p5_0p02_0061_0007" 4558
"/Engine/EngineMaterials/Substrate/GLints/dict_16_192_64_0p5_0p02_0061_0008" 4559
"/Engine/EngineMaterials/Substrate/GLints/dict_16_192_64_0p5_0p02_0063_0008" 4560
"/Engine/EngineMaterials/Substrate/GLints/dict_16_192_64_0p5_0p02_0061_0009" 4561
"/Engine/EngineMaterials/Substrate/GLints/dict_16_192_64_0p5_0p02_0061_0010" 4562
"/Engine/EngineMaterials/Substrate/GLints/dict_16_192_64_0p5_0p02_0061_0011" 4563
"/Engine/EngineMaterials/Substrate/GLints/dict_16_192_64_0p5_0p02_0061_0012" 4564
"/Engine/EngineMaterials/Substrate/GLints/dict_16_192_64_0p5_0p02_0061_0013" 4565
"/Engine/EngineMaterials/Substrate/GLints/dict_16_192_64_0p5_0p02_0061_0014" 4566
"/Engine/EngineMaterials/Substrate/GLints/dict_16_192_64_0p5_0p02_0061_0015" 4567
"/Engine/EngineMaterials/Substrate/GLints/dict_16_192_64_0p5_0p02_0062_0000" 4568
"/Engine/EngineMaterials/Substrate/GLints/dict_16_192_64_0p5_0p02_0062_0001" 4569
"/Engine/EngineMaterials/Substrate/GLints/dict_16_192_64_0p5_0p02_0062_0002" 4570
"/Engine/EngineMaterials/Substrate/GLints/dict_16_192_64_0p5_0p02_0062_0003" 4571
"/Engine/EngineMaterials/Substrate/GLints/dict_16_192_64_0p5_0p02_0062_0004" 4572
"/Engine/EngineMaterials/Substrate/GLints/dict_16_192_64_0p5_0p02_0062_0005" 4573
"/Engine/EngineMaterials/Substrate/GLints/dict_16_192_64_0p5_0p02_0062_0006" 4574
"/Engine/EngineMaterials/Substrate/GLints/dict_16_192_64_0p5_0p02_0062_0007" 4575
"../../../Engine/Content/EngineMaterials/Substrate/GLints/dict_16_192_64_0p5_0p02_0061_0000.uasset" 4576
"../../../Engine/Content/EngineMaterials/Substrate/GLints/dict_16_192_64_0p5_0p02_0061_0001.uasset" 4577
"../../../Engine/Content/EngineMaterials/Substrate/GLints/dict_16_192_64_0p5_0p02_0060_0015.uasset" 4578
"../../../Engine/Content/EngineMaterials/Substrate/GLints/dict_16_192_64_0p5_0p02_0060_0014.uasset" 4579
"../../../Engine/Content/EngineMaterials/Substrate/GLints/dict_16_192_64_0p5_0p02_0060_0013.uasset" 4580
"../../../Engine/Content/EngineMaterials/Substrate/GLints/dict_16_192_64_0p5_0p02_0060_0012.uasset" 4581
"../../../Engine/Content/EngineMaterials/Substrate/GLints/dict_16_192_64_0p5_0p02_0060_0011.uasset" 4582
"../../../Engine/Content/EngineMaterials/Substrate/GLints/dict_16_192_64_0p5_0p02_0060_0008.uasset" 4583
"../../../Engine/Content/EngineMaterials/Substrate/GLints/dict_16_192_64_0p5_0p02_0060_0009.uasset" 4584
"../../../Engine/Content/EngineMaterials/Substrate/GLints/dict_16_192_64_0p5_0p02_0060_0010.uasset" 4585
"../../../Engine/Content/EngineMaterials/Substrate/GLints/dict_16_192_64_0p5_0p02_0060_0007.uasset" 4586
"../../../Engine/Content/EngineMaterials/Substrate/GLints/dict_16_192_64_0p5_0p02_0060_0006.uasset" 4587
"../../../Engine/Content/EngineMaterials/Substrate/GLints/dict_16_192_64_0p5_0p02_0060_0004.uasset" 4588
"../../../Engine/Content/EngineMaterials/Substrate/GLints/dict_16_192_64_0p5_0p02_0060_0001.uasset" 4589
"../../../Engine/Content/EngineMaterials/Substrate/GLints/dict_16_192_64_0p5_0p02_0060_0005.uasset" 4590
"../../../Engine/Content/EngineMaterials/Substrate/GLints/dict_16_192_64_0p5_0p02_0060_0003.uasset" 4591
"../../../Engine/Content/EngineMaterials/Substrate/GLints/dict_16_192_64_0p5_0p02_0060_0002.uasset" 4592
"../../../Engine/Content/EngineMaterials/Substrate/GLints/dict_16_192_64_0p5_0p02_0059_0014.uasset" 4593
"../../../Engine/Content/EngineMaterials/Substrate/GLints/dict_16_192_64_0p5_0p02_0060_0000.uasset" 4594
"../../../Engine/Content/EngineMaterials/Substrate/GLints/dict_16_192_64_0p5_0p02_0059_0012.uasset" 4595
"../../../Engine/Content/EngineMaterials/Substrate/GLints/dict_16_192_64_0p5_0p02_0059_0015.uasset" 4596
"../../../Engine/Content/EngineMaterials/Substrate/GLints/dict_16_192_64_0p5_0p02_0059_0013.uasset" 4597
"../../../Engine/Content/EngineMaterials/Substrate/GLints/dict_16_192_64_0p5_0p02_0059_0011.uasset" 4598
"../../../Engine/Content/EngineMaterials/Substrate/GLints/dict_16_192_64_0p5_0p02_0059_0010.uasset" 4599
"../../../Engine/Content/EngineMaterials/Substrate/GLints/dict_16_192_64_0p5_0p02_0059_0009.uasset" 4600
"/Engine/EngineMaterials/Substrate/GLints/dict_16_192_64_0p5_0p02_0059_0009" 4601
"/Engine/EngineMaterials/Substrate/GLints/dict_16_192_64_0p5_0p02_0059_0010" 4602
"/Engine/EngineMaterials/Substrate/GLints/dict_16_192_64_0p5_0p02_0059_0011" 4603
"/Engine/EngineMaterials/Substrate/GLints/dict_16_192_64_0p5_0p02_0059_0012" 4604
"../../../Engine/Content/EngineMaterials/Substrate/GLints/dict_16_192_64_0p5_0p02_0059_0008.uasset" 4605
"../../../Engine/Content/EngineMaterials/Substrate/GLints/dict_16_192_64_0p5_0p02_0059_0005.uasset" 4606
"/Engine/EngineMaterials/Substrate/GLints/dict_16_192_64_0p5_0p02_0059_0013" 4607
"/Engine/EngineMaterials/Substrate/GLints/dict_16_192_64_0p5_0p02_0059_0014" 4608
"/Engine/EngineMaterials/Substrate/GLints/dict_16_192_64_0p5_0p02_0059_0015" 4609
"/Engine/EngineMaterials/Substrate/GLints/dict_16_192_64_0p5_0p02_0060_0000" 4610
"/Engine/EngineMaterials/Substrate/GLints/dict_16_192_64_0p5_0p02_0060_0001" 4611
"/Engine/EngineMaterials/Substrate/GLints/dict_16_192_64_0p5_0p02_0060_0002" 4612
"/Engine/EngineMaterials/Substrate/GLints/dict_16_192_64_0p5_0p02_0060_0003" 4613
"../../../Engine/Content/EngineMaterials/Substrate/GLints/dict_16_192_64_0p5_0p02_0059_0006.uasset" 4614
"../../../Engine/Content/EngineMaterials/Substrate/GLints/dict_16_192_64_0p5_0p02_0059_0004.uasset" 4615
"/Engine/EngineMaterials/Substrate/GLints/dict_16_192_64_0p5_0p02_0060_0004" 4616
"/Engine/EngineMaterials/Substrate/GLints/dict_16_192_64_0p5_0p02_0060_0005" 4617
"/Engine/EngineMaterials/Substrate/GLints/dict_16_192_64_0p5_0p02_0060_0006" 4618
"/Engine/EngineMaterials/Substrate/GLints/dict_16_192_64_0p5_0p02_0060_0007" 4619
"../../../Engine/Content/EngineMaterials/Substrate/GLints/dict_16_192_64_0p5_0p02_0059_0007.uasset" 4620
"/Engine/EngineMaterials/Substrate/GLints/dict_16_192_64_0p5_0p02_0060_0008" 4621
"/Engine/EngineMaterials/Substrate/GLints/dict_16_192_64_0p5_0p02_0060_0009" 4622
"/Engine/EngineMaterials/Substrate/GLints/dict_16_192_64_0p5_0p02_0060_0010" 4623
"/Engine/EngineMaterials/Substrate/GLints/dict_16_192_64_0p5_0p02_0060_0011" 4624
"/Engine/EngineMaterials/Substrate/GLints/dict_16_192_64_0p5_0p02_0060_0012" 4625
"/Engine/EngineMaterials/Substrate/GLints/dict_16_192_64_0p5_0p02_0060_0013" 4626
"/Engine/EngineMaterials/Substrate/GLints/dict_16_192_64_0p5_0p02_0060_0014" 4627
"/Engine/EngineMaterials/Substrate/GLints/dict_16_192_64_0p5_0p02_0060_0015" 4628
"/Engine/EngineMaterials/Substrate/GLints/dict_16_192_64_0p5_0p02_0061_0000" 4629
"/Engine/EngineMaterials/Substrate/GLints/dict_16_192_64_0p5_0p02_0061_0001" 4630
"/Engine/EngineMaterials/Substrate/GLints/dict_16_192_64_0p5_0p02_0059_0004" 4631
"/Engine/EngineMaterials/Substrate/GLints/dict_16_192_64_0p5_0p02_0059_0005" 4632
"/Engine/EngineMaterials/Substrate/GLints/dict_16_192_64_0p5_0p02_0059_0006" 4633
"../../../Engine/Content/EngineMaterials/Substrate/GLints/dict_16_192_64_0p5_0p02_0059_0002.uasset" 4634
"/Engine/EngineMaterials/Substrate/GLints/dict_16_192_64_0p5_0p02_0059_0007" 4635
"/Engine/EngineMaterials/Substrate/GLints/dict_16_192_64_0p5_0p02_0059_0008" 4636
"/Engine/EngineMaterials/Substrate/GLints/dict_16_192_64_0p5_0p02_0059_0002" 4637
"../../../Engine/Content/EngineMaterials/Substrate/GLints/dict_16_192_64_0p5_0p02_0059_0003.uasset" 4638
"../../../Engine/Content/EngineMaterials/Substrate/GLints/dict_16_192_64_0p5_0p02_0059_0000.uasset" 4639
"../../../Engine/Content/EngineMaterials/Substrate/GLints/dict_16_192_64_0p5_0p02_0059_0001.uasset" 4640
"../../../Engine/Content/EngineMaterials/Substrate/GLints/dict_16_192_64_0p5_0p02_0058_0015.uasset" 4641
"../../../Engine/Content/EngineMaterials/Substrate/GLints/dict_16_192_64_0p5_0p02_0058_0012.uasset" 4642
"../../../Engine/Content/EngineMaterials/Substrate/GLints/dict_16_192_64_0p5_0p02_0058_0014.uasset" 4643
"../../../Engine/Content/EngineMaterials/Substrate/GLints/dict_16_192_64_0p5_0p02_0058_0013.uasset" 4644
"../../../Engine/Content/EngineMaterials/Substrate/GLints/dict_16_192_64_0p5_0p02_0058_0010.uasset" 4645
"../../../Engine/Content/EngineMaterials/Substrate/GLints/dict_16_192_64_0p5_0p02_0058_0009.uasset" 4646
"../../../Engine/Content/EngineMaterials/Substrate/GLints/dict_16_192_64_0p5_0p02_0058_0007.uasset" 4647
"../../../Engine/Content/EngineMaterials/Substrate/GLints/dict_16_192_64_0p5_0p02_0058_0008.uasset" 4648
"../../../Engine/Content/EngineMaterials/Substrate/GLints/dict_16_192_64_0p5_0p02_0058_0011.uasset" 4649
"../../../Engine/Content/EngineMaterials/Substrate/GLints/dict_16_192_64_0p5_0p02_0058_0004.uasset" 4650
"../../../Engine/Content/EngineMaterials/Substrate/GLints/dict_16_192_64_0p5_0p02_0058_0003.uasset" 4651
"../../../Engine/Content/EngineMaterials/Substrate/GLints/dict_16_192_64_0p5_0p02_0058_0005.uasset" 4652
"../../../Engine/Content/EngineMaterials/Substrate/GLints/dict_16_192_64_0p5_0p02_0058_0006.uasset" 4653
"../../../Engine/Content/EngineMaterials/Substrate/GLints/dict_16_192_64_0p5_0p02_0058_0002.uasset" 4654
"../../../Engine/Content/EngineMaterials/Substrate/GLints/dict_16_192_64_0p5_0p02_0058_0001.uasset" 4655
"../../../Engine/Content/EngineMaterials/Substrate/GLints/dict_16_192_64_0p5_0p02_0057_0013.uasset" 4656
"../../../Engine/Content/EngineMaterials/Substrate/GLints/dict_16_192_64_0p5_0p02_0057_0012.uasset" 4657
"../../../Engine/Content/EngineMaterials/Substrate/GLints/dict_16_192_64_0p5_0p02_0057_0015.uasset" 4658
"../../../Engine/Content/EngineMaterials/Substrate/GLints/dict_16_192_64_0p5_0p02_0058_0000.uasset" 4659
"../../../Engine/Content/EngineMaterials/Substrate/GLints/dict_16_192_64_0p5_0p02_0057_0014.uasset" 4660
"../../../Engine/Content/EngineMaterials/Substrate/GLints/dict_16_192_64_0p5_0p02_0057_0011.uasset" 4661
"../../../Engine/Content/EngineMaterials/Substrate/GLints/dict_16_192_64_0p5_0p02_0057_0010.uasset" 4662
"../../../Engine/Content/EngineMaterials/Substrate/GLints/dict_16_192_64_0p5_0p02_0057_0007.uasset" 4663
"../../../Engine/Content/EngineMaterials/Substrate/GLints/dict_16_192_64_0p5_0p02_0057_0009.uasset" 4664
"../../../Engine/Content/EngineMaterials/Substrate/GLints/dict_16_192_64_0p5_0p02_0057_0006.uasset" 4665
"../../../Engine/Content/EngineMaterials/Substrate/GLints/dict_16_192_64_0p5_0p02_0057_0008.uasset" 4666
"../../../Engine/Content/EngineMaterials/Substrate/GLints/dict_16_192_64_0p5_0p02_0057_0005.uasset" 4667
"../../../Engine/Content/EngineMaterials/Substrate/GLints/dict_16_192_64_0p5_0p02_0057_0004.uasset" 4668
"../../../Engine/Content/EngineMaterials/Substrate/GLints/dict_16_192_64_0p5_0p02_0057_0003.uasset" 4669
"/Engine/EngineMaterials/Substrate/GLints/dict_16_192_64_0p5_0p02_0057_0003" 4670
"/Engine/EngineMaterials/Substrate/GLints/dict_16_192_64_0p5_0p02_0059_0003" 4671
"/Engine/EngineMaterials/Substrate/GLints/dict_16_192_64_0p5_0p02_0057_0004" 4672
"/Engine/EngineMaterials/Substrate/GLints/dict_16_192_64_0p5_0p02_0057_0005" 4673
"/Engine/EngineMaterials/Substrate/GLints/dict_16_192_64_0p5_0p02_0057_0006" 4674
"/Engine/EngineMaterials/Substrate/GLints/dict_16_192_64_0p5_0p02_0057_0007" 4675
"/Engine/EngineMaterials/Substrate/GLints/dict_16_192_64_0p5_0p02_0057_0008" 4676
"/Engine/EngineMaterials/Substrate/GLints/dict_16_192_64_0p5_0p02_0057_0009" 4677
"/Engine/EngineMaterials/Substrate/GLints/dict_16_192_64_0p5_0p02_0057_0010" 4678
"/Engine/EngineMaterials/Substrate/GLints/dict_16_192_64_0p5_0p02_0057_0011" 4679
"/Engine/EngineMaterials/Substrate/GLints/dict_16_192_64_0p5_0p02_0057_0012" 4680
"/Engine/EngineMaterials/Substrate/GLints/dict_16_192_64_0p5_0p02_0057_0013" 4681
"/Engine/EngineMaterials/Substrate/GLints/dict_16_192_64_0p5_0p02_0057_0014" 4682
"/Engine/EngineMaterials/Substrate/GLints/dict_16_192_64_0p5_0p02_0057_0015" 4683
"/Engine/EngineMaterials/Substrate/GLints/dict_16_192_64_0p5_0p02_0058_0000" 4684
"/Engine/EngineMaterials/Substrate/GLints/dict_16_192_64_0p5_0p02_0058_0001" 4685
"/Engine/EngineMaterials/Substrate/GLints/dict_16_192_64_0p5_0p02_0058_0002" 4686
"/Engine/EngineMaterials/Substrate/GLints/dict_16_192_64_0p5_0p02_0058_0003" 4687
"/Engine/EngineMaterials/Substrate/GLints/dict_16_192_64_0p5_0p02_0058_0004" 4688
"/Engine/EngineMaterials/Substrate/GLints/dict_16_192_64_0p5_0p02_0058_0005" 4689
"/Engine/EngineMaterials/Substrate/GLints/dict_16_192_64_0p5_0p02_0058_0006" 4690
"/Engine/EngineMaterials/Substrate/GLints/dict_16_192_64_0p5_0p02_0058_0007" 4691
"/Engine/EngineMaterials/Substrate/GLints/dict_16_192_64_0p5_0p02_0058_0008" 4692
"/Engine/EngineMaterials/Substrate/GLints/dict_16_192_64_0p5_0p02_0058_0009" 4693
"/Engine/EngineMaterials/Substrate/GLints/dict_16_192_64_0p5_0p02_0058_0010" 4694
"/Engine/EngineMaterials/Substrate/GLints/dict_16_192_64_0p5_0p02_0058_0011" 4695
"/Engine/EngineMaterials/Substrate/GLints/dict_16_192_64_0p5_0p02_0058_0012" 4696
"/Engine/EngineMaterials/Substrate/GLints/dict_16_192_64_0p5_0p02_0058_0013" 4697
"/Engine/EngineMaterials/Substrate/GLints/dict_16_192_64_0p5_0p02_0058_0014" 4698
"/Engine/EngineMaterials/Substrate/GLints/dict_16_192_64_0p5_0p02_0058_0015" 4699
"/Engine/EngineMaterials/Substrate/GLints/dict_16_192_64_0p5_0p02_0059_0000" 4700
"/Engine/EngineMaterials/Substrate/GLints/dict_16_192_64_0p5_0p02_0059_0001" 4701
"../../../Engine/Content/EngineMaterials/Substrate/GLints/dict_16_192_64_0p5_0p02_0057_0002.uasset" 4702
"../../../Engine/Content/EngineMaterials/Substrate/GLints/dict_16_192_64_0p5_0p02_0057_0001.uasset" 4703
"../../../Engine/Content/EngineMaterials/Substrate/GLints/dict_16_192_64_0p5_0p02_0056_0015.uasset" 4704
"../../../Engine/Content/EngineMaterials/Substrate/GLints/dict_16_192_64_0p5_0p02_0057_0000.uasset" 4705
"../../../Engine/Content/EngineMaterials/Substrate/GLints/dict_16_192_64_0p5_0p02_0056_0014.uasset" 4706
"../../../Engine/Content/EngineMaterials/Substrate/GLints/dict_16_192_64_0p5_0p02_0056_0013.uasset" 4707
"../../../Engine/Content/EngineMaterials/Substrate/GLints/dict_16_192_64_0p5_0p02_0056_0011.uasset" 4708
"../../../Engine/Content/EngineMaterials/Substrate/GLints/dict_16_192_64_0p5_0p02_0056_0012.uasset" 4709
"../../../Engine/Content/EngineMaterials/Substrate/GLints/dict_16_192_64_0p5_0p02_0056_0010.uasset" 4710
"../../../Engine/Content/EngineMaterials/Substrate/GLints/dict_16_192_64_0p5_0p02_0056_0009.uasset" 4711
"../../../Engine/Content/EngineMaterials/Substrate/GLints/dict_16_192_64_0p5_0p02_0056_0007.uasset" 4712
"../../../Engine/Content/EngineMaterials/Substrate/GLints/dict_16_192_64_0p5_0p02_0056_0008.uasset" 4713
"../../../Engine/Content/EngineMaterials/Substrate/GLints/dict_16_192_64_0p5_0p02_0056_0006.uasset" 4714
"../../../Engine/Content/EngineMaterials/Substrate/GLints/dict_16_192_64_0p5_0p02_0056_0004.uasset" 4715
"../../../Engine/Content/EngineMaterials/Substrate/GLints/dict_16_192_64_0p5_0p02_0056_0005.uasset" 4716
"../../../Engine/Content/EngineMaterials/Substrate/GLints/dict_16_192_64_0p5_0p02_0056_0003.uasset" 4717
"../../../Engine/Content/EngineMaterials/Substrate/GLints/dict_16_192_64_0p5_0p02_0056_0002.uasset" 4718
"../../../Engine/Content/EngineMaterials/Substrate/GLints/dict_16_192_64_0p5_0p02_0056_0001.uasset" 4719
"../../../Engine/Content/EngineMaterials/Substrate/GLints/dict_16_192_64_0p5_0p02_0056_0000.uasset" 4720
"../../../Engine/Content/EngineMaterials/Substrate/GLints/dict_16_192_64_0p5_0p02_0055_0015.uasset" 4721
"../../../Engine/Content/EngineMaterials/Substrate/GLints/dict_16_192_64_0p5_0p02_0055_0013.uasset" 4722
"../../../Engine/Content/EngineMaterials/Substrate/GLints/dict_16_192_64_0p5_0p02_0055_0014.uasset" 4723
"../../../Engine/Content/EngineMaterials/Substrate/GLints/dict_16_192_64_0p5_0p02_0055_0012.uasset" 4724
"../../../Engine/Content/EngineMaterials/Substrate/GLints/dict_16_192_64_0p5_0p02_0055_0011.uasset" 4725
"../../../Engine/Content/EngineMaterials/Substrate/GLints/dict_16_192_64_0p5_0p02_0055_0010.uasset" 4726
"../../../Engine/Content/EngineMaterials/Substrate/GLints/dict_16_192_64_0p5_0p02_0055_0008.uasset" 4727
"../../../Engine/Content/EngineMaterials/Substrate/GLints/dict_16_192_64_0p5_0p02_0055_0009.uasset" 4728
"../../../Engine/Content/EngineMaterials/Substrate/GLints/dict_16_192_64_0p5_0p02_0055_0007.uasset" 4729
"../../../Engine/Content/EngineMaterials/Substrate/GLints/dict_16_192_64_0p5_0p02_0055_0006.uasset" 4730
"../../../Engine/Content/EngineMaterials/Substrate/GLints/dict_16_192_64_0p5_0p02_0055_0005.uasset" 4731
"../../../Engine/Content/EngineMaterials/Substrate/GLints/dict_16_192_64_0p5_0p02_0055_0003.uasset" 4732
"../../../Engine/Content/EngineMaterials/Substrate/GLints/dict_16_192_64_0p5_0p02_0055_0004.uasset" 4733
"/Engine/EngineMaterials/Substrate/GLints/dict_16_192_64_0p5_0p02_0055_0003" 4734
"/Engine/EngineMaterials/Substrate/GLints/dict_16_192_64_0p5_0p02_0055_0004" 4735
"/Engine/EngineMaterials/Substrate/GLints/dict_16_192_64_0p5_0p02_0055_0005" 4736
"/Engine/EngineMaterials/Substrate/GLints/dict_16_192_64_0p5_0p02_0055_0006" 4737
"/Engine/EngineMaterials/Substrate/GLints/dict_16_192_64_0p5_0p02_0055_0007" 4738
"/Engine/EngineMaterials/Substrate/GLints/dict_16_192_64_0p5_0p02_0055_0008" 4739
"/Engine/EngineMaterials/Substrate/GLints/dict_16_192_64_0p5_0p02_0055_0009" 4740
"/Engine/EngineMaterials/Substrate/GLints/dict_16_192_64_0p5_0p02_0055_0010" 4741
"/Engine/EngineMaterials/Substrate/GLints/dict_16_192_64_0p5_0p02_0055_0011" 4742
"/Engine/EngineMaterials/Substrate/GLints/dict_16_192_64_0p5_0p02_0055_0012" 4743
"/Engine/EngineMaterials/Substrate/GLints/dict_16_192_64_0p5_0p02_0055_0013" 4744
"/Engine/EngineMaterials/Substrate/GLints/dict_16_192_64_0p5_0p02_0055_0014" 4745
"/Engine/EngineMaterials/Substrate/GLints/dict_16_192_64_0p5_0p02_0055_0015" 4746
"/Engine/EngineMaterials/Substrate/GLints/dict_16_192_64_0p5_0p02_0056_0000" 4747
"/Engine/EngineMaterials/Substrate/GLints/dict_16_192_64_0p5_0p02_0056_0001" 4748
"/Engine/EngineMaterials/Substrate/GLints/dict_16_192_64_0p5_0p02_0056_0002" 4749
"/Engine/EngineMaterials/Substrate/GLints/dict_16_192_64_0p5_0p02_0056_0003" 4750
"/Engine/EngineMaterials/Substrate/GLints/dict_16_192_64_0p5_0p02_0056_0004" 4751
"/Engine/EngineMaterials/Substrate/GLints/dict_16_192_64_0p5_0p02_0056_0005" 4752
"/Engine/EngineMaterials/Substrate/GLints/dict_16_192_64_0p5_0p02_0056_0006" 4753
"/Engine/EngineMaterials/Substrate/GLints/dict_16_192_64_0p5_0p02_0056_0007" 4754
"/Engine/EngineMaterials/Substrate/GLints/dict_16_192_64_0p5_0p02_0056_0008" 4755
"/Engine/EngineMaterials/Substrate/GLints/dict_16_192_64_0p5_0p02_0056_0009" 4756
"/Engine/EngineMaterials/Substrate/GLints/dict_16_192_64_0p5_0p02_0056_0010" 4757
"/Engine/EngineMaterials/Substrate/GLints/dict_16_192_64_0p5_0p02_0056_0011" 4758
"/Engine/EngineMaterials/Substrate/GLints/dict_16_192_64_0p5_0p02_0056_0012" 4759
"/Engine/EngineMaterials/Substrate/GLints/dict_16_192_64_0p5_0p02_0056_0013" 4760
"/Engine/EngineMaterials/Substrate/GLints/dict_16_192_64_0p5_0p02_0056_0014" 4761
"/Engine/EngineMaterials/Substrate/GLints/dict_16_192_64_0p5_0p02_0056_0015" 4762
"/Engine/EngineMaterials/Substrate/GLints/dict_16_192_64_0p5_0p02_0057_0000" 4763
"/Engine/EngineMaterials/Substrate/GLints/dict_16_192_64_0p5_0p02_0057_0001" 4764
"/Engine/EngineMaterials/Substrate/GLints/dict_16_192_64_0p5_0p02_0057_0002" 4765
"../../../Engine/Content/EngineMaterials/Substrate/GLints/dict_16_192_64_0p5_0p02_0055_0002.uasset" 4766
"../../../Engine/Content/EngineMaterials/Substrate/GLints/dict_16_192_64_0p5_0p02_0055_0001.uasset" 4767
"/Engine/EngineMaterials/Substrate/GLints/dict_16_192_64_0p5_0p02_0055_0001" 4768
"/Engine/EngineMaterials/Substrate/GLints/dict_16_192_64_0p5_0p02_0055_0002" 4769
"../../../Engine/Content/EngineMaterials/Substrate/GLints/dict_16_192_64_0p5_0p02_0055_0000.uasset" 4770
"../../../Engine/Content/EngineMaterials/Substrate/GLints/dict_16_192_64_0p5_0p02_0054_0015.uasset" 4771
"../../../Engine/Content/EngineMaterials/Substrate/GLints/dict_16_192_64_0p5_0p02_0054_0013.uasset" 4772
"../../../Engine/Content/EngineMaterials/Substrate/GLints/dict_16_192_64_0p5_0p02_0054_0014.uasset" 4773
"../../../Engine/Content/EngineMaterials/Substrate/GLints/dict_16_192_64_0p5_0p02_0054_0012.uasset" 4774
"/Engine/EngineMaterials/Substrate/GLints/dict_16_192_64_0p5_0p02_0054_0013" 4775
"../../../Engine/Content/EngineMaterials/Substrate/GLints/dict_16_192_64_0p5_0p02_0054_0011.uasset" 4776
"/Engine/EngineMaterials/Substrate/GLints/dict_16_192_64_0p5_0p02_0054_0014" 4777
"/Engine/EngineMaterials/Substrate/GLints/dict_16_192_64_0p5_0p02_0054_0015" 4778
"/Engine/EngineMaterials/Substrate/GLints/dict_16_192_64_0p5_0p02_0055_0000" 4779
"/Engine/EngineMaterials/Substrate/GLints/dict_16_192_64_0p5_0p02_0054_0011" 4780
"/Engine/EngineMaterials/Substrate/GLints/dict_16_192_64_0p5_0p02_0054_0012" 4781
"../../../Engine/Content/EngineMaterials/Substrate/GLints/dict_16_192_64_0p5_0p02_0054_0010.uasset" 4782
"../../../Engine/Content/EngineMaterials/Substrate/GLints/dict_16_192_64_0p5_0p02_0054_0009.uasset" 4783
"../../../Engine/Content/EngineMaterials/Substrate/GLints/dict_16_192_64_0p5_0p02_0054_0008.uasset" 4784
"../../../Engine/Content/EngineMaterials/Substrate/GLints/dict_16_192_64_0p5_0p02_0054_0007.uasset" 4785
"../../../Engine/Content/EngineMaterials/Substrate/GLints/dict_16_192_64_0p5_0p02_0054_0005.uasset" 4786
"../../../Engine/Content/EngineMaterials/Substrate/GLints/dict_16_192_64_0p5_0p02_0054_0004.uasset" 4787
"../../../Engine/Content/EngineMaterials/Substrate/GLints/dict_16_192_64_0p5_0p02_0054_0006.uasset" 4788
"../../../Engine/Content/EngineMaterials/Substrate/GLints/dict_16_192_64_0p5_0p02_0054_0003.uasset" 4789
"../../../Engine/Content/EngineMaterials/Substrate/GLints/dict_16_192_64_0p5_0p02_0054_0002.uasset" 4790
"../../../Engine/Content/EngineMaterials/Substrate/GLints/dict_16_192_64_0p5_0p02_0054_0000.uasset" 4791
"../../../Engine/Content/EngineMaterials/Substrate/GLints/dict_16_192_64_0p5_0p02_0054_0001.uasset" 4792
"../../../Engine/Content/EngineMaterials/Substrate/GLints/dict_16_192_64_0p5_0p02_0053_0014.uasset" 4793
"../../../Engine/Content/EngineMaterials/Substrate/GLints/dict_16_192_64_0p5_0p02_0053_0015.uasset" 4794
"../../../Engine/Content/EngineMaterials/Substrate/GLints/dict_16_192_64_0p5_0p02_0053_0012.uasset" 4795
"../../../Engine/Content/EngineMaterials/Substrate/GLints/dict_16_192_64_0p5_0p02_0053_0013.uasset" 4796
"../../../Engine/Content/EngineMaterials/Substrate/GLints/dict_16_192_64_0p5_0p02_0053_0011.uasset" 4797
"/Engine/EngineMaterials/Substrate/GLints/dict_16_192_64_0p5_0p02_0053_0012" 4798
"../../../Engine/Content/EngineMaterials/Substrate/GLints/dict_16_192_64_0p5_0p02_0053_0010.uasset" 4799
"/Engine/EngineMaterials/Substrate/GLints/dict_16_192_64_0p5_0p02_0053_0013" 4800
"/Engine/EngineMaterials/Substrate/GLints/dict_16_192_64_0p5_0p02_0053_0014" 4801
"/Engine/EngineMaterials/Substrate/GLints/dict_16_192_64_0p5_0p02_0053_0015" 4802
"/Engine/EngineMaterials/Substrate/GLints/dict_16_192_64_0p5_0p02_0054_0000" 4803
"/Engine/EngineMaterials/Substrate/GLints/dict_16_192_64_0p5_0p02_0054_0001" 4804
"/Engine/EngineMaterials/Substrate/GLints/dict_16_192_64_0p5_0p02_0054_0002" 4805
"/Engine/EngineMaterials/Substrate/GLints/dict_16_192_64_0p5_0p02_0054_0003" 4806
"/Engine/EngineMaterials/Substrate/GLints/dict_16_192_64_0p5_0p02_0054_0004" 4807
"/Engine/EngineMaterials/Substrate/GLints/dict_16_192_64_0p5_0p02_0054_0005" 4808
"/Engine/EngineMaterials/Substrate/GLints/dict_16_192_64_0p5_0p02_0054_0006" 4809
"/Engine/EngineMaterials/Substrate/GLints/dict_16_192_64_0p5_0p02_0054_0007" 4810
"/Engine/EngineMaterials/Substrate/GLints/dict_16_192_64_0p5_0p02_0054_0008" 4811
"/Engine/EngineMaterials/Substrate/GLints/dict_16_192_64_0p5_0p02_0054_0009" 4812
"/Engine/EngineMaterials/Substrate/GLints/dict_16_192_64_0p5_0p02_0054_0010" 4813
"/Engine/EngineMaterials/Substrate/GLints/dict_16_192_64_0p5_0p02_0053_0010" 4814
"../../../Engine/Content/EngineMaterials/Substrate/GLints/dict_16_192_64_0p5_0p02_0053_0007.uasset" 4815
"/Engine/EngineMaterials/Substrate/GLints/dict_16_192_64_0p5_0p02_0053_0011" 4816
"/Engine/EngineMaterials/Substrate/GLints/dict_16_192_64_0p5_0p02_0053_0007" 4817
"../../../Engine/Content/EngineMaterials/Substrate/GLints/dict_16_192_64_0p5_0p02_0053_0009.uasset" 4818
"../../../Engine/Content/EngineMaterials/Substrate/GLints/dict_16_192_64_0p5_0p02_0053_0008.uasset" 4819
"../../../Engine/Content/EngineMaterials/Substrate/GLints/dict_16_192_64_0p5_0p02_0053_0006.uasset" 4820
"../../../Engine/Content/EngineMaterials/Substrate/GLints/dict_16_192_64_0p5_0p02_0053_0004.uasset" 4821
"/Engine/EngineMaterials/Substrate/GLints/dict_16_192_64_0p5_0p02_0053_0004" 4822
"/Engine/EngineMaterials/Substrate/GLints/dict_16_192_64_0p5_0p02_0053_0006" 4823
"../../../Engine/Content/EngineMaterials/Substrate/GLints/dict_16_192_64_0p5_0p02_0053_0005.uasset" 4824
"/Engine/EngineMaterials/Substrate/GLints/dict_16_192_64_0p5_0p02_0053_0008" 4825
"../../../Engine/Content/EngineMaterials/Substrate/GLints/dict_16_192_64_0p5_0p02_0053_0003.uasset" 4826
"/Engine/EngineMaterials/Substrate/GLints/dict_16_192_64_0p5_0p02_0053_0009" 4827
"/Engine/EngineMaterials/Substrate/GLints/dict_16_192_64_0p5_0p02_0053_0003" 4828
"/Engine/EngineMaterials/Substrate/GLints/dict_16_192_64_0p5_0p02_0053_0005" 4829
"../../../Engine/Content/EngineMaterials/Substrate/GLints/dict_16_192_64_0p5_0p02_0053_0002.uasset" 4830
"/Engine/EngineMaterials/Substrate/GLints/dict_16_192_64_0p5_0p02_0053_0002" 4831
"../../../Engine/Content/EngineMaterials/Substrate/GLints/dict_16_192_64_0p5_0p02_0053_0001.uasset" 4832
"/Engine/EngineMaterials/Substrate/GLints/dict_16_192_64_0p5_0p02_0053_0001" 4833
"../../../Engine/Content/EngineMaterials/Substrate/GLints/dict_16_192_64_0p5_0p02_0053_0000.uasset" 4834
"../../../Engine/Content/EngineMaterials/Substrate/GLints/dict_16_192_64_0p5_0p02_0052_0015.uasset" 4835
"../../../Engine/Content/EngineMaterials/Substrate/GLints/dict_16_192_64_0p5_0p02_0052_0014.uasset" 4836
"../../../Engine/Content/EngineMaterials/Substrate/GLints/dict_16_192_64_0p5_0p02_0052_0013.uasset" 4837
"../../../Engine/Content/EngineMaterials/Substrate/GLints/dict_16_192_64_0p5_0p02_0052_0010.uasset" 4838
"../../../Engine/Content/EngineMaterials/Substrate/GLints/dict_16_192_64_0p5_0p02_0052_0012.uasset" 4839
"../../../Engine/Content/EngineMaterials/Substrate/GLints/dict_16_192_64_0p5_0p02_0052_0009.uasset" 4840
"../../../Engine/Content/EngineMaterials/Substrate/GLints/dict_16_192_64_0p5_0p02_0052_0011.uasset" 4841
"../../../Engine/Content/EngineMaterials/Substrate/GLints/dict_16_192_64_0p5_0p02_0052_0008.uasset" 4842
"../../../Engine/Content/EngineMaterials/Substrate/GLints/dict_16_192_64_0p5_0p02_0052_0007.uasset" 4843
"../../../Engine/Content/EngineMaterials/Substrate/GLints/dict_16_192_64_0p5_0p02_0052_0003.uasset" 4844
"../../../Engine/Content/EngineMaterials/Substrate/GLints/dict_16_192_64_0p5_0p02_0052_0006.uasset" 4845
"../../../Engine/Content/EngineMaterials/Substrate/GLints/dict_16_192_64_0p5_0p02_0052_0005.uasset" 4846
"../../../Engine/Content/EngineMaterials/Substrate/GLints/dict_16_192_64_0p5_0p02_0052_0004.uasset" 4847
"/Engine/EngineMaterials/Substrate/GLints/dict_16_192_64_0p5_0p02_0052_0003" 4848
"/Engine/EngineMaterials/Substrate/GLints/dict_16_192_64_0p5_0p02_0052_0004" 4849
"/Engine/EngineMaterials/Substrate/GLints/dict_16_192_64_0p5_0p02_0052_0005" 4850
"/Engine/EngineMaterials/Substrate/GLints/dict_16_192_64_0p5_0p02_0052_0006" 4851
"/Engine/EngineMaterials/Substrate/GLints/dict_16_192_64_0p5_0p02_0052_0007" 4852
"/Engine/EngineMaterials/Substrate/GLints/dict_16_192_64_0p5_0p02_0052_0008" 4853
"/Engine/EngineMaterials/Substrate/GLints/dict_16_192_64_0p5_0p02_0052_0009" 4854
"/Engine/EngineMaterials/Substrate/GLints/dict_16_192_64_0p5_0p02_0052_0010" 4855
"../../../Engine/Content/EngineMaterials/Substrate/GLints/dict_16_192_64_0p5_0p02_0052_0002.uasset" 4856
"/Engine/EngineMaterials/Substrate/GLints/dict_16_192_64_0p5_0p02_0052_0011" 4857
"../../../Engine/Content/EngineMaterials/Substrate/GLints/dict_16_192_64_0p5_0p02_0051_0012.uasset" 4858
"/Engine/EngineMaterials/Substrate/GLints/dict_16_192_64_0p5_0p02_0052_0012" 4859
"../../../Engine/Content/EngineMaterials/Substrate/GLints/dict_16_192_64_0p5_0p02_0051_0014.uasset" 4860
"../../../Engine/Content/EngineMaterials/Substrate/GLints/dict_16_192_64_0p5_0p02_0051_0013.uasset" 4861
"../../../Engine/Content/EngineMaterials/Substrate/GLints/dict_16_192_64_0p5_0p02_0052_0000.uasset" 4862
"/Engine/EngineMaterials/Substrate/GLints/dict_16_192_64_0p5_0p02_0052_0013" 4863
"/Engine/EngineMaterials/Substrate/GLints/dict_16_192_64_0p5_0p02_0052_0014" 4864
"/Engine/EngineMaterials/Substrate/GLints/dict_16_192_64_0p5_0p02_0052_0015" 4865
"/Engine/EngineMaterials/Substrate/GLints/dict_16_192_64_0p5_0p02_0053_0000" 4866
"../../../Engine/Content/EngineMaterials/Substrate/GLints/dict_16_192_64_0p5_0p02_0051_0015.uasset" 4867
"/Engine/EngineMaterials/Substrate/GLints/dict_16_192_64_0p5_0p02_0051_0012" 4868
"/Engine/EngineMaterials/Substrate/GLints/dict_16_192_64_0p5_0p02_0051_0013" 4869
"/Engine/EngineMaterials/Substrate/GLints/dict_16_192_64_0p5_0p02_0051_0014" 4870
"/Engine/EngineMaterials/Substrate/GLints/dict_16_192_64_0p5_0p02_0051_0015" 4871
"/Engine/EngineMaterials/Substrate/GLints/dict_16_192_64_0p5_0p02_0052_0000" 4872
"/Engine/EngineMaterials/Substrate/GLints/dict_16_192_64_0p5_0p02_0052_0002" 4873
"../../../Engine/Content/EngineMaterials/Substrate/GLints/dict_16_192_64_0p5_0p02_0051_0010.uasset" 4874
"../../../Engine/Content/EngineMaterials/Substrate/GLints/dict_16_192_64_0p5_0p02_0051_0009.uasset" 4875
"../../../Engine/Content/EngineMaterials/Substrate/GLints/dict_16_192_64_0p5_0p02_0051_0011.uasset" 4876
"../../../Engine/Content/EngineMaterials/Substrate/GLints/dict_16_192_64_0p5_0p02_0051_0008.uasset" 4877
"../../../Engine/Content/EngineMaterials/Substrate/GLints/dict_16_192_64_0p5_0p02_0051_0007.uasset" 4878
"../../../Engine/Content/EngineMaterials/Substrate/GLints/dict_16_192_64_0p5_0p02_0051_0001.uasset" 4879
"../../../Engine/Content/EngineMaterials/Substrate/GLints/dict_16_192_64_0p5_0p02_0051_0002.uasset" 4880
"../../../Engine/Content/EngineMaterials/Substrate/GLints/dict_16_192_64_0p5_0p02_0051_0004.uasset" 4881
"../../../Engine/Content/EngineMaterials/Substrate/GLints/dict_16_192_64_0p5_0p02_0052_0001.uasset" 4882
"../../../Engine/Content/EngineMaterials/Substrate/GLints/dict_16_192_64_0p5_0p02_0051_0003.uasset" 4883
"../../../Engine/Content/EngineMaterials/Substrate/GLints/dict_16_192_64_0p5_0p02_0051_0005.uasset" 4884
"../../../Engine/Content/EngineMaterials/Substrate/GLints/dict_16_192_64_0p5_0p02_0051_0006.uasset" 4885
"/Engine/EngineMaterials/Substrate/GLints/dict_16_192_64_0p5_0p02_0051_0003" 4886
"/Engine/EngineMaterials/Substrate/GLints/dict_16_192_64_0p5_0p02_0051_0005" 4887
"../../../Engine/Content/EngineMaterials/Substrate/GLints/dict_16_192_64_0p5_0p02_0050_0013.uasset" 4888
"../../../Engine/Content/EngineMaterials/Substrate/GLints/dict_16_192_64_0p5_0p02_0050_0015.uasset" 4889
"/Engine/EngineMaterials/Substrate/GLints/dict_16_192_64_0p5_0p02_0051_0004" 4890
"/Engine/EngineMaterials/Substrate/GLints/dict_16_192_64_0p5_0p02_0051_0009" 4891
"/Engine/EngineMaterials/Substrate/GLints/dict_16_192_64_0p5_0p02_0051_0007" 4892
"../../../Engine/Content/EngineMaterials/Substrate/GLints/dict_16_192_64_0p5_0p02_0051_0000.uasset" 4893
"/Engine/EngineMaterials/Substrate/GLints/dict_16_192_64_0p5_0p02_0051_0008" 4894
"../../../Engine/Content/EngineMaterials/Substrate/GLints/dict_16_192_64_0p5_0p02_0050_0011.uasset" 4895
"../../../Engine/Content/EngineMaterials/Substrate/GLints/dict_16_192_64_0p5_0p02_0050_0014.uasset" 4896
"/Engine/EngineMaterials/Substrate/GLints/dict_16_192_64_0p5_0p02_0051_0010" 4897
"../../../Engine/Content/EngineMaterials/Substrate/GLints/dict_16_192_64_0p5_0p02_0050_0009.uasset" 4898
"/Engine/EngineMaterials/Substrate/GLints/dict_16_192_64_0p5_0p02_0051_0011" 4899
"../../../Engine/Content/EngineMaterials/Substrate/GLints/dict_16_192_64_0p5_0p02_0050_0010.uasset" 4900
"/Engine/EngineMaterials/Substrate/GLints/dict_16_192_64_0p5_0p02_0052_0001" 4901
"/Engine/EngineMaterials/Substrate/GLints/dict_16_192_64_0p5_0p02_0051_0001" 4902
"/Engine/EngineMaterials/Substrate/GLints/dict_16_192_64_0p5_0p02_0051_0002" 4903
"/Engine/EngineMaterials/Substrate/GLints/dict_16_192_64_0p5_0p02_0051_0006" 4904
"/Engine/EngineMaterials/Substrate/GLints/dict_16_192_64_0p5_0p02_0050_0009" 4905
"/Engine/EngineMaterials/Substrate/GLints/dict_16_192_64_0p5_0p02_0050_0010" 4906
"../../../Engine/Content/EngineMaterials/Substrate/GLints/dict_16_192_64_0p5_0p02_0050_0008.uasset" 4907
"../../../Engine/Content/EngineMaterials/Substrate/GLints/dict_16_192_64_0p5_0p02_0050_0007.uasset" 4908
"/Engine/EngineMaterials/Substrate/GLints/dict_16_192_64_0p5_0p02_0050_0011" 4909
"/Engine/EngineMaterials/Substrate/GLints/dict_16_192_64_0p5_0p02_0050_0013" 4910
"/Engine/EngineMaterials/Substrate/GLints/dict_16_192_64_0p5_0p02_0050_0014" 4911
"/Engine/EngineMaterials/Substrate/GLints/dict_16_192_64_0p5_0p02_0050_0015" 4912
"/Engine/EngineMaterials/Substrate/GLints/dict_16_192_64_0p5_0p02_0051_0000" 4913
"/Engine/EngineMaterials/Substrate/GLints/dict_16_192_64_0p5_0p02_0050_0007" 4914
"/Engine/EngineMaterials/Substrate/GLints/dict_16_192_64_0p5_0p02_0050_0008" 4915
"../../../Engine/Content/EngineMaterials/Substrate/GLints/dict_16_192_64_0p5_0p02_0050_0004.uasset" 4916
"../../../Engine/Content/EngineMaterials/Substrate/GLints/dict_16_192_64_0p5_0p02_0050_0003.uasset" 4917
"../../../Engine/Content/EngineMaterials/Substrate/GLints/dict_16_192_64_0p5_0p02_0050_0005.uasset" 4918
"../../../Engine/Content/EngineMaterials/Substrate/GLints/dict_16_192_64_0p5_0p02_0050_0006.uasset" 4919
"../../../Engine/Content/EngineMaterials/Substrate/GLints/dict_16_192_64_0p5_0p02_0050_0001.uasset" 4920
"../../../Engine/Content/EngineMaterials/Substrate/GLints/dict_16_192_64_0p5_0p02_0050_0000.uasset" 4921
"../../../Engine/Content/EngineMaterials/Substrate/GLints/dict_16_192_64_0p5_0p02_0050_0002.uasset" 4922
"/Engine/EngineMaterials/Substrate/GLints/dict_16_192_64_0p5_0p02_0050_0000" 4923
"../../../Engine/Content/EngineMaterials/Substrate/GLints/dict_16_192_64_0p5_0p02_0049_0013.uasset" 4924
"../../../Engine/Content/EngineMaterials/Substrate/GLints/dict_16_192_64_0p5_0p02_0049_0012.uasset" 4925
"../../../Engine/Content/EngineMaterials/Substrate/GLints/dict_16_192_64_0p5_0p02_0049_0015.uasset" 4926
"../../../Engine/Content/EngineMaterials/Substrate/GLints/dict_16_192_64_0p5_0p02_0049_0014.uasset" 4927
"../../../Engine/Content/EngineMaterials/Substrate/GLints/dict_16_192_64_0p5_0p02_0049_0011.uasset" 4928
"../../../Engine/Content/EngineMaterials/Substrate/GLints/dict_16_192_64_0p5_0p02_0049_0010.uasset" 4929
"../../../Engine/Content/EngineMaterials/Substrate/GLints/dict_16_192_64_0p5_0p02_0049_0006.uasset" 4930
"../../../Engine/Content/EngineMaterials/Substrate/GLints/dict_16_192_64_0p5_0p02_0049_0007.uasset" 4931
"/Engine/EngineMaterials/Substrate/GLints/dict_16_192_64_0p5_0p02_0050_0001" 4932
"../../../Engine/Content/EngineMaterials/Substrate/GLints/dict_16_192_64_0p5_0p02_0049_0009.uasset" 4933
"../../../Engine/Content/EngineMaterials/Substrate/GLints/dict_16_192_64_0p5_0p02_0049_0008.uasset" 4934
"../../../Engine/Content/EngineMaterials/Substrate/GLints/dict_16_192_64_0p5_0p02_0049_0004.uasset" 4935
"../../../Engine/Content/EngineMaterials/Substrate/GLints/dict_16_192_64_0p5_0p02_0049_0003.uasset" 4936
"../../../Engine/Content/EngineMaterials/Substrate/GLints/dict_16_192_64_0p5_0p02_0049_0002.uasset" 4937
"/Engine/EngineMaterials/Substrate/GLints/dict_16_192_64_0p5_0p02_0050_0002" 4938
"../../../Engine/Content/EngineMaterials/Substrate/GLints/dict_16_192_64_0p5_0p02_0049_0000.uasset" 4939
"../../../Engine/Content/EngineMaterials/Substrate/GLints/dict_16_192_64_0p5_0p02_0049_0005.uasset" 4940
"/Engine/EngineMaterials/Substrate/GLints/dict_16_192_64_0p5_0p02_0050_0003" 4941
"/Engine/EngineMaterials/Substrate/GLints/dict_16_192_64_0p5_0p02_0050_0004" 4942
"/Engine/EngineMaterials/Substrate/GLints/dict_16_192_64_0p5_0p02_0050_0005" 4943
"/Engine/EngineMaterials/Substrate/GLints/dict_16_192_64_0p5_0p02_0050_0006" 4944
"../../../Engine/Content/EngineMaterials/Substrate/GLints/dict_16_192_64_0p5_0p02_0048_0014.uasset" 4945
"../../../Engine/Content/EngineMaterials/Substrate/GLints/dict_16_192_64_0p5_0p02_0048_0013.uasset" 4946
"/Engine/EngineMaterials/Substrate/GLints/dict_16_192_64_0p5_0p02_0049_0002" 4947
"/Engine/EngineMaterials/Substrate/GLints/dict_16_192_64_0p5_0p02_0049_0003" 4948
"/Engine/EngineMaterials/Substrate/GLints/dict_16_192_64_0p5_0p02_0049_0004" 4949
"/Engine/EngineMaterials/Substrate/GLints/dict_16_192_64_0p5_0p02_0049_0005" 4950
"../../../Engine/Content/EngineMaterials/Substrate/GLints/dict_16_192_64_0p5_0p02_0048_0015.uasset" 4951
"/Engine/EngineMaterials/Substrate/GLints/dict_16_192_64_0p5_0p02_0049_0006" 4952
"/Engine/EngineMaterials/Substrate/GLints/dict_16_192_64_0p5_0p02_0049_0007" 4953
"/Engine/EngineMaterials/Substrate/GLints/dict_16_192_64_0p5_0p02_0049_0008" 4954
"/Engine/EngineMaterials/Substrate/GLints/dict_16_192_64_0p5_0p02_0049_0009" 4955
"../../../Engine/Content/EngineMaterials/Substrate/GLints/dict_16_192_64_0p5_0p02_0049_0001.uasset" 4956
"/Engine/EngineMaterials/Substrate/GLints/dict_16_192_64_0p5_0p02_0049_0013" 4957
"/Engine/EngineMaterials/Substrate/GLints/dict_16_192_64_0p5_0p02_0049_0014" 4958
"/Engine/EngineMaterials/Substrate/GLints/dict_16_192_64_0p5_0p02_0049_0015" 4959
"../../../Engine/Content/EngineMaterials/Substrate/GLints/dict_16_192_64_0p5_0p02_0048_0009.uasset" 4960
"/Engine/EngineMaterials/Substrate/GLints/dict_16_192_64_0p5_0p02_0049_0010" 4961
"/Engine/EngineMaterials/Substrate/GLints/dict_16_192_64_0p5_0p02_0048_0013" 4962
"/Engine/EngineMaterials/Substrate/GLints/dict_16_192_64_0p5_0p02_0048_0014" 4963
"/Engine/EngineMaterials/Substrate/GLints/dict_16_192_64_0p5_0p02_0049_0000" 4964
"../../../Engine/Content/EngineMaterials/Substrate/GLints/dict_16_192_64_0p5_0p02_0048_0011.uasset" 4965
"/Engine/EngineMaterials/Substrate/GLints/dict_16_192_64_0p5_0p02_0049_0011" 4966
"../../../Engine/Content/EngineMaterials/Substrate/GLints/dict_16_192_64_0p5_0p02_0048_0008.uasset" 4967
"/Engine/EngineMaterials/Substrate/GLints/dict_16_192_64_0p5_0p02_0049_0012" 4968
"/Engine/EngineMaterials/Substrate/GLints/dict_16_192_64_0p5_0p02_0048_0008" 4969
"/Engine/EngineMaterials/Substrate/GLints/dict_16_192_64_0p5_0p02_0048_0009" 4970
"/Engine/EngineMaterials/Substrate/GLints/dict_16_192_64_0p5_0p02_0048_0015" 4971
"/Engine/EngineMaterials/Substrate/GLints/dict_16_192_64_0p5_0p02_0049_0001" 4972
"/Engine/EngineMaterials/Substrate/GLints/dict_16_192_64_0p5_0p02_0048_0011" 4973
"../../../Engine/Content/EngineMaterials/Substrate/GLints/dict_16_192_64_0p5_0p02_0048_0012.uasset" 4974
"../../../Engine/Content/EngineMaterials/Substrate/GLints/dict_16_192_64_0p5_0p02_0048_0006.uasset" 4975
"../../../Engine/Content/EngineMaterials/Substrate/GLints/dict_16_192_64_0p5_0p02_0048_0004.uasset" 4976
"../../../Engine/Content/EngineMaterials/Substrate/GLints/dict_16_192_64_0p5_0p02_0048_0005.uasset" 4977
"../../../Engine/Content/EngineMaterials/Substrate/GLints/dict_16_192_64_0p5_0p02_0048_0003.uasset" 4978
"../../../Engine/Content/EngineMaterials/Substrate/GLints/dict_16_192_64_0p5_0p02_0048_0007.uasset" 4979
"../../../Engine/Content/EngineMaterials/Substrate/GLints/dict_16_192_64_0p5_0p02_0048_0010.uasset" 4980
"../../../Engine/Content/EngineMaterials/Substrate/GLints/dict_16_192_64_0p5_0p02_0048_0001.uasset" 4981
"/Engine/EngineMaterials/Substrate/GLints/dict_16_192_64_0p5_0p02_0048_0010" 4982
"/Engine/EngineMaterials/Substrate/GLints/dict_16_192_64_0p5_0p02_0048_0003" 4983
"../../../Engine/Content/EngineMaterials/Substrate/GLints/dict_16_192_64_0p5_0p02_0047_0015.uasset" 4984
"/Engine/EngineMaterials/Substrate/GLints/dict_16_192_64_0p5_0p02_0048_0004" 4985
"/Engine/EngineMaterials/Substrate/GLints/dict_16_192_64_0p5_0p02_0048_0005" 4986
"../../../Engine/Content/EngineMaterials/Substrate/GLints/dict_16_192_64_0p5_0p02_0048_0000.uasset" 4987
"/Engine/EngineMaterials/Substrate/GLints/dict_16_192_64_0p5_0p02_0048_0006" 4988
"../../../Engine/Content/EngineMaterials/Substrate/GLints/dict_16_192_64_0p5_0p02_0047_0014.uasset" 4989
"/Engine/EngineMaterials/Substrate/GLints/dict_16_192_64_0p5_0p02_0048_0007" 4990
"../../../Engine/Content/EngineMaterials/Substrate/GLints/dict_16_192_64_0p5_0p02_0047_0011.uasset" 4991
"/Engine/EngineMaterials/Substrate/GLints/dict_16_192_64_0p5_0p02_0048_0012" 4992
"/Engine/EngineMaterials/Substrate/GLints/dict_16_192_64_0p5_0p02_0048_0001" 4993
"../../../Engine/Content/EngineMaterials/Substrate/GLints/dict_16_192_64_0p5_0p02_0047_0010.uasset" 4994
"/Engine/EngineMaterials/Substrate/GLints/dict_16_192_64_0p5_0p02_0047_0011" 4995
"/Engine/EngineMaterials/Substrate/GLints/dict_16_192_64_0p5_0p02_0047_0014" 4996
"/Engine/EngineMaterials/Substrate/GLints/dict_16_192_64_0p5_0p02_0047_0015" 4997
"../../../Engine/Content/EngineMaterials/Substrate/GLints/dict_16_192_64_0p5_0p02_0047_0009.uasset" 4998
"../../../Engine/Content/EngineMaterials/Substrate/GLints/dict_16_192_64_0p5_0p02_0048_0002.uasset" 4999
"../../../Engine/Content/EngineMaterials/Substrate/GLints/dict_16_192_64_0p5_0p02_0047_0012.uasset" 5000
"/Engine/EngineMaterials/Substrate/GLints/dict_16_192_64_0p5_0p02_0048_0000" 5001
"/Engine/EngineMaterials/Substrate/GLints/dict_16_192_64_0p5_0p02_0047_0009" 5002
"/Engine/EngineMaterials/Substrate/GLints/dict_16_192_64_0p5_0p02_0047_0010" 5003
"/Engine/EngineMaterials/Substrate/GLints/dict_16_192_64_0p5_0p02_0048_0002" 5004
"/Engine/EngineMaterials/Substrate/GLints/dict_16_192_64_0p5_0p02_0047_0012" 5005
"../../../Engine/Content/EngineMaterials/Substrate/GLints/dict_16_192_64_0p5_0p02_0047_0008.uasset" 5006
"../../../Engine/Content/EngineMaterials/Substrate/GLints/dict_16_192_64_0p5_0p02_0047_0006.uasset" 5007
"../../../Engine/Content/EngineMaterials/Substrate/GLints/dict_16_192_64_0p5_0p02_0047_0007.uasset" 5008
"/Engine/EngineMaterials/Substrate/GLints/dict_16_192_64_0p5_0p02_0047_0006" 5009
"/Engine/EngineMaterials/Substrate/GLints/dict_16_192_64_0p5_0p02_0047_0008" 5010
"/Engine/EngineMaterials/Substrate/GLints/dict_16_192_64_0p5_0p02_0047_0007" 5011
"../../../Engine/Content/EngineMaterials/Substrate/GLints/dict_16_192_64_0p5_0p02_0047_0004.uasset" 5012
"../../../Engine/Content/EngineMaterials/Substrate/GLints/dict_16_192_64_0p5_0p02_0047_0001.uasset" 5013
"../../../Engine/Content/EngineMaterials/Substrate/GLints/dict_16_192_64_0p5_0p02_0047_0005.uasset" 5014
"../../../Engine/Content/EngineMaterials/Substrate/GLints/dict_16_192_64_0p5_0p02_0047_0003.uasset" 5015
"../../../Engine/Content/EngineMaterials/Substrate/GLints/dict_16_192_64_0p5_0p02_0047_0000.uasset" 5016
"../../../Engine/Content/EngineMaterials/Substrate/GLints/dict_16_192_64_0p5_0p02_0047_0002.uasset" 5017
"/Engine/EngineMaterials/Substrate/GLints/dict_16_192_64_0p5_0p02_0047_0000" 5018
"/Engine/EngineMaterials/Substrate/GLints/dict_16_192_64_0p5_0p02_0047_0001" 5019
"/Engine/EngineMaterials/Substrate/GLints/dict_16_192_64_0p5_0p02_0047_0003" 5020
"/Engine/EngineMaterials/Substrate/GLints/dict_16_192_64_0p5_0p02_0047_0004" 5021
"/Engine/EngineMaterials/Substrate/GLints/dict_16_192_64_0p5_0p02_0047_0005" 5022
"/Engine/EngineMaterials/Substrate/GLints/dict_16_192_64_0p5_0p02_0047_0002" 5023
"../../../Engine/Content/EngineMaterials/Substrate/GLints/dict_16_192_64_0p5_0p02_0046_0013.uasset" 5024
"../../../Engine/Content/EngineMaterials/Substrate/GLints/dict_16_192_64_0p5_0p02_0046_0012.uasset" 5025
"../../../Engine/Content/EngineMaterials/Substrate/GLints/dict_16_192_64_0p5_0p02_0046_0015.uasset" 5026
"/Engine/EngineMaterials/Substrate/GLints/dict_16_192_64_0p5_0p02_0046_0012" 5027
"/Engine/EngineMaterials/Substrate/GLints/dict_16_192_64_0p5_0p02_0046_0013" 5028
"/Engine/EngineMaterials/Substrate/GLints/dict_16_192_64_0p5_0p02_0046_0015" 5029
"../../../Engine/Content/EngineMaterials/Substrate/GLints/dict_16_192_64_0p5_0p02_0046_0011.uasset" 5030
"../../../Engine/Content/EngineMaterials/Substrate/GLints/dict_16_192_64_0p5_0p02_0046_0014.uasset" 5031
"../../../Engine/Content/EngineMaterials/Substrate/GLints/dict_16_192_64_0p5_0p02_0046_0010.uasset" 5032
"../../../Engine/Content/EngineMaterials/Substrate/GLints/dict_16_192_64_0p5_0p02_0046_0009.uasset" 5033
"../../../Engine/Content/EngineMaterials/Substrate/GLints/dict_16_192_64_0p5_0p02_0046_0007.uasset" 5034
"../../../Engine/Content/EngineMaterials/Substrate/GLints/dict_16_192_64_0p5_0p02_0046_0008.uasset" 5035
"/Engine/EngineMaterials/Substrate/GLints/dict_16_192_64_0p5_0p02_0046_0007" 5036
"/Engine/EngineMaterials/Substrate/GLints/dict_16_192_64_0p5_0p02_0046_0008" 5037
"/Engine/EngineMaterials/Substrate/GLints/dict_16_192_64_0p5_0p02_0046_0009" 5038
"../../../Engine/Content/EngineMaterials/Substrate/GLints/dict_16_192_64_0p5_0p02_0046_0002.uasset" 5039
"../../../Engine/Content/EngineMaterials/Substrate/GLints/dict_16_192_64_0p5_0p02_0046_0004.uasset" 5040
"../../../Engine/Content/EngineMaterials/Substrate/GLints/dict_16_192_64_0p5_0p02_0046_0003.uasset" 5041
"../../../Engine/Content/EngineMaterials/Substrate/GLints/dict_16_192_64_0p5_0p02_0046_0001.uasset" 5042
"/Engine/EngineMaterials/Substrate/GLints/dict_16_192_64_0p5_0p02_0046_0011" 5043
"/Engine/EngineMaterials/Substrate/GLints/dict_16_192_64_0p5_0p02_0046_0010" 5044
"/Engine/EngineMaterials/Substrate/GLints/dict_16_192_64_0p5_0p02_0046_0014" 5045
"/Engine/EngineMaterials/Substrate/GLints/dict_16_192_64_0p5_0p02_0046_0004" 5046
"/Engine/EngineMaterials/Substrate/GLints/dict_16_192_64_0p5_0p02_0046_0001" 5047
"/Engine/EngineMaterials/Substrate/GLints/dict_16_192_64_0p5_0p02_0046_0002" 5048
"/Engine/EngineMaterials/Substrate/GLints/dict_16_192_64_0p5_0p02_0046_0003" 5049
"../../../Engine/Content/EngineMaterials/Substrate/GLints/dict_16_192_64_0p5_0p02_0046_0006.uasset" 5050
"/Engine/EngineMaterials/Substrate/GLints/dict_16_192_64_0p5_0p02_0046_0006" 5051
"../../../Engine/Content/EngineMaterials/Substrate/GLints/dict_16_192_64_0p5_0p02_0046_0005.uasset" 5052
"../../../Engine/Content/EngineMaterials/Substrate/GLints/dict_16_192_64_0p5_0p02_0046_0000.uasset" 5053
"../../../Engine/Content/EngineMaterials/Substrate/GLints/dict_16_192_64_0p5_0p02_0045_0013.uasset" 5054
"../../../Engine/Content/EngineMaterials/Substrate/GLints/dict_16_192_64_0p5_0p02_0045_0014.uasset" 5055
"../../../Engine/Content/EngineMaterials/Substrate/GLints/dict_16_192_64_0p5_0p02_0045_0015.uasset" 5056
"/Engine/EngineMaterials/Substrate/GLints/dict_16_192_64_0p5_0p02_0045_0015" 5057
"../../../Engine/Content/EngineMaterials/Substrate/GLints/dict_16_192_64_0p5_0p02_0045_0010.uasset" 5058
"../../../Engine/Content/EngineMaterials/Substrate/GLints/dict_16_192_64_0p5_0p02_0045_0007.uasset" 5059
"/Engine/EngineMaterials/Substrate/GLints/dict_16_192_64_0p5_0p02_0045_0013" 5060
"../../../Engine/Content/EngineMaterials/Substrate/GLints/dict_16_192_64_0p5_0p02_0045_0008.uasset" 5061
"../../../Engine/Content/EngineMaterials/Substrate/GLints/dict_16_192_64_0p5_0p02_0045_0009.uasset" 5062
"/Engine/EngineMaterials/Substrate/GLints/dict_16_192_64_0p5_0p02_0046_0000" 5063
"/Engine/EngineMaterials/Substrate/GLints/dict_16_192_64_0p5_0p02_0046_0005" 5064
"../../../Engine/Content/EngineMaterials/Substrate/GLints/dict_16_192_64_0p5_0p02_0045_0011.uasset" 5065
"../../../Engine/Content/EngineMaterials/Substrate/GLints/dict_16_192_64_0p5_0p02_0045_0012.uasset" 5066
"/Engine/EngineMaterials/Substrate/GLints/dict_16_192_64_0p5_0p02_0045_0014" 5067
"/Engine/EngineMaterials/Substrate/GLints/dict_16_192_64_0p5_0p02_0045_0007" 5068
"/Engine/EngineMaterials/Substrate/GLints/dict_16_192_64_0p5_0p02_0045_0009" 5069
"../../../Engine/Content/EngineMaterials/Substrate/GLints/dict_16_192_64_0p5_0p02_0045_0004.uasset" 5070
"../../../Engine/Content/EngineMaterials/Substrate/GLints/dict_16_192_64_0p5_0p02_0045_0006.uasset" 5071
"../../../Engine/Content/EngineMaterials/Substrate/GLints/dict_16_192_64_0p5_0p02_0045_0003.uasset" 5072
"/Engine/EngineMaterials/Substrate/GLints/dict_16_192_64_0p5_0p02_0045_0008" 5073
"../../../Engine/Content/EngineMaterials/Substrate/GLints/dict_16_192_64_0p5_0p02_0045_0005.uasset" 5074
"/Engine/EngineMaterials/Substrate/GLints/dict_16_192_64_0p5_0p02_0045_0010" 5075
"/Engine/EngineMaterials/Substrate/GLints/dict_16_192_64_0p5_0p02_0045_0011" 5076
"/Engine/EngineMaterials/Substrate/GLints/dict_16_192_64_0p5_0p02_0045_0012" 5077
"/Engine/EngineMaterials/Substrate/GLints/dict_16_192_64_0p5_0p02_0045_0003" 5078
"/Engine/EngineMaterials/Substrate/GLints/dict_16_192_64_0p5_0p02_0045_0004" 5079
"/Engine/EngineMaterials/Substrate/GLints/dict_16_192_64_0p5_0p02_0045_0005" 5080
"/Engine/EngineMaterials/Substrate/GLints/dict_16_192_64_0p5_0p02_0045_0006" 5081
"../../../Engine/Content/EngineMaterials/Substrate/GLints/dict_16_192_64_0p5_0p02_0045_0000.uasset" 5082
"../../../Engine/Content/EngineMaterials/Substrate/GLints/dict_16_192_64_0p5_0p02_0045_0002.uasset" 5083
"/Engine/EngineMaterials/Substrate/GLints/dict_16_192_64_0p5_0p02_0045_0000" 5084
"../../../Engine/Content/EngineMaterials/Substrate/GLints/dict_16_192_64_0p5_0p02_0044_0015.uasset" 5085
"../../../Engine/Content/EngineMaterials/Substrate/GLints/dict_16_192_64_0p5_0p02_0045_0001.uasset" 5086
"../../../Engine/Content/EngineMaterials/Substrate/GLints/dict_16_192_64_0p5_0p02_0044_0013.uasset" 5087
"/Engine/EngineMaterials/Substrate/GLints/dict_16_192_64_0p5_0p02_0045_0002" 5088
"../../../Engine/Content/EngineMaterials/Substrate/GLints/dict_16_192_64_0p5_0p02_0044_0014.uasset" 5089
"../../../Engine/Content/EngineMaterials/Substrate/GLints/dict_16_192_64_0p5_0p02_0050_0012.uasset" 5090
"/Engine/EngineMaterials/Substrate/GLints/dict_16_192_64_0p5_0p02_0044_0015" 5091
"/Engine/EngineMaterials/Substrate/GLints/dict_16_192_64_0p5_0p02_0045_0001" 5092
"/Engine/EngineMaterials/Substrate/GLints/dict_16_192_64_0p5_0p02_0044_0013" 5093
"/Engine/EngineMaterials/Substrate/GLints/dict_16_192_64_0p5_0p02_0050_0012" 5094
"/Engine/EngineMaterials/Substrate/GLints/dict_16_192_64_0p5_0p02_0044_0014" 5095
"../../../Engine/Content/EngineMaterials/Substrate/GLints/dict_16_192_64_0p5_0p02_0044_0012.uasset" 5096
"../../../Engine/Content/EngineMaterials/Substrate/GLints/dict_16_192_64_0p5_0p02_0044_0009.uasset" 5097
"../../../Engine/Content/EngineMaterials/Substrate/GLints/dict_16_192_64_0p5_0p02_0044_0011.uasset" 5098
"../../../Engine/Content/EngineMaterials/Substrate/GLints/dict_16_192_64_0p5_0p02_0044_0010.uasset" 5099
"../../../Engine/Content/EngineMaterials/Substrate/GLints/dict_16_192_64_0p5_0p02_0044_0008.uasset" 5100
"../../../Engine/Content/EngineMaterials/Substrate/GLints/dict_16_192_64_0p5_0p02_0044_0003.uasset" 5101
"../../../Engine/Content/EngineMaterials/Substrate/GLints/dict_16_192_64_0p5_0p02_0044_0005.uasset" 5102
"/Engine/EngineMaterials/Substrate/GLints/dict_16_192_64_0p5_0p02_0044_0005" 5103
"../../../Engine/Content/EngineMaterials/Substrate/GLints/dict_16_192_64_0p5_0p02_0044_0006.uasset" 5104
"/Engine/EngineMaterials/Substrate/GLints/dict_16_192_64_0p5_0p02_0044_0009" 5105
"../../../Engine/Content/EngineMaterials/Substrate/GLints/dict_16_192_64_0p5_0p02_0044_0004.uasset" 5106
"/Engine/EngineMaterials/Substrate/GLints/dict_16_192_64_0p5_0p02_0044_0010" 5107
"/Engine/EngineMaterials/Substrate/GLints/dict_16_192_64_0p5_0p02_0044_0011" 5108
"/Engine/EngineMaterials/Substrate/GLints/dict_16_192_64_0p5_0p02_0044_0012" 5109
"/Engine/EngineMaterials/Substrate/GLints/dict_16_192_64_0p5_0p02_0044_0003" 5110
"/Engine/EngineMaterials/Substrate/GLints/dict_16_192_64_0p5_0p02_0044_0008" 5111
"/Engine/EngineMaterials/Substrate/GLints/dict_16_192_64_0p5_0p02_0044_0004" 5112
"/Engine/EngineMaterials/Substrate/GLints/dict_16_192_64_0p5_0p02_0044_0006" 5113
"../../../Engine/Content/EngineMaterials/Substrate/GLints/dict_16_192_64_0p5_0p02_0044_0001.uasset" 5114
"/Engine/EngineMaterials/Substrate/GLints/dict_16_192_64_0p5_0p02_0044_0001" 5115
"../../../Engine/Content/EngineMaterials/Substrate/GLints/dict_16_192_64_0p5_0p02_0043_0013.uasset" 5116
"../../../Engine/Content/EngineMaterials/Substrate/GLints/dict_16_192_64_0p5_0p02_0043_0015.uasset" 5117
"/Engine/EngineMaterials/Substrate/GLints/dict_16_192_64_0p5_0p02_0043_0013" 5118
"../../../Engine/Content/EngineMaterials/Substrate/GLints/dict_16_192_64_0p5_0p02_0044_0002.uasset" 5119
"../../../Engine/Content/EngineMaterials/Substrate/GLints/dict_16_192_64_0p5_0p02_0044_0000.uasset" 5120
"/Engine/EngineMaterials/Substrate/GLints/dict_16_192_64_0p5_0p02_0043_0015" 5121
"/Engine/EngineMaterials/Substrate/GLints/dict_16_192_64_0p5_0p02_0044_0002" 5122
"/Engine/EngineMaterials/Substrate/GLints/dict_16_192_64_0p5_0p02_0044_0000" 5123
"../../../Engine/Content/EngineMaterials/Substrate/GLints/dict_16_192_64_0p5_0p02_0043_0014.uasset" 5124
"../../../Engine/Content/EngineMaterials/Substrate/GLints/dict_16_192_64_0p5_0p02_0043_0012.uasset" 5125
"../../../Engine/Content/EngineMaterials/Substrate/GLints/dict_16_192_64_0p5_0p02_0043_0010.uasset" 5126
"../../../Engine/Content/EngineMaterials/Substrate/GLints/dict_16_192_64_0p5_0p02_0043_0009.uasset" 5127
"../../../Engine/Content/EngineMaterials/Substrate/GLints/dict_16_192_64_0p5_0p02_0043_0008.uasset" 5128
"../../../Engine/Content/EngineMaterials/Substrate/GLints/dict_16_192_64_0p5_0p02_0043_0011.uasset" 5129
"/Engine/EngineMaterials/Substrate/GLints/dict_16_192_64_0p5_0p02_0043_0008" 5130
"/Engine/EngineMaterials/Substrate/GLints/dict_16_192_64_0p5_0p02_0043_0009" 5131
"../../../Engine/Content/EngineMaterials/Substrate/GLints/dict_16_192_64_0p5_0p02_0043_0006.uasset" 5132
"/Engine/EngineMaterials/Substrate/GLints/dict_16_192_64_0p5_0p02_0043_0010" 5133
"../../../Engine/Content/EngineMaterials/Substrate/GLints/dict_16_192_64_0p5_0p02_0043_0007.uasset" 5134
"/Engine/EngineMaterials/Substrate/GLints/dict_16_192_64_0p5_0p02_0043_0011" 5135
"../../../Engine/Content/EngineMaterials/Substrate/GLints/dict_16_192_64_0p5_0p02_0043_0004.uasset" 5136
"../../../Engine/Content/EngineMaterials/Substrate/GLints/dict_16_192_64_0p5_0p02_0043_0005.uasset" 5137
"/Engine/EngineMaterials/Substrate/GLints/dict_16_192_64_0p5_0p02_0043_0012" 5138
"/Engine/EngineMaterials/Substrate/GLints/dict_16_192_64_0p5_0p02_0043_0014" 5139
"/Engine/EngineMaterials/Substrate/GLints/dict_16_192_64_0p5_0p02_0043_0005" 5140
"../../../Engine/Content/EngineMaterials/Substrate/GLints/dict_16_192_64_0p5_0p02_0043_0003.uasset" 5141
"/Engine/EngineMaterials/Substrate/GLints/dict_16_192_64_0p5_0p02_0043_0006" 5142
"/Engine/EngineMaterials/Substrate/GLints/dict_16_192_64_0p5_0p02_0043_0007" 5143
"/Engine/EngineMaterials/Substrate/GLints/dict_16_192_64_0p5_0p02_0043_0004" 5144
"/Engine/EngineMaterials/Substrate/GLints/dict_16_192_64_0p5_0p02_0043_0003" 5145
"../../../Engine/Content/EngineMaterials/Substrate/GLints/dict_16_192_64_0p5_0p02_0043_0001.uasset" 5146
"../../../Engine/Content/EngineMaterials/Substrate/GLints/dict_16_192_64_0p5_0p02_0042_0015.uasset" 5147
"../../../Engine/Content/EngineMaterials/Substrate/GLints/dict_16_192_64_0p5_0p02_0043_0000.uasset" 5148
"../../../Engine/Content/EngineMaterials/Substrate/GLints/dict_16_192_64_0p5_0p02_0042_0013.uasset" 5149
"../../../Engine/Content/EngineMaterials/Substrate/GLints/dict_16_192_64_0p5_0p02_0043_0002.uasset" 5150
"../../../Engine/Content/EngineMaterials/Substrate/GLints/dict_16_192_64_0p5_0p02_0042_0014.uasset" 5151
"../../../Engine/Content/EngineMaterials/Substrate/GLints/dict_16_192_64_0p5_0p02_0042_0012.uasset" 5152
"../../../Engine/Content/EngineMaterials/Substrate/GLints/dict_16_192_64_0p5_0p02_0042_0010.uasset" 5153
"../../../Engine/Content/EngineMaterials/Substrate/GLints/dict_16_192_64_0p5_0p02_0042_0011.uasset" 5154
"/Engine/EngineMaterials/Substrate/GLints/dict_16_192_64_0p5_0p02_0043_0001" 5155
"/Engine/EngineMaterials/Substrate/GLints/dict_16_192_64_0p5_0p02_0042_0010" 5156
"/Engine/EngineMaterials/Substrate/GLints/dict_16_192_64_0p5_0p02_0043_0002" 5157
"/Engine/EngineMaterials/Substrate/GLints/dict_16_192_64_0p5_0p02_0042_0011" 5158
"../../../Engine/Content/EngineMaterials/Substrate/GLints/dict_16_192_64_0p5_0p02_0042_0009.uasset" 5159
"/Engine/EngineMaterials/Substrate/GLints/dict_16_192_64_0p5_0p02_0042_0014" 5160
"/Engine/EngineMaterials/Substrate/GLints/dict_16_192_64_0p5_0p02_0042_0012" 5161
"/Engine/EngineMaterials/Substrate/GLints/dict_16_192_64_0p5_0p02_0042_0015" 5162
"/Engine/EngineMaterials/Substrate/GLints/dict_16_192_64_0p5_0p02_0043_0000" 5163
"/Engine/EngineMaterials/Substrate/GLints/dict_16_192_64_0p5_0p02_0042_0013" 5164
"/Engine/EngineMaterials/Substrate/GLints/dict_16_192_64_0p5_0p02_0042_0009" 5165
"../../../Engine/Content/EngineMaterials/Substrate/GLints/dict_16_192_64_0p5_0p02_0042_0008.uasset" 5166
"/Engine/EngineMaterials/Substrate/GLints/dict_16_192_64_0p5_0p02_0042_0008" 5167
"../../../Engine/Content/EngineMaterials/Substrate/GLints/dict_16_192_64_0p5_0p02_0042_0006.uasset" 5168
"../../../Engine/Content/EngineMaterials/Substrate/GLints/dict_16_192_64_0p5_0p02_0042_0004.uasset" 5169
"/Engine/EngineMaterials/Substrate/GLints/dict_16_192_64_0p5_0p02_0042_0006" 5170
"../../../Engine/Content/EngineMaterials/Substrate/GLints/dict_16_192_64_0p5_0p02_0042_0005.uasset" 5171
"../../../Engine/Content/EngineMaterials/Substrate/GLints/dict_16_192_64_0p5_0p02_0042_0003.uasset" 5172
"../../../Engine/Content/EngineMaterials/Substrate/GLints/dict_16_192_64_0p5_0p02_0042_0001.uasset" 5173
"../../../Engine/Content/EngineMaterials/Substrate/GLints/dict_16_192_64_0p5_0p02_0042_0007.uasset" 5174
"../../../Engine/Content/EngineMaterials/Substrate/GLints/dict_16_192_64_0p5_0p02_0042_0002.uasset" 5175
"../../../Engine/Content/EngineMaterials/Substrate/GLints/dict_16_192_64_0p5_0p02_0042_0000.uasset" 5176
"../../../Engine/Content/EngineMaterials/Substrate/GLints/dict_16_192_64_0p5_0p02_0041_0015.uasset" 5177
"/Engine/EngineMaterials/Substrate/GLints/dict_16_192_64_0p5_0p02_0042_0007" 5178
"../../../Engine/Content/EngineMaterials/Substrate/GLints/dict_16_192_64_0p5_0p02_0041_0014.uasset" 5179
"/Engine/EngineMaterials/Substrate/GLints/dict_16_192_64_0p5_0p02_0042_0003" 5180
"/Engine/EngineMaterials/Substrate/GLints/dict_16_192_64_0p5_0p02_0041_0015" 5181
"/Engine/EngineMaterials/Substrate/GLints/dict_16_192_64_0p5_0p02_0042_0001" 5182
"/Engine/EngineMaterials/Substrate/GLints/dict_16_192_64_0p5_0p02_0042_0000" 5183
"/Engine/EngineMaterials/Substrate/GLints/dict_16_192_64_0p5_0p02_0042_0004" 5184
"/Engine/EngineMaterials/Substrate/GLints/dict_16_192_64_0p5_0p02_0042_0002" 5185
"../../../Engine/Content/EngineMaterials/Substrate/GLints/dict_16_192_64_0p5_0p02_0041_0013.uasset" 5186
"../../../Engine/Content/EngineMaterials/Substrate/GLints/dict_16_192_64_0p5_0p02_0041_0009.uasset" 5187
"/Engine/EngineMaterials/Substrate/GLints/dict_16_192_64_0p5_0p02_0042_0005" 5188
"/Engine/EngineMaterials/Substrate/GLints/dict_16_192_64_0p5_0p02_0041_0013" 5189
"../../../Engine/Content/EngineMaterials/Substrate/GLints/dict_16_192_64_0p5_0p02_0041_0011.uasset" 5190
"/Engine/EngineMaterials/Substrate/GLints/dict_16_192_64_0p5_0p02_0041_0014" 5191
"/Engine/EngineMaterials/Substrate/GLints/dict_16_192_64_0p5_0p02_0041_0009" 5192
"/Engine/EngineMaterials/Substrate/GLints/dict_16_192_64_0p5_0p02_0041_0011" 5193
"../../../Engine/Content/EngineMaterials/Substrate/GLints/dict_16_192_64_0p5_0p02_0041_0012.uasset" 5194
"../../../Engine/Content/EngineMaterials/Substrate/GLints/dict_16_192_64_0p5_0p02_0047_0013.uasset" 5195
"../../../Engine/Content/EngineMaterials/Substrate/GLints/dict_16_192_64_0p5_0p02_0041_0010.uasset" 5196
"../../../Engine/Content/EngineMaterials/Substrate/GLints/dict_16_192_64_0p5_0p02_0041_0008.uasset" 5197
"/Engine/EngineMaterials/Substrate/GLints/dict_16_192_64_0p5_0p02_0041_0010" 5198
"../../../Engine/Content/EngineMaterials/Substrate/GLints/dict_16_192_64_0p5_0p02_0041_0006.uasset" 5199
"/Engine/EngineMaterials/Substrate/GLints/dict_16_192_64_0p5_0p02_0041_0012" 5200
"/Engine/EngineMaterials/Substrate/GLints/dict_16_192_64_0p5_0p02_0047_0013" 5201
"../../../Engine/Content/EngineMaterials/Substrate/GLints/dict_16_192_64_0p5_0p02_0041_0005.uasset" 5202
"/Engine/EngineMaterials/Substrate/GLints/dict_16_192_64_0p5_0p02_0041_0006" 5203
"/Engine/EngineMaterials/Substrate/GLints/dict_16_192_64_0p5_0p02_0041_0008" 5204
"/Engine/EngineMaterials/Substrate/GLints/dict_16_192_64_0p5_0p02_0041_0005" 5205
"../../../Engine/Content/EngineMaterials/Substrate/GLints/dict_16_192_64_0p5_0p02_0041_0007.uasset" 5206
"/Engine/EngineMaterials/Substrate/GLints/dict_16_192_64_0p5_0p02_0041_0007" 5207
"../../../Engine/Content/EngineMaterials/Substrate/GLints/dict_16_192_64_0p5_0p02_0041_0000.uasset" 5208
"../../../Engine/Content/EngineMaterials/Substrate/GLints/dict_16_192_64_0p5_0p02_0041_0001.uasset" 5209
"../../../Engine/Content/EngineMaterials/Substrate/GLints/dict_16_192_64_0p5_0p02_0041_0002.uasset" 5210
"../../../Engine/Content/EngineMaterials/Substrate/GLints/dict_16_192_64_0p5_0p02_0041_0004.uasset" 5211
"../../../Engine/Content/EngineMaterials/Substrate/GLints/dict_16_192_64_0p5_0p02_0040_0014.uasset" 5212
"/Engine/EngineMaterials/Substrate/GLints/dict_16_192_64_0p5_0p02_0040_0014" 5213
"../../../Engine/Content/EngineMaterials/Substrate/GLints/dict_16_192_64_0p5_0p02_0040_0015.uasset" 5214
"/Engine/EngineMaterials/Substrate/GLints/dict_16_192_64_0p5_0p02_0041_0000" 5215
"/Engine/EngineMaterials/Substrate/GLints/dict_16_192_64_0p5_0p02_0041_0001" 5216
"../../../Engine/Content/EngineMaterials/Substrate/GLints/dict_16_192_64_0p5_0p02_0040_0012.uasset" 5217
"../../../Engine/Content/EngineMaterials/Substrate/GLints/dict_16_192_64_0p5_0p02_0040_0011.uasset" 5218
"/Engine/EngineMaterials/Substrate/GLints/dict_16_192_64_0p5_0p02_0041_0002" 5219
"../../../Engine/Content/EngineMaterials/Substrate/GLints/dict_16_192_64_0p5_0p02_0040_0013.uasset" 5220
"/Engine/EngineMaterials/Substrate/GLints/dict_16_192_64_0p5_0p02_0041_0004" 5221
"../../../Engine/Content/EngineMaterials/Substrate/GLints/dict_16_192_64_0p5_0p02_0040_0010.uasset" 5222
"/Engine/EngineMaterials/Substrate/GLints/dict_16_192_64_0p5_0p02_0040_0012" 5223
"/Engine/EngineMaterials/Substrate/GLints/dict_16_192_64_0p5_0p02_0040_0010" 5224
"/Engine/EngineMaterials/Substrate/GLints/dict_16_192_64_0p5_0p02_0040_0011" 5225
"/Engine/EngineMaterials/Substrate/GLints/dict_16_192_64_0p5_0p02_0040_0013" 5226
"/Engine/EngineMaterials/Substrate/GLints/dict_16_192_64_0p5_0p02_0040_0015" 5227
"../../../Engine/Content/EngineMaterials/Substrate/GLints/dict_16_192_64_0p5_0p02_0040_0005.uasset" 5228
"../../../Engine/Content/EngineMaterials/Substrate/GLints/dict_16_192_64_0p5_0p02_0040_0007.uasset" 5229
"../../../Engine/Content/EngineMaterials/Substrate/GLints/dict_16_192_64_0p5_0p02_0040_0006.uasset" 5230
"../../../Engine/Content/EngineMaterials/Substrate/GLints/dict_16_192_64_0p5_0p02_0040_0009.uasset" 5231
"../../../Engine/Content/EngineMaterials/Substrate/GLints/dict_16_192_64_0p5_0p02_0040_0004.uasset" 5232
"../../../Engine/Content/EngineMaterials/Substrate/GLints/dict_16_192_64_0p5_0p02_0040_0008.uasset" 5233
"../../../Engine/Content/EngineMaterials/Substrate/GLints/dict_16_192_64_0p5_0p02_0040_0003.uasset" 5234
"../../../Engine/Content/EngineMaterials/Substrate/GLints/dict_16_192_64_0p5_0p02_0040_0001.uasset" 5235
"../../../Engine/Content/EngineMaterials/Substrate/GLints/dict_16_192_64_0p5_0p02_0040_0002.uasset" 5236
"/Engine/EngineMaterials/Substrate/GLints/dict_16_192_64_0p5_0p02_0040_0001" 5237
"../../../Engine/Content/EngineMaterials/Substrate/GLints/dict_16_192_64_0p5_0p02_0039_0015.uasset" 5238
"/Engine/EngineMaterials/Substrate/GLints/dict_16_192_64_0p5_0p02_0040_0002" 5239
"/Engine/EngineMaterials/Substrate/GLints/dict_16_192_64_0p5_0p02_0040_0003" 5240
"/Engine/EngineMaterials/Substrate/GLints/dict_16_192_64_0p5_0p02_0040_0004" 5241
"/Engine/EngineMaterials/Substrate/GLints/dict_16_192_64_0p5_0p02_0040_0005" 5242
"/Engine/EngineMaterials/Substrate/GLints/dict_16_192_64_0p5_0p02_0040_0006" 5243
"/Engine/EngineMaterials/Substrate/GLints/dict_16_192_64_0p5_0p02_0040_0007" 5244
"../../../Engine/Content/EngineMaterials/Substrate/GLints/dict_16_192_64_0p5_0p02_0040_0000.uasset" 5245
"/Engine/EngineMaterials/Substrate/GLints/dict_16_192_64_0p5_0p02_0040_0008" 5246
"../../../Engine/Content/EngineMaterials/Substrate/GLints/dict_16_192_64_0p5_0p02_0039_0014.uasset" 5247
"/Engine/EngineMaterials/Substrate/GLints/dict_16_192_64_0p5_0p02_0040_0009" 5248
"/Engine/EngineMaterials/Substrate/GLints/dict_16_192_64_0p5_0p02_0039_0014" 5249
"/Engine/EngineMaterials/Substrate/GLints/dict_16_192_64_0p5_0p02_0039_0015" 5250
"../../../Engine/Content/EngineMaterials/Substrate/GLints/dict_16_192_64_0p5_0p02_0039_0013.uasset" 5251
"../../../Engine/Content/EngineMaterials/Substrate/GLints/dict_16_192_64_0p5_0p02_0039_0012.uasset" 5252
"../../../Engine/Content/EngineMaterials/Substrate/GLints/dict_16_192_64_0p5_0p02_0039_0011.uasset" 5253
"/Engine/EngineMaterials/Substrate/GLints/dict_16_192_64_0p5_0p02_0040_0000" 5254
"/Engine/EngineMaterials/Substrate/GLints/dict_16_192_64_0p5_0p02_0039_0013" 5255
"../../../Engine/Content/EngineMaterials/Substrate/GLints/dict_16_192_64_0p5_0p02_0039_0010.uasset" 5256
"/Engine/EngineMaterials/Substrate/GLints/dict_16_192_64_0p5_0p02_0039_0011" 5257
"/Engine/EngineMaterials/Substrate/GLints/dict_16_192_64_0p5_0p02_0039_0012" 5258
"/Engine/EngineMaterials/Substrate/GLints/dict_16_192_64_0p5_0p02_0039_0010" 5259
"../../../Engine/Content/EngineMaterials/Substrate/GLints/dict_16_192_64_0p5_0p02_0039_0005.uasset" 5260
"../../../Engine/Content/EngineMaterials/Substrate/GLints/dict_16_192_64_0p5_0p02_0039_0006.uasset" 5261
"../../../Engine/Content/EngineMaterials/Substrate/GLints/dict_16_192_64_0p5_0p02_0039_0009.uasset" 5262
"../../../Engine/Content/EngineMaterials/Substrate/GLints/dict_16_192_64_0p5_0p02_0039_0003.uasset" 5263
"../../../Engine/Content/EngineMaterials/Substrate/GLints/dict_16_192_64_0p5_0p02_0039_0004.uasset" 5264
"../../../Engine/Content/EngineMaterials/Substrate/GLints/dict_16_192_64_0p5_0p02_0039_0008.uasset" 5265
"../../../Engine/Content/EngineMaterials/Substrate/GLints/dict_16_192_64_0p5_0p02_0039_0002.uasset" 5266
"/Engine/EngineMaterials/Substrate/GLints/dict_16_192_64_0p5_0p02_0039_0006" 5267
"../../../Engine/Content/EngineMaterials/Substrate/GLints/dict_16_192_64_0p5_0p02_0039_0001.uasset" 5268
"/Engine/EngineMaterials/Substrate/GLints/dict_16_192_64_0p5_0p02_0039_0008" 5269
"/Engine/EngineMaterials/Substrate/GLints/dict_16_192_64_0p5_0p02_0039_0002" 5270
"/Engine/EngineMaterials/Substrate/GLints/dict_16_192_64_0p5_0p02_0039_0003" 5271
"/Engine/EngineMaterials/Substrate/GLints/dict_16_192_64_0p5_0p02_0039_0004" 5272
"/Engine/EngineMaterials/Substrate/GLints/dict_16_192_64_0p5_0p02_0039_0009" 5273
"../../../Engine/Content/EngineMaterials/Substrate/GLints/dict_16_192_64_0p5_0p02_0038_0015.uasset" 5274
"../../../Engine/Content/EngineMaterials/Substrate/GLints/dict_16_192_64_0p5_0p02_0038_0014.uasset" 5275
"/Engine/EngineMaterials/Substrate/GLints/dict_16_192_64_0p5_0p02_0039_0005" 5276
"/Engine/EngineMaterials/Substrate/GLints/dict_16_192_64_0p5_0p02_0038_0014" 5277
"/Engine/EngineMaterials/Substrate/GLints/dict_16_192_64_0p5_0p02_0038_0015" 5278
"../../../Engine/Content/EngineMaterials/Substrate/GLints/dict_16_192_64_0p5_0p02_0039_0000.uasset" 5279
"/Engine/EngineMaterials/Substrate/GLints/dict_16_192_64_0p5_0p02_0039_0001" 5280
"../../../Engine/Content/EngineMaterials/Substrate/GLints/dict_16_192_64_0p5_0p02_0038_0012.uasset" 5281
"../../../Engine/Content/EngineMaterials/Substrate/GLints/dict_16_192_64_0p5_0p02_0038_0011.uasset" 5282
"/Engine/EngineMaterials/Substrate/GLints/dict_16_192_64_0p5_0p02_0038_0012" 5283
"../../../Engine/Content/EngineMaterials/Substrate/GLints/dict_16_192_64_0p5_0p02_0038_0013.uasset" 5284
"/Engine/EngineMaterials/Substrate/GLints/dict_16_192_64_0p5_0p02_0039_0000" 5285
"/Engine/EngineMaterials/Substrate/GLints/dict_16_192_64_0p5_0p02_0038_0011" 5286
"/Engine/EngineMaterials/Substrate/GLints/dict_16_192_64_0p5_0p02_0038_0013" 5287
"../../../Engine/Content/EngineMaterials/Substrate/GLints/dict_16_192_64_0p5_0p02_0038_0010.uasset" 5288
"../../../Engine/Content/EngineMaterials/Substrate/GLints/dict_16_192_64_0p5_0p02_0038_0009.uasset" 5289
"../../../Engine/Content/EngineMaterials/Substrate/GLints/dict_16_192_64_0p5_0p02_0038_0008.uasset" 5290
"../../../Engine/Content/EngineMaterials/Substrate/GLints/dict_16_192_64_0p5_0p02_0038_0007.uasset" 5291
"../../../Engine/Content/EngineMaterials/Substrate/GLints/dict_16_192_64_0p5_0p02_0038_0006.uasset" 5292
"../../../Engine/Content/EngineMaterials/Substrate/GLints/dict_16_192_64_0p5_0p02_0038_0003.uasset" 5293
"../../../Engine/Content/EngineMaterials/Substrate/GLints/dict_16_192_64_0p5_0p02_0038_0004.uasset" 5294
"/Engine/EngineMaterials/Substrate/GLints/dict_16_192_64_0p5_0p02_0038_0003" 5295
"../../../Engine/Content/EngineMaterials/Substrate/GLints/dict_16_192_64_0p5_0p02_0038_0005.uasset" 5296
"/Engine/EngineMaterials/Substrate/GLints/dict_16_192_64_0p5_0p02_0038_0004" 5297
"/Engine/EngineMaterials/Substrate/GLints/dict_16_192_64_0p5_0p02_0038_0006" 5298
"/Engine/EngineMaterials/Substrate/GLints/dict_16_192_64_0p5_0p02_0038_0007" 5299
"../../../Engine/Content/EngineMaterials/Substrate/GLints/dict_16_192_64_0p5_0p02_0038_0001.uasset" 5300
"/Engine/EngineMaterials/Substrate/GLints/dict_16_192_64_0p5_0p02_0038_0008" 5301
"/Engine/EngineMaterials/Substrate/GLints/dict_16_192_64_0p5_0p02_0038_0009" 5302
"../../../Engine/Content/EngineMaterials/Substrate/GLints/dict_16_192_64_0p5_0p02_0038_0000.uasset" 5303
"/Engine/EngineMaterials/Substrate/GLints/dict_16_192_64_0p5_0p02_0038_0010" 5304
"../../../Engine/Content/EngineMaterials/Substrate/GLints/dict_16_192_64_0p5_0p02_0037_0015.uasset" 5305
"../../../Engine/Content/EngineMaterials/Substrate/GLints/dict_16_192_64_0p5_0p02_0038_0002.uasset" 5306
"/Engine/EngineMaterials/Substrate/GLints/dict_16_192_64_0p5_0p02_0038_0000" 5307
"../../../Engine/Content/EngineMaterials/Substrate/GLints/dict_16_192_64_0p5_0p02_0037_0014.uasset" 5308
"/Engine/EngineMaterials/Substrate/GLints/dict_16_192_64_0p5_0p02_0038_0001" 5309
"/Engine/EngineMaterials/Substrate/GLints/dict_16_192_64_0p5_0p02_0038_0005" 5310
"/Engine/EngineMaterials/Substrate/GLints/dict_16_192_64_0p5_0p02_0037_0015" 5311
"/Engine/EngineMaterials/Substrate/GLints/dict_16_192_64_0p5_0p02_0037_0014" 5312
"../../../Engine/Content/EngineMaterials/Substrate/GLints/dict_16_192_64_0p5_0p02_0037_0012.uasset" 5313
"/Engine/EngineMaterials/Substrate/GLints/dict_16_192_64_0p5_0p02_0038_0002" 5314
"/Engine/EngineMaterials/Substrate/GLints/dict_16_192_64_0p5_0p02_0037_0012" 5315
"../../../Engine/Content/EngineMaterials/Substrate/GLints/dict_16_192_64_0p5_0p02_0037_0013.uasset" 5316
"../../../Engine/Content/EngineMaterials/Substrate/GLints/dict_16_192_64_0p5_0p02_0037_0011.uasset" 5317
"../../../Engine/Content/EngineMaterials/Substrate/GLints/dict_16_192_64_0p5_0p02_0037_0009.uasset" 5318
"../../../Engine/Content/EngineMaterials/Substrate/GLints/dict_16_192_64_0p5_0p02_0037_0010.uasset" 5319
"../../../Engine/Content/EngineMaterials/Substrate/GLints/dict_16_192_64_0p5_0p02_0037_0007.uasset" 5320
"/Engine/EngineMaterials/Substrate/GLints/dict_16_192_64_0p5_0p02_0037_0013" 5321
"/Engine/EngineMaterials/Substrate/GLints/dict_16_192_64_0p5_0p02_0037_0007" 5322
"../../../Engine/Content/EngineMaterials/Substrate/GLints/dict_16_192_64_0p5_0p02_0037_0005.uasset" 5323
"../../../Engine/Content/EngineMaterials/Substrate/GLints/dict_16_192_64_0p5_0p02_0037_0004.uasset" 5324
"../../../Engine/Content/EngineMaterials/Substrate/GLints/dict_16_192_64_0p5_0p02_0037_0008.uasset" 5325
"/Engine/EngineMaterials/Substrate/GLints/dict_16_192_64_0p5_0p02_0037_0009" 5326
"../../../Engine/Content/EngineMaterials/Substrate/GLints/dict_16_192_64_0p5_0p02_0037_0006.uasset" 5327
"/Engine/EngineMaterials/Substrate/GLints/dict_16_192_64_0p5_0p02_0037_0010" 5328
"/Engine/EngineMaterials/Substrate/GLints/dict_16_192_64_0p5_0p02_0037_0011" 5329
"/Engine/EngineMaterials/Substrate/GLints/dict_16_192_64_0p5_0p02_0037_0005" 5330
"/Engine/EngineMaterials/Substrate/GLints/dict_16_192_64_0p5_0p02_0037_0006" 5331
"/Engine/EngineMaterials/Substrate/GLints/dict_16_192_64_0p5_0p02_0037_0004" 5332
"/Engine/EngineMaterials/Substrate/GLints/dict_16_192_64_0p5_0p02_0037_0008" 5333
"../../../Engine/Content/EngineMaterials/Substrate/GLints/dict_16_192_64_0p5_0p02_0037_0002.uasset" 5334
"../../../Engine/Content/EngineMaterials/Substrate/GLints/dict_16_192_64_0p5_0p02_0036_0015.uasset" 5335
"../../../Engine/Content/EngineMaterials/Substrate/GLints/dict_16_192_64_0p5_0p02_0036_0014.uasset" 5336
"../../../Engine/Content/EngineMaterials/Substrate/GLints/dict_16_192_64_0p5_0p02_0037_0003.uasset" 5337
"../../../Engine/Content/EngineMaterials/Substrate/GLints/dict_16_192_64_0p5_0p02_0036_0013.uasset" 5338
"/Engine/EngineMaterials/Substrate/GLints/dict_16_192_64_0p5_0p02_0036_0015" 5339
"../../../Engine/Content/EngineMaterials/Substrate/GLints/dict_16_192_64_0p5_0p02_0036_0012.uasset" 5340
"../../../Engine/Content/EngineMaterials/Substrate/GLints/dict_16_192_64_0p5_0p02_0036_0011.uasset" 5341
"/Engine/EngineMaterials/Substrate/GLints/dict_16_192_64_0p5_0p02_0036_0013" 5342
"/Engine/EngineMaterials/Substrate/GLints/dict_16_192_64_0p5_0p02_0036_0014" 5343
"/Engine/EngineMaterials/Substrate/GLints/dict_16_192_64_0p5_0p02_0037_0002" 5344
"/Engine/EngineMaterials/Substrate/GLints/dict_16_192_64_0p5_0p02_0037_0003" 5345
"/Engine/EngineMaterials/Substrate/GLints/dict_16_192_64_0p5_0p02_0036_0011" 5346
"/Engine/EngineMaterials/Substrate/GLints/dict_16_192_64_0p5_0p02_0036_0012" 5347
"../../../Engine/Content/EngineMaterials/Substrate/GLints/dict_16_192_64_0p5_0p02_0037_0001.uasset" 5348
"../../../Engine/Content/EngineMaterials/Substrate/GLints/dict_16_192_64_0p5_0p02_0036_0007.uasset" 5349
"../../../Engine/Content/EngineMaterials/Substrate/GLints/dict_16_192_64_0p5_0p02_0036_0009.uasset" 5350
"../../../Engine/Content/EngineMaterials/Substrate/GLints/dict_16_192_64_0p5_0p02_0036_0008.uasset" 5351
"../../../Engine/Content/EngineMaterials/Substrate/GLints/dict_16_192_64_0p5_0p02_0037_0000.uasset" 5352
"../../../Engine/Content/EngineMaterials/Substrate/GLints/dict_16_192_64_0p5_0p02_0036_0010.uasset" 5353
"/Engine/EngineMaterials/Substrate/GLints/dict_16_192_64_0p5_0p02_0036_0007" 5354
"../../../Engine/Content/EngineMaterials/Substrate/GLints/dict_16_192_64_0p5_0p02_0036_0004.uasset" 5355
"../../../Engine/Content/EngineMaterials/Substrate/GLints/dict_16_192_64_0p5_0p02_0036_0005.uasset" 5356
"/Engine/EngineMaterials/Substrate/GLints/dict_16_192_64_0p5_0p02_0036_0008" 5357
"../../../Engine/Content/EngineMaterials/Substrate/GLints/dict_16_192_64_0p5_0p02_0036_0006.uasset" 5358
"/Engine/EngineMaterials/Substrate/GLints/dict_16_192_64_0p5_0p02_0036_0009" 5359
"/Engine/EngineMaterials/Substrate/GLints/dict_16_192_64_0p5_0p02_0036_0010" 5360
"/Engine/EngineMaterials/Substrate/GLints/dict_16_192_64_0p5_0p02_0037_0000" 5361
"/Engine/EngineMaterials/Substrate/GLints/dict_16_192_64_0p5_0p02_0037_0001" 5362
"/Engine/EngineMaterials/Substrate/GLints/dict_16_192_64_0p5_0p02_0036_0004" 5363
"/Engine/EngineMaterials/Substrate/GLints/dict_16_192_64_0p5_0p02_0036_0005" 5364
"/Engine/EngineMaterials/Substrate/GLints/dict_16_192_64_0p5_0p02_0036_0006" 5365
"../../../Engine/Content/EngineMaterials/Substrate/GLints/dict_16_192_64_0p5_0p02_0036_0000.uasset" 5366
"../../../Engine/Content/EngineMaterials/Substrate/GLints/dict_16_192_64_0p5_0p02_0035_0014.uasset" 5367
"../../../Engine/Content/EngineMaterials/Substrate/GLints/dict_16_192_64_0p5_0p02_0036_0001.uasset" 5368
"../../../Engine/Content/EngineMaterials/Substrate/GLints/dict_16_192_64_0p5_0p02_0036_0003.uasset" 5369
"../../../Engine/Content/EngineMaterials/Substrate/GLints/dict_16_192_64_0p5_0p02_0036_0002.uasset" 5370
"../../../Engine/Content/EngineMaterials/Substrate/GLints/dict_16_192_64_0p5_0p02_0035_0011.uasset" 5371
"../../../Engine/Content/EngineMaterials/Substrate/GLints/dict_16_192_64_0p5_0p02_0035_0012.uasset" 5372
"../../../Engine/Content/EngineMaterials/Substrate/GLints/dict_16_192_64_0p5_0p02_0035_0013.uasset" 5373
"/Engine/EngineMaterials/Substrate/GLints/dict_16_192_64_0p5_0p02_0036_0000" 5374
"../../../Engine/Content/EngineMaterials/Substrate/GLints/dict_16_192_64_0p5_0p02_0035_0015.uasset" 5375
"/Engine/EngineMaterials/Substrate/GLints/dict_16_192_64_0p5_0p02_0035_0011" 5376
"/Engine/EngineMaterials/Substrate/GLints/dict_16_192_64_0p5_0p02_0036_0001" 5377
"/Engine/EngineMaterials/Substrate/GLints/dict_16_192_64_0p5_0p02_0036_0003" 5378
"/Engine/EngineMaterials/Substrate/GLints/dict_16_192_64_0p5_0p02_0036_0002" 5379
"/Engine/EngineMaterials/Substrate/GLints/dict_16_192_64_0p5_0p02_0035_0014" 5380
"/Engine/EngineMaterials/Substrate/GLints/dict_16_192_64_0p5_0p02_0035_0012" 5381
"/Engine/EngineMaterials/Substrate/GLints/dict_16_192_64_0p5_0p02_0035_0013" 5382
"../../../Engine/Content/EngineMaterials/Substrate/GLints/dict_16_192_64_0p5_0p02_0035_0008.uasset" 5383
"../../../Engine/Content/EngineMaterials/Substrate/GLints/dict_16_192_64_0p5_0p02_0035_0009.uasset" 5384
"/Engine/EngineMaterials/Substrate/GLints/dict_16_192_64_0p5_0p02_0035_0015" 5385
"/Engine/EngineMaterials/Substrate/GLints/dict_16_192_64_0p5_0p02_0035_0008" 5386
"/Engine/EngineMaterials/Substrate/GLints/dict_16_192_64_0p5_0p02_0035_0009" 5387
"../../../Engine/Content/EngineMaterials/Substrate/GLints/dict_16_192_64_0p5_0p02_0035_0007.uasset" 5388
"/Engine/EngineMaterials/Substrate/GLints/dict_16_192_64_0p5_0p02_0035_0007" 5389
"../../../Engine/Content/EngineMaterials/Substrate/GLints/dict_16_192_64_0p5_0p02_0035_0006.uasset" 5390
"/Engine/EngineMaterials/Substrate/GLints/dict_16_192_64_0p5_0p02_0035_0006" 5391
"../../../Engine/Content/EngineMaterials/Substrate/GLints/dict_16_192_64_0p5_0p02_0035_0003.uasset" 5392
"../../../Engine/Content/EngineMaterials/Substrate/GLints/dict_16_192_64_0p5_0p02_0035_0010.uasset" 5393
"../../../Engine/Content/EngineMaterials/Substrate/GLints/dict_16_192_64_0p5_0p02_0035_0000.uasset" 5394
"/Engine/EngineMaterials/Substrate/GLints/dict_16_192_64_0p5_0p02_0035_0003" 5395
"../../../Engine/Content/EngineMaterials/Substrate/GLints/dict_16_192_64_0p5_0p02_0035_0001.uasset" 5396
"/Engine/EngineMaterials/Substrate/GLints/dict_16_192_64_0p5_0p02_0035_0010" 5397
"/Engine/EngineMaterials/Substrate/GLints/dict_16_192_64_0p5_0p02_0035_0000" 5398
"/Engine/EngineMaterials/Substrate/GLints/dict_16_192_64_0p5_0p02_0035_0001" 5399
"../../../Engine/Content/EngineMaterials/Substrate/GLints/dict_16_192_64_0p5_0p02_0035_0002.uasset" 5400
"/Engine/EngineMaterials/Substrate/GLints/dict_16_192_64_0p5_0p02_0035_0002" 5401
"../../../Engine/Content/EngineMaterials/Substrate/GLints/dict_16_192_64_0p5_0p02_0035_0005.uasset" 5402
"../../../Engine/Content/EngineMaterials/Substrate/GLints/dict_16_192_64_0p5_0p02_0035_0004.uasset" 5403
"../../../Engine/Content/EngineMaterials/Substrate/GLints/dict_16_192_64_0p5_0p02_0034_0015.uasset" 5404
"../../../Engine/Content/EngineMaterials/Substrate/GLints/dict_16_192_64_0p5_0p02_0034_0013.uasset" 5405
"../../../Engine/Content/EngineMaterials/Substrate/GLints/dict_16_192_64_0p5_0p02_0034_0014.uasset" 5406
"../../../Engine/Content/EngineMaterials/Substrate/GLints/dict_16_192_64_0p5_0p02_0034_0012.uasset" 5407
"/Engine/EngineMaterials/Substrate/GLints/dict_16_192_64_0p5_0p02_0034_0012" 5408
"/Engine/EngineMaterials/Substrate/GLints/dict_16_192_64_0p5_0p02_0034_0013" 5409
"../../../Engine/Content/EngineMaterials/Substrate/GLints/dict_16_192_64_0p5_0p02_0034_0009.uasset" 5410
"../../../Engine/Content/EngineMaterials/Substrate/GLints/dict_16_192_64_0p5_0p02_0034_0010.uasset" 5411
"/Engine/EngineMaterials/Substrate/GLints/dict_16_192_64_0p5_0p02_0035_0004" 5412
"/Engine/EngineMaterials/Substrate/GLints/dict_16_192_64_0p5_0p02_0035_0005" 5413
"/Engine/EngineMaterials/Substrate/GLints/dict_16_192_64_0p5_0p02_0034_0014" 5414
"../../../Engine/Content/EngineMaterials/Substrate/GLints/dict_16_192_64_0p5_0p02_0034_0006.uasset" 5415
"../../../Engine/Content/EngineMaterials/Substrate/GLints/dict_16_192_64_0p5_0p02_0034_0007.uasset" 5416
"../../../Engine/Content/EngineMaterials/Substrate/GLints/dict_16_192_64_0p5_0p02_0034_0008.uasset" 5417
"/Engine/EngineMaterials/Substrate/GLints/dict_16_192_64_0p5_0p02_0034_0015" 5418
"/Engine/EngineMaterials/Substrate/GLints/dict_16_192_64_0p5_0p02_0034_0010" 5419
"../../../Engine/Content/EngineMaterials/Substrate/GLints/dict_16_192_64_0p5_0p02_0034_0005.uasset" 5420
"/Engine/EngineMaterials/Substrate/GLints/dict_16_192_64_0p5_0p02_0034_0007" 5421
"/Engine/EngineMaterials/Substrate/GLints/dict_16_192_64_0p5_0p02_0034_0009" 5422
"../../../Engine/Content/EngineMaterials/Substrate/GLints/dict_16_192_64_0p5_0p02_0044_0007.uasset" 5423
"/Engine/EngineMaterials/Substrate/GLints/dict_16_192_64_0p5_0p02_0034_0006" 5424
"../../../Engine/Content/EngineMaterials/Substrate/GLints/dict_16_192_64_0p5_0p02_0034_0004.uasset" 5425
"/Engine/EngineMaterials/Substrate/GLints/dict_16_192_64_0p5_0p02_0034_0004" 5426
"/Engine/EngineMaterials/Substrate/GLints/dict_16_192_64_0p5_0p02_0034_0008" 5427
"/Engine/EngineMaterials/Substrate/GLints/dict_16_192_64_0p5_0p02_0034_0005" 5428
"/Engine/EngineMaterials/Substrate/GLints/dict_16_192_64_0p5_0p02_0044_0007" 5429
"../../../Engine/Content/EngineMaterials/Substrate/GLints/dict_16_192_64_0p5_0p02_0034_0002.uasset" 5430
"../../../Engine/Content/EngineMaterials/Substrate/GLints/dict_16_192_64_0p5_0p02_0034_0003.uasset" 5431
"../../../Engine/Content/EngineMaterials/Substrate/GLints/dict_16_192_64_0p5_0p02_0033_0014.uasset" 5432
"../../../Engine/Content/EngineMaterials/Substrate/GLints/dict_16_192_64_0p5_0p02_0034_0000.uasset" 5433
"../../../Engine/Content/EngineMaterials/Substrate/GLints/dict_16_192_64_0p5_0p02_0034_0001.uasset" 5434
"../../../Engine/Content/EngineMaterials/Substrate/GLints/dict_16_192_64_0p5_0p02_0033_0012.uasset" 5435
"../../../Engine/Content/EngineMaterials/Substrate/GLints/dict_16_192_64_0p5_0p02_0033_0013.uasset" 5436
"/Engine/EngineMaterials/Substrate/GLints/dict_16_192_64_0p5_0p02_0033_0012" 5437
"/Engine/EngineMaterials/Substrate/GLints/dict_16_192_64_0p5_0p02_0034_0001" 5438
"/Engine/EngineMaterials/Substrate/GLints/dict_16_192_64_0p5_0p02_0034_0002" 5439
"/Engine/EngineMaterials/Substrate/GLints/dict_16_192_64_0p5_0p02_0034_0003" 5440
"/Engine/EngineMaterials/Substrate/GLints/dict_16_192_64_0p5_0p02_0033_0013" 5441
"../../../Engine/Content/EngineMaterials/Substrate/GLints/dict_16_192_64_0p5_0p02_0033_0010.uasset" 5442
"../../../Engine/Content/EngineMaterials/Substrate/GLints/dict_16_192_64_0p5_0p02_0033_0011.uasset" 5443
"/Engine/EngineMaterials/Substrate/GLints/dict_16_192_64_0p5_0p02_0033_0014" 5444
"../../../Engine/Content/EngineMaterials/Substrate/GLints/dict_16_192_64_0p5_0p02_0033_0009.uasset" 5445
"../../../Engine/Content/EngineMaterials/Substrate/GLints/dict_16_192_64_0p5_0p02_0039_0007.uasset" 5446
"/Engine/EngineMaterials/Substrate/GLints/dict_16_192_64_0p5_0p02_0034_0000" 5447
"/Engine/EngineMaterials/Substrate/GLints/dict_16_192_64_0p5_0p02_0039_0007" 5448
"/Engine/EngineMaterials/Substrate/GLints/dict_16_192_64_0p5_0p02_0033_0011" 5449
"/Engine/EngineMaterials/Substrate/GLints/dict_16_192_64_0p5_0p02_0033_0010" 5450
"/Engine/EngineMaterials/Substrate/GLints/dict_16_192_64_0p5_0p02_0033_0009" 5451
"../../../Engine/Content/EngineMaterials/Substrate/GLints/dict_16_192_64_0p5_0p02_0033_0007.uasset" 5452
"/Engine/EngineMaterials/Substrate/GLints/dict_16_192_64_0p5_0p02_0033_0007" 5453
"../../../Engine/Content/EngineMaterials/Substrate/GLints/dict_16_192_64_0p5_0p02_0033_0006.uasset" 5454
"../../../Engine/Content/EngineMaterials/Substrate/GLints/dict_16_192_64_0p5_0p02_0033_0008.uasset" 5455
"../../../Engine/Content/EngineMaterials/Substrate/GLints/dict_16_192_64_0p5_0p02_0033_0004.uasset" 5456
"../../../Engine/Content/EngineMaterials/Substrate/GLints/dict_16_192_64_0p5_0p02_0033_0001.uasset" 5457
"../../../Engine/Content/EngineMaterials/Substrate/GLints/dict_16_192_64_0p5_0p02_0033_0000.uasset" 5458
"../../../Engine/Content/EngineMaterials/Substrate/GLints/dict_16_192_64_0p5_0p02_0033_0005.uasset" 5459
"../../../Engine/Content/EngineMaterials/Substrate/GLints/dict_16_192_64_0p5_0p02_0033_0002.uasset" 5460
"/Engine/EngineMaterials/Substrate/GLints/dict_16_192_64_0p5_0p02_0033_0005" 5461
"/Engine/EngineMaterials/Substrate/GLints/dict_16_192_64_0p5_0p02_0033_0000" 5462
"/Engine/EngineMaterials/Substrate/GLints/dict_16_192_64_0p5_0p02_0033_0006" 5463
"../../../Engine/Content/EngineMaterials/Substrate/GLints/dict_16_192_64_0p5_0p02_0032_0014.uasset" 5464
"/Engine/EngineMaterials/Substrate/GLints/dict_16_192_64_0p5_0p02_0033_0008" 5465
"/Engine/EngineMaterials/Substrate/GLints/dict_16_192_64_0p5_0p02_0033_0001" 5466
"/Engine/EngineMaterials/Substrate/GLints/dict_16_192_64_0p5_0p02_0033_0002" 5467
"../../../Engine/Content/EngineMaterials/Substrate/GLints/dict_16_192_64_0p5_0p02_0032_0012.uasset" 5468
"../../../Engine/Content/EngineMaterials/Substrate/GLints/dict_16_192_64_0p5_0p02_0032_0011.uasset" 5469
"/Engine/EngineMaterials/Substrate/GLints/dict_16_192_64_0p5_0p02_0033_0004" 5470
"/Engine/EngineMaterials/Substrate/GLints/dict_16_192_64_0p5_0p02_0032_0011" 5471
"/Engine/EngineMaterials/Substrate/GLints/dict_16_192_64_0p5_0p02_0032_0012" 5472
"/Engine/EngineMaterials/Substrate/GLints/dict_16_192_64_0p5_0p02_0032_0014" 5473
"../../../Engine/Content/EngineMaterials/Substrate/GLints/dict_16_192_64_0p5_0p02_0032_0013.uasset" 5474
"../../../Engine/Content/EngineMaterials/Substrate/GLints/dict_16_192_64_0p5_0p02_0032_0015.uasset" 5475
"../../../Engine/Content/EngineMaterials/Substrate/GLints/dict_16_192_64_0p5_0p02_0032_0009.uasset" 5476
"../../../Engine/Content/EngineMaterials/Substrate/GLints/dict_16_192_64_0p5_0p02_0032_0010.uasset" 5477
"../../../Engine/Content/EngineMaterials/Substrate/GLints/dict_16_192_64_0p5_0p02_0032_0008.uasset" 5478
"../../../Engine/Content/EngineMaterials/Substrate/GLints/dict_16_192_64_0p5_0p02_0032_0005.uasset" 5479
"../../../Engine/Content/EngineMaterials/Substrate/GLints/dict_16_192_64_0p5_0p02_0032_0004.uasset" 5480
"../../../Engine/Content/EngineMaterials/Substrate/GLints/dict_16_192_64_0p5_0p02_0032_0006.uasset" 5481
"../../../Engine/Content/EngineMaterials/Substrate/GLints/dict_16_192_64_0p5_0p02_0032_0007.uasset" 5482
"../../../Engine/Content/EngineMaterials/Substrate/GLints/dict_16_192_64_0p5_0p02_0032_0003.uasset" 5483
"../../../Engine/Content/EngineMaterials/Substrate/GLints/dict_16_192_64_0p5_0p02_0032_0001.uasset" 5484
"../../../Engine/Content/EngineMaterials/Substrate/GLints/dict_16_192_64_0p5_0p02_0032_0002.uasset" 5485
"../../../Engine/Content/EngineMaterials/Substrate/GLints/dict_16_192_64_0p5_0p02_0032_0000.uasset" 5486
"../../../Engine/Content/EngineMaterials/Substrate/GLints/dict_16_192_64_0p5_0p02_0031_0014.uasset" 5487
"../../../Engine/Content/EngineMaterials/Substrate/GLints/dict_16_192_64_0p5_0p02_0041_0003.uasset" 5488
"../../../Engine/Content/EngineMaterials/Substrate/GLints/dict_16_192_64_0p5_0p02_0031_0015.uasset" 5489
"../../../Engine/Content/EngineMaterials/Substrate/GLints/dict_16_192_64_0p5_0p02_0031_0013.uasset" 5490
"../../../Engine/Content/EngineMaterials/Substrate/GLints/dict_16_192_64_0p5_0p02_0031_0012.uasset" 5491
"../../../Engine/Content/EngineMaterials/Substrate/GLints/dict_16_192_64_0p5_0p02_0031_0010.uasset" 5492
"../../../Engine/Content/EngineMaterials/Substrate/GLints/dict_16_192_64_0p5_0p02_0031_0011.uasset" 5493
"../../../Engine/Content/EngineMaterials/Substrate/GLints/dict_16_192_64_0p5_0p02_0033_0015.uasset" 5494
"../../../Engine/Content/EngineMaterials/Substrate/GLints/dict_16_192_64_0p5_0p02_0031_0007.uasset" 5495
"../../../Engine/Content/EngineMaterials/Substrate/GLints/dict_16_192_64_0p5_0p02_0031_0006.uasset" 5496
"../../../Engine/Content/EngineMaterials/Substrate/GLints/dict_16_192_64_0p5_0p02_0031_0009.uasset" 5497
"../../../Engine/Content/EngineMaterials/Substrate/GLints/dict_16_192_64_0p5_0p02_0031_0002.uasset" 5498
"../../../Engine/Content/EngineMaterials/Substrate/GLints/dict_16_192_64_0p5_0p02_0031_0001.uasset" 5499
"../../../Engine/Content/EngineMaterials/Substrate/GLints/dict_16_192_64_0p5_0p02_0031_0004.uasset" 5500
"../../../Engine/Content/EngineMaterials/Substrate/GLints/dict_16_192_64_0p5_0p02_0031_0005.uasset" 5501
"/Engine/EngineMaterials/Substrate/GLints/dict_16_192_64_0p5_0p02_0031_0012" 5502
"/Engine/EngineMaterials/Substrate/GLints/dict_16_192_64_0p5_0p02_0031_0013" 5503
"/Engine/EngineMaterials/Substrate/GLints/dict_16_192_64_0p5_0p02_0031_0004" 5504
"/Engine/EngineMaterials/Substrate/GLints/dict_16_192_64_0p5_0p02_0031_0001" 5505
"/Engine/EngineMaterials/Substrate/GLints/dict_16_192_64_0p5_0p02_0032_0000" 5506
"/Engine/EngineMaterials/Substrate/GLints/dict_16_192_64_0p5_0p02_0032_0001" 5507
"/Engine/EngineMaterials/Substrate/GLints/dict_16_192_64_0p5_0p02_0032_0002" 5508
"/Engine/EngineMaterials/Substrate/GLints/dict_16_192_64_0p5_0p02_0032_0003" 5509
"/Engine/EngineMaterials/Substrate/GLints/dict_16_192_64_0p5_0p02_0032_0007" 5510
"../../../Engine/Content/EngineMaterials/Substrate/GLints/dict_16_192_64_0p5_0p02_0034_0011.uasset" 5511
"/Engine/EngineMaterials/Substrate/GLints/dict_16_192_64_0p5_0p02_0031_0002" 5512
"/Engine/EngineMaterials/Substrate/GLints/dict_16_192_64_0p5_0p02_0032_0008" 5513
"/Engine/EngineMaterials/Substrate/GLints/dict_16_192_64_0p5_0p02_0032_0015" 5514
"/Engine/EngineMaterials/Substrate/GLints/dict_16_192_64_0p5_0p02_0031_0005" 5515
"/Engine/EngineMaterials/Substrate/GLints/dict_16_192_64_0p5_0p02_0031_0006" 5516
"/Engine/EngineMaterials/Substrate/GLints/dict_16_192_64_0p5_0p02_0031_0011" 5517
"/Engine/EngineMaterials/Substrate/GLints/dict_16_192_64_0p5_0p02_0031_0007" 5518
"/Engine/EngineMaterials/Substrate/GLints/dict_16_192_64_0p5_0p02_0031_0009" 5519
"/Engine/EngineMaterials/Substrate/GLints/dict_16_192_64_0p5_0p02_0031_0014" 5520
"/Engine/EngineMaterials/Substrate/GLints/dict_16_192_64_0p5_0p02_0032_0004" 5521
"/Engine/EngineMaterials/Substrate/GLints/dict_16_192_64_0p5_0p02_0032_0009" 5522
"/Engine/EngineMaterials/Substrate/GLints/dict_16_192_64_0p5_0p02_0032_0005" 5523
"/Engine/EngineMaterials/Substrate/GLints/dict_16_192_64_0p5_0p02_0031_0015" 5524
"/Engine/EngineMaterials/Substrate/GLints/dict_16_192_64_0p5_0p02_0033_0015" 5525
"/Engine/EngineMaterials/Substrate/GLints/dict_16_192_64_0p5_0p02_0032_0013" 5526
"/Engine/EngineMaterials/Substrate/GLints/dict_16_192_64_0p5_0p02_0041_0003" 5527
"/Engine/EngineMaterials/Substrate/GLints/dict_16_192_64_0p5_0p02_0031_0010" 5528
"/Engine/EngineMaterials/Substrate/GLints/dict_16_192_64_0p5_0p02_0032_0010" 5529
"/Engine/EngineMaterials/Substrate/GLints/dict_16_192_64_0p5_0p02_0032_0006" 5530
"/Engine/EngineMaterials/Substrate/GLints/dict_16_192_64_0p5_0p02_0034_0011" 5531
"../../../Engine/Content/EngineMaterials/Substrate/GLints/dict_16_192_64_0p5_0p02_0031_0000.uasset" 5532
"/Engine/EngineMaterials/Substrate/GLints/dict_16_192_64_0p5_0p02_0031_0000" 5533
"../../../Engine/Content/EngineMaterials/Substrate/GLints/dict_16_192_64_0p5_0p02_0030_0015.uasset" 5534
"../../../Engine/Content/EngineMaterials/Substrate/GLints/dict_16_192_64_0p5_0p02_0030_0014.uasset" 5535
"../../../Engine/Content/EngineMaterials/Substrate/GLints/dict_16_192_64_0p5_0p02_0031_0003.uasset" 5536
"../../../Engine/Content/EngineMaterials/Substrate/GLints/dict_16_192_64_0p5_0p02_0030_0013.uasset" 5537
"/Engine/EngineMaterials/Substrate/GLints/dict_16_192_64_0p5_0p02_0030_0013" 5538
"/Engine/EngineMaterials/Substrate/GLints/dict_16_192_64_0p5_0p02_0030_0014" 5539
"/Engine/EngineMaterials/Substrate/GLints/dict_16_192_64_0p5_0p02_0031_0003" 5540
"../../../Engine/Content/EngineMaterials/Substrate/GLints/dict_16_192_64_0p5_0p02_0030_0012.uasset" 5541
"/Engine/EngineMaterials/Substrate/GLints/dict_16_192_64_0p5_0p02_0030_0015" 5542
"/Engine/EngineMaterials/Substrate/GLints/dict_16_192_64_0p5_0p02_0030_0012" 5543
"../../../Engine/Content/EngineMaterials/Substrate/GLints/dict_16_192_64_0p5_0p02_0030_0011.uasset" 5544
"../../../Engine/Content/EngineMaterials/Substrate/GLints/dict_16_192_64_0p5_0p02_0030_0008.uasset" 5545
"../../../Engine/Content/EngineMaterials/Substrate/GLints/dict_16_192_64_0p5_0p02_0030_0009.uasset" 5546
"../../../Engine/Content/EngineMaterials/Substrate/GLints/dict_16_192_64_0p5_0p02_0030_0010.uasset" 5547
"../../../Engine/Content/EngineMaterials/Substrate/GLints/dict_16_192_64_0p5_0p02_0030_0007.uasset" 5548
"/Engine/EngineMaterials/Substrate/GLints/dict_16_192_64_0p5_0p02_0030_0007" 5549
"/Engine/EngineMaterials/Substrate/GLints/dict_16_192_64_0p5_0p02_0030_0008" 5550
"/Engine/EngineMaterials/Substrate/GLints/dict_16_192_64_0p5_0p02_0030_0009" 5551
"/Engine/EngineMaterials/Substrate/GLints/dict_16_192_64_0p5_0p02_0030_0010" 5552
"/Engine/EngineMaterials/Substrate/GLints/dict_16_192_64_0p5_0p02_0030_0011" 5553
"../../../Engine/Content/EngineMaterials/Substrate/GLints/dict_16_192_64_0p5_0p02_0030_0004.uasset" 5554
"../../../Engine/Content/EngineMaterials/Substrate/GLints/dict_16_192_64_0p5_0p02_0030_0006.uasset" 5555
"../../../Engine/Content/EngineMaterials/Substrate/GLints/dict_16_192_64_0p5_0p02_0030_0005.uasset" 5556
"/Engine/EngineMaterials/Substrate/GLints/dict_16_192_64_0p5_0p02_0030_0004" 5557
"/Engine/EngineMaterials/Substrate/GLints/dict_16_192_64_0p5_0p02_0030_0005" 5558
"../../../Engine/Content/EngineMaterials/Substrate/GLints/dict_16_192_64_0p5_0p02_0030_0003.uasset" 5559
"/Engine/EngineMaterials/Substrate/GLints/dict_16_192_64_0p5_0p02_0030_0006" 5560
"/Engine/EngineMaterials/Substrate/GLints/dict_16_192_64_0p5_0p02_0030_0003" 5561
"../../../Engine/Content/EngineMaterials/Substrate/GLints/dict_16_192_64_0p5_0p02_0030_0002.uasset" 5562
"../../../Engine/Content/EngineMaterials/Substrate/GLints/dict_16_192_64_0p5_0p02_0030_0001.uasset" 5563
"../../../Engine/Content/EngineMaterials/Substrate/GLints/dict_16_192_64_0p5_0p02_0029_0015.uasset" 5564
"../../../Engine/Content/EngineMaterials/Substrate/GLints/dict_16_192_64_0p5_0p02_0030_0000.uasset" 5565
"../../../Engine/Content/EngineMaterials/Substrate/GLints/dict_16_192_64_0p5_0p02_0029_0014.uasset" 5566
"../../../Engine/Content/EngineMaterials/Substrate/GLints/dict_16_192_64_0p5_0p02_0029_0013.uasset" 5567
"../../../Engine/Content/EngineMaterials/Substrate/GLints/dict_16_192_64_0p5_0p02_0029_0011.uasset" 5568
"../../../Engine/Content/EngineMaterials/Substrate/GLints/dict_16_192_64_0p5_0p02_0029_0010.uasset" 5569
"../../../Engine/Content/EngineMaterials/Substrate/GLints/dict_16_192_64_0p5_0p02_0029_0012.uasset" 5570
"../../../Engine/Content/EngineMaterials/Substrate/GLints/dict_16_192_64_0p5_0p02_0029_0009.uasset" 5571
"../../../Engine/Content/EngineMaterials/Substrate/GLints/dict_16_192_64_0p5_0p02_0029_0008.uasset" 5572
"../../../Engine/Content/EngineMaterials/Substrate/GLints/dict_16_192_64_0p5_0p02_0029_0007.uasset" 5573
"../../../Engine/Content/EngineMaterials/Substrate/GLints/dict_16_192_64_0p5_0p02_0029_0006.uasset" 5574
"../../../Engine/Content/EngineMaterials/Substrate/GLints/dict_16_192_64_0p5_0p02_0029_0002.uasset" 5575
"../../../Engine/Content/EngineMaterials/Substrate/GLints/dict_16_192_64_0p5_0p02_0029_0005.uasset" 5576
"../../../Engine/Content/EngineMaterials/Substrate/GLints/dict_16_192_64_0p5_0p02_0029_0003.uasset" 5577
"../../../Engine/Content/EngineMaterials/Substrate/GLints/dict_16_192_64_0p5_0p02_0029_0004.uasset" 5578
"../../../Engine/Content/EngineMaterials/Substrate/GLints/dict_16_192_64_0p5_0p02_0033_0003.uasset" 5579
"../../../Engine/Content/EngineMaterials/Substrate/GLints/dict_16_192_64_0p5_0p02_0028_0014.uasset" 5580
"../../../Engine/Content/EngineMaterials/Substrate/GLints/dict_16_192_64_0p5_0p02_0029_0001.uasset" 5581
"../../../Engine/Content/EngineMaterials/Substrate/GLints/dict_16_192_64_0p5_0p02_0028_0013.uasset" 5582
"../../../Engine/Content/EngineMaterials/Substrate/GLints/dict_16_192_64_0p5_0p02_0029_0000.uasset" 5583
"../../../Engine/Content/EngineMaterials/Substrate/GLints/dict_16_192_64_0p5_0p02_0028_0015.uasset" 5584
"/Engine/EngineMaterials/Substrate/GLints/dict_16_192_64_0p5_0p02_0029_0005" 5585
"/Engine/EngineMaterials/Substrate/GLints/dict_16_192_64_0p5_0p02_0029_0006" 5586
"/Engine/EngineMaterials/Substrate/GLints/dict_16_192_64_0p5_0p02_0029_0007" 5587
"/Engine/EngineMaterials/Substrate/GLints/dict_16_192_64_0p5_0p02_0029_0008" 5588
"../../../Engine/Content/EngineMaterials/Substrate/GLints/dict_16_192_64_0p5_0p02_0028_0009.uasset" 5589
"../../../Engine/Content/EngineMaterials/Substrate/GLints/dict_16_192_64_0p5_0p02_0028_0010.uasset" 5590
"../../../Engine/Content/EngineMaterials/Substrate/GLints/dict_16_192_64_0p5_0p02_0028_0007.uasset" 5591
"/Engine/EngineMaterials/Substrate/GLints/dict_16_192_64_0p5_0p02_0029_0009" 5592
"../../../Engine/Content/EngineMaterials/Substrate/GLints/dict_16_192_64_0p5_0p02_0028_0011.uasset" 5593
"../../../Engine/Content/EngineMaterials/Substrate/GLints/dict_16_192_64_0p5_0p02_0028_0008.uasset" 5594
"/Engine/EngineMaterials/Substrate/GLints/dict_16_192_64_0p5_0p02_0029_0010" 5595
"/Engine/EngineMaterials/Substrate/GLints/dict_16_192_64_0p5_0p02_0029_0011" 5596
"/Engine/EngineMaterials/Substrate/GLints/dict_16_192_64_0p5_0p02_0029_0012" 5597
"/Engine/EngineMaterials/Substrate/GLints/dict_16_192_64_0p5_0p02_0029_0013" 5598
"/Engine/EngineMaterials/Substrate/GLints/dict_16_192_64_0p5_0p02_0029_0014" 5599
"/Engine/EngineMaterials/Substrate/GLints/dict_16_192_64_0p5_0p02_0029_0004" 5600
"/Engine/EngineMaterials/Substrate/GLints/dict_16_192_64_0p5_0p02_0029_0015" 5601
"/Engine/EngineMaterials/Substrate/GLints/dict_16_192_64_0p5_0p02_0030_0000" 5602
"/Engine/EngineMaterials/Substrate/GLints/dict_16_192_64_0p5_0p02_0030_0001" 5603
"/Engine/EngineMaterials/Substrate/GLints/dict_16_192_64_0p5_0p02_0030_0002" 5604
"/Engine/EngineMaterials/Substrate/GLints/dict_16_192_64_0p5_0p02_0033_0003" 5605
"/Engine/EngineMaterials/Substrate/GLints/dict_16_192_64_0p5_0p02_0028_0013" 5606
"/Engine/EngineMaterials/Substrate/GLints/dict_16_192_64_0p5_0p02_0028_0014" 5607
"/Engine/EngineMaterials/Substrate/GLints/dict_16_192_64_0p5_0p02_0028_0015" 5608
"/Engine/EngineMaterials/Substrate/GLints/dict_16_192_64_0p5_0p02_0029_0000" 5609
"/Engine/EngineMaterials/Substrate/GLints/dict_16_192_64_0p5_0p02_0029_0001" 5610
"/Engine/EngineMaterials/Substrate/GLints/dict_16_192_64_0p5_0p02_0029_0002" 5611
"/Engine/EngineMaterials/Substrate/GLints/dict_16_192_64_0p5_0p02_0029_0003" 5612
"/Engine/EngineMaterials/Substrate/GLints/dict_16_192_64_0p5_0p02_0028_0007" 5613
"/Engine/EngineMaterials/Substrate/GLints/dict_16_192_64_0p5_0p02_0028_0008" 5614
"/Engine/EngineMaterials/Substrate/GLints/dict_16_192_64_0p5_0p02_0028_0009" 5615
"/Engine/EngineMaterials/Substrate/GLints/dict_16_192_64_0p5_0p02_0028_0010" 5616
"/Engine/EngineMaterials/Substrate/GLints/dict_16_192_64_0p5_0p02_0028_0011" 5617
"../../../Engine/Content/EngineMaterials/Substrate/GLints/dict_16_192_64_0p5_0p02_0028_0006.uasset" 5618
"../../../Engine/Content/EngineMaterials/Substrate/GLints/dict_16_192_64_0p5_0p02_0028_0005.uasset" 5619
"/Engine/EngineMaterials/Substrate/GLints/dict_16_192_64_0p5_0p02_0028_0006" 5620
"/Engine/EngineMaterials/Substrate/GLints/dict_16_192_64_0p5_0p02_0028_0005" 5621
"../../../Engine/Content/EngineMaterials/Substrate/GLints/dict_16_192_64_0p5_0p02_0031_0008.uasset" 5622
"/Engine/EngineMaterials/Substrate/GLints/dict_16_192_64_0p5_0p02_0031_0008" 5623
"../../../Engine/Content/EngineMaterials/Substrate/GLints/dict_16_192_64_0p5_0p02_0028_0012.uasset" 5624
"/Engine/EngineMaterials/Substrate/GLints/dict_16_192_64_0p5_0p02_0028_0012" 5625
"../../../Engine/Content/EngineMaterials/Substrate/GLints/dict_16_192_64_0p5_0p02_0027_0015.uasset" 5626
"../../../Engine/Content/EngineMaterials/Substrate/GLints/dict_16_192_64_0p5_0p02_0028_0003.uasset" 5627
"../../../Engine/Content/EngineMaterials/Substrate/GLints/dict_16_192_64_0p5_0p02_0028_0000.uasset" 5628
"/Engine/EngineMaterials/Substrate/GLints/dict_16_192_64_0p5_0p02_0027_0015" 5629
"/Engine/EngineMaterials/Substrate/GLints/dict_16_192_64_0p5_0p02_0028_0000" 5630
"../../../Engine/Content/EngineMaterials/Substrate/GLints/dict_16_192_64_0p5_0p02_0028_0001.uasset" 5631
"../../../Engine/Content/EngineMaterials/Substrate/GLints/dict_16_192_64_0p5_0p02_0027_0014.uasset" 5632
"../../../Engine/Content/EngineMaterials/Substrate/GLints/dict_16_192_64_0p5_0p02_0027_0013.uasset" 5633
"../../../Engine/Content/EngineMaterials/Substrate/GLints/dict_16_192_64_0p5_0p02_0028_0002.uasset" 5634
"../../../Engine/Content/EngineMaterials/Substrate/GLints/dict_16_192_64_0p5_0p02_0027_0012.uasset" 5635
"../../../Engine/Content/EngineMaterials/Substrate/GLints/dict_16_192_64_0p5_0p02_0027_0011.uasset" 5636
"/Engine/EngineMaterials/Substrate/GLints/dict_16_192_64_0p5_0p02_0027_0012" 5637
"/Engine/EngineMaterials/Substrate/GLints/dict_16_192_64_0p5_0p02_0027_0013" 5638
"/Engine/EngineMaterials/Substrate/GLints/dict_16_192_64_0p5_0p02_0027_0014" 5639
"/Engine/EngineMaterials/Substrate/GLints/dict_16_192_64_0p5_0p02_0028_0001" 5640
"/Engine/EngineMaterials/Substrate/GLints/dict_16_192_64_0p5_0p02_0028_0002" 5641
"/Engine/EngineMaterials/Substrate/GLints/dict_16_192_64_0p5_0p02_0028_0003" 5642
"/Engine/EngineMaterials/Substrate/GLints/dict_16_192_64_0p5_0p02_0027_0011" 5643
"../../../Engine/Content/EngineMaterials/Substrate/GLints/dict_16_192_64_0p5_0p02_0027_0005.uasset" 5644
"../../../Engine/Content/EngineMaterials/Substrate/GLints/dict_16_192_64_0p5_0p02_0027_0006.uasset" 5645
"../../../Engine/Content/EngineMaterials/Substrate/GLints/dict_16_192_64_0p5_0p02_0028_0004.uasset" 5646
"/Engine/EngineMaterials/Substrate/GLints/dict_16_192_64_0p5_0p02_0027_0005" 5647
"../../../Engine/Content/EngineMaterials/Substrate/GLints/dict_16_192_64_0p5_0p02_0027_0001.uasset" 5648
"../../../Engine/Content/EngineMaterials/Substrate/GLints/dict_16_192_64_0p5_0p02_0027_0002.uasset" 5649
"/Engine/EngineMaterials/Substrate/GLints/dict_16_192_64_0p5_0p02_0027_0006" 5650
"/Engine/EngineMaterials/Substrate/GLints/dict_16_192_64_0p5_0p02_0028_0004" 5651
"../../../Engine/Content/EngineMaterials/Substrate/GLints/dict_16_192_64_0p5_0p02_0027_0008.uasset" 5652
"/Engine/EngineMaterials/Substrate/GLints/dict_16_192_64_0p5_0p02_0027_0001" 5653
"/Engine/EngineMaterials/Substrate/GLints/dict_16_192_64_0p5_0p02_0027_0002" 5654
"/Engine/EngineMaterials/Substrate/GLints/dict_16_192_64_0p5_0p02_0027_0008" 5655
"../../../Engine/Content/EngineMaterials/Substrate/GLints/dict_16_192_64_0p5_0p02_0027_0003.uasset" 5656
"../../../Engine/Content/EngineMaterials/Substrate/GLints/dict_16_192_64_0p5_0p02_0027_0000.uasset" 5657
"../../../Engine/Content/EngineMaterials/Substrate/GLints/dict_16_192_64_0p5_0p02_0026_0014.uasset" 5658
"../../../Engine/Content/EngineMaterials/Substrate/GLints/dict_16_192_64_0p5_0p02_0027_0009.uasset" 5659
"../../../Engine/Content/EngineMaterials/Substrate/GLints/dict_16_192_64_0p5_0p02_0026_0012.uasset" 5660
"../../../Engine/Content/EngineMaterials/Substrate/GLints/dict_16_192_64_0p5_0p02_0026_0015.uasset" 5661
"/Engine/EngineMaterials/Substrate/GLints/dict_16_192_64_0p5_0p02_0026_0014" 5662
"/Engine/EngineMaterials/Substrate/GLints/dict_16_192_64_0p5_0p02_0026_0015" 5663
"/Engine/EngineMaterials/Substrate/GLints/dict_16_192_64_0p5_0p02_0027_0000" 5664
"/Engine/EngineMaterials/Substrate/GLints/dict_16_192_64_0p5_0p02_0027_0003" 5665
"../../../Engine/Content/EngineMaterials/Substrate/GLints/dict_16_192_64_0p5_0p02_0026_0010.uasset" 5666
"/Engine/EngineMaterials/Substrate/GLints/dict_16_192_64_0p5_0p02_0027_0009" 5667
"/Engine/EngineMaterials/Substrate/GLints/dict_16_192_64_0p5_0p02_0026_0012" 5668
"/Engine/EngineMaterials/Substrate/GLints/dict_16_192_64_0p5_0p02_0026_0010" 5669
"../../../Engine/Content/EngineMaterials/Substrate/GLints/dict_16_192_64_0p5_0p02_0026_0007.uasset" 5670
"../../../Engine/Content/EngineMaterials/Substrate/GLints/dict_16_192_64_0p5_0p02_0026_0008.uasset" 5671
"../../../Engine/Content/EngineMaterials/Substrate/GLints/dict_16_192_64_0p5_0p02_0026_0013.uasset" 5672
"../../../Engine/Content/EngineMaterials/Substrate/GLints/dict_16_192_64_0p5_0p02_0026_0009.uasset" 5673
"../../../Engine/Content/EngineMaterials/Substrate/GLints/dict_16_192_64_0p5_0p02_0026_0011.uasset" 5674
"../../../Engine/Content/EngineMaterials/Substrate/GLints/dict_16_192_64_0p5_0p02_0026_0006.uasset" 5675
"../../../Engine/Content/EngineMaterials/Substrate/GLints/dict_16_192_64_0p5_0p02_0027_0004.uasset" 5676
"/Engine/EngineMaterials/Substrate/GLints/dict_16_192_64_0p5_0p02_0027_0004" 5677
"../../../Engine/Content/EngineMaterials/Substrate/GLints/dict_16_192_64_0p5_0p02_0026_0005.uasset" 5678
"../../../Engine/Content/EngineMaterials/Substrate/GLints/dict_16_192_64_0p5_0p02_0027_0010.uasset" 5679
"/Engine/EngineMaterials/Substrate/GLints/dict_16_192_64_0p5_0p02_0026_0007" 5680
"/Engine/EngineMaterials/Substrate/GLints/dict_16_192_64_0p5_0p02_0026_0008" 5681
"/Engine/EngineMaterials/Substrate/GLints/dict_16_192_64_0p5_0p02_0026_0006" 5682
"/Engine/EngineMaterials/Substrate/GLints/dict_16_192_64_0p5_0p02_0026_0009" 5683
"/Engine/EngineMaterials/Substrate/GLints/dict_16_192_64_0p5_0p02_0026_0011" 5684
"/Engine/EngineMaterials/Substrate/GLints/dict_16_192_64_0p5_0p02_0026_0013" 5685
"/Engine/EngineMaterials/Substrate/GLints/dict_16_192_64_0p5_0p02_0027_0010" 5686
"../../../Engine/Content/EngineMaterials/Substrate/GLints/dict_16_192_64_0p5_0p02_0027_0007.uasset" 5687
"/Engine/EngineMaterials/Substrate/GLints/dict_16_192_64_0p5_0p02_0026_0005" 5688
"/Engine/EngineMaterials/Substrate/GLints/dict_16_192_64_0p5_0p02_0027_0007" 5689
"../../../Engine/Content/EngineMaterials/Substrate/GLints/dict_16_192_64_0p5_0p02_0026_0001.uasset" 5690
"../../../Engine/Content/EngineMaterials/Substrate/GLints/dict_16_192_64_0p5_0p02_0026_0003.uasset" 5691
"/Engine/EngineMaterials/Substrate/GLints/dict_16_192_64_0p5_0p02_0026_0003" 5692
"/Engine/EngineMaterials/Substrate/GLints/dict_16_192_64_0p5_0p02_0026_0001" 5693
"../../../Engine/Content/EngineMaterials/Substrate/GLints/dict_16_192_64_0p5_0p02_0025_0012.uasset" 5694
"../../../Engine/Content/EngineMaterials/Substrate/GLints/dict_16_192_64_0p5_0p02_0025_0011.uasset" 5695
"/Engine/EngineMaterials/Substrate/GLints/dict_16_192_64_0p5_0p02_0025_0012" 5696
"../../../Engine/Content/EngineMaterials/Substrate/GLints/dict_16_192_64_0p5_0p02_0026_0002.uasset" 5697
"../../../Engine/Content/EngineMaterials/Substrate/GLints/dict_16_192_64_0p5_0p02_0025_0014.uasset" 5698
"/Engine/EngineMaterials/Substrate/GLints/dict_16_192_64_0p5_0p02_0025_0011" 5699
"/Engine/EngineMaterials/Substrate/GLints/dict_16_192_64_0p5_0p02_0025_0014" 5700
"../../../Engine/Content/EngineMaterials/Substrate/GLints/dict_16_192_64_0p5_0p02_0025_0015.uasset" 5701
"/Engine/EngineMaterials/Substrate/GLints/dict_16_192_64_0p5_0p02_0026_0002" 5702
"/Engine/EngineMaterials/Substrate/GLints/dict_16_192_64_0p5_0p02_0025_0015" 5703
"../../../Engine/Content/EngineMaterials/Substrate/GLints/dict_16_192_64_0p5_0p02_0026_0004.uasset" 5704
"../../../Engine/Content/EngineMaterials/Substrate/GLints/dict_16_192_64_0p5_0p02_0025_0008.uasset" 5705
"../../../Engine/Content/EngineMaterials/Substrate/GLints/dict_16_192_64_0p5_0p02_0025_0010.uasset" 5706
"../../../Engine/Content/EngineMaterials/Substrate/GLints/dict_16_192_64_0p5_0p02_0025_0009.uasset" 5707
"../../../Engine/Content/EngineMaterials/Substrate/GLints/dict_16_192_64_0p5_0p02_0026_0000.uasset" 5708
"../../../Engine/Content/EngineMaterials/Substrate/GLints/dict_16_192_64_0p5_0p02_0025_0003.uasset" 5709
"../../../Engine/Content/EngineMaterials/Substrate/GLints/dict_16_192_64_0p5_0p02_0025_0001.uasset" 5710
"/Engine/EngineMaterials/Substrate/GLints/dict_16_192_64_0p5_0p02_0025_0008" 5711
"../../../Engine/Content/EngineMaterials/Substrate/GLints/dict_16_192_64_0p5_0p02_0025_0002.uasset" 5712
"/Engine/EngineMaterials/Substrate/GLints/dict_16_192_64_0p5_0p02_0025_0003" 5713
"../../../Engine/Content/EngineMaterials/Substrate/GLints/dict_16_192_64_0p5_0p02_0025_0005.uasset" 5714
"../../../Engine/Content/EngineMaterials/Substrate/GLints/dict_16_192_64_0p5_0p02_0025_0004.uasset" 5715
"/Engine/EngineMaterials/Substrate/GLints/dict_16_192_64_0p5_0p02_0025_0009" 5716
"/Engine/EngineMaterials/Substrate/GLints/dict_16_192_64_0p5_0p02_0025_0010" 5717
"/Engine/EngineMaterials/Substrate/GLints/dict_16_192_64_0p5_0p02_0026_0004" 5718
"/Engine/EngineMaterials/Substrate/GLints/dict_16_192_64_0p5_0p02_0026_0000" 5719
"/Engine/EngineMaterials/Substrate/GLints/dict_16_192_64_0p5_0p02_0025_0001" 5720
"/Engine/EngineMaterials/Substrate/GLints/dict_16_192_64_0p5_0p02_0025_0002" 5721
"/Engine/EngineMaterials/Substrate/GLints/dict_16_192_64_0p5_0p02_0025_0004" 5722
"/Engine/EngineMaterials/Substrate/GLints/dict_16_192_64_0p5_0p02_0025_0005" 5723
"../../../Engine/Content/EngineMaterials/Substrate/GLints/dict_16_192_64_0p5_0p02_0024_0015.uasset" 5724
"../../../Engine/Content/EngineMaterials/Substrate/GLints/dict_16_192_64_0p5_0p02_0024_0014.uasset" 5725
"../../../Engine/Content/EngineMaterials/Substrate/GLints/dict_16_192_64_0p5_0p02_0024_0011.uasset" 5726
"../../../Engine/Content/EngineMaterials/Substrate/GLints/dict_16_192_64_0p5_0p02_0024_0013.uasset" 5727
"../../../Engine/Content/EngineMaterials/Substrate/GLints/dict_16_192_64_0p5_0p02_0025_0013.uasset" 5728
"../../../Engine/Content/EngineMaterials/Substrate/GLints/dict_16_192_64_0p5_0p02_0024_0010.uasset" 5729
"/Engine/EngineMaterials/Substrate/GLints/dict_16_192_64_0p5_0p02_0025_0013" 5730
"/Engine/EngineMaterials/Substrate/GLints/dict_16_192_64_0p5_0p02_0024_0010" 5731
"/Engine/EngineMaterials/Substrate/GLints/dict_16_192_64_0p5_0p02_0024_0011" 5732
"../../../Engine/Content/EngineMaterials/Substrate/GLints/dict_16_192_64_0p5_0p02_0024_0008.uasset" 5733
"/Engine/EngineMaterials/Substrate/GLints/dict_16_192_64_0p5_0p02_0024_0015" 5734
"../../../Engine/Content/EngineMaterials/Substrate/GLints/dict_16_192_64_0p5_0p02_0024_0009.uasset" 5735
"/Engine/EngineMaterials/Substrate/GLints/dict_16_192_64_0p5_0p02_0024_0013" 5736
"/Engine/EngineMaterials/Substrate/GLints/dict_16_192_64_0p5_0p02_0024_0014" 5737
"/Engine/EngineMaterials/Substrate/GLints/dict_16_192_64_0p5_0p02_0024_0008" 5738
"/Engine/EngineMaterials/Substrate/GLints/dict_16_192_64_0p5_0p02_0024_0009" 5739
"../../../Engine/Content/EngineMaterials/Substrate/GLints/dict_16_192_64_0p5_0p02_0024_0007.uasset" 5740
"../../../Engine/Content/EngineMaterials/Substrate/GLints/dict_16_192_64_0p5_0p02_0025_0000.uasset" 5741
"../../../Engine/Content/EngineMaterials/Substrate/GLints/dict_16_192_64_0p5_0p02_0024_0005.uasset" 5742
"../../../Engine/Content/EngineMaterials/Substrate/GLints/dict_16_192_64_0p5_0p02_0024_0004.uasset" 5743
"../../../Engine/Content/EngineMaterials/Substrate/GLints/dict_16_192_64_0p5_0p02_0024_0003.uasset" 5744
"../../../Engine/Content/EngineMaterials/Substrate/GLints/dict_16_192_64_0p5_0p02_0024_0002.uasset" 5745
"/Engine/EngineMaterials/Substrate/GLints/dict_16_192_64_0p5_0p02_0025_0000" 5746
"../../../Engine/Content/EngineMaterials/Substrate/GLints/dict_16_192_64_0p5_0p02_0024_0000.uasset" 5747
"/Engine/EngineMaterials/Substrate/GLints/dict_16_192_64_0p5_0p02_0024_0005" 5748
"../../../Engine/Content/EngineMaterials/Substrate/GLints/dict_16_192_64_0p5_0p02_0024_0012.uasset" 5749
"/Engine/EngineMaterials/Substrate/GLints/dict_16_192_64_0p5_0p02_0024_0007" 5750
"/Engine/EngineMaterials/Substrate/GLints/dict_16_192_64_0p5_0p02_0024_0003" 5751
"/Engine/EngineMaterials/Substrate/GLints/dict_16_192_64_0p5_0p02_0024_0004" 5752
"../../../Engine/Content/EngineMaterials/Substrate/GLints/dict_16_192_64_0p5_0p02_0023_0015.uasset" 5753
"/Engine/EngineMaterials/Substrate/GLints/dict_16_192_64_0p5_0p02_0024_0002" 5754
"/Engine/EngineMaterials/Substrate/GLints/dict_16_192_64_0p5_0p02_0024_0012" 5755
"/Engine/EngineMaterials/Substrate/GLints/dict_16_192_64_0p5_0p02_0023_0015" 5756
"../../../Engine/Content/EngineMaterials/Substrate/GLints/dict_16_192_64_0p5_0p02_0023_0014.uasset" 5757
"/Engine/EngineMaterials/Substrate/GLints/dict_16_192_64_0p5_0p02_0024_0000" 5758
"/Engine/EngineMaterials/Substrate/GLints/dict_16_192_64_0p5_0p02_0023_0014" 5759
"../../../Engine/Content/EngineMaterials/Substrate/GLints/dict_16_192_64_0p5_0p02_0024_0001.uasset" 5760
"../../../Engine/Content/EngineMaterials/Substrate/GLints/dict_16_192_64_0p5_0p02_0025_0006.uasset" 5761
"../../../Engine/Content/EngineMaterials/Substrate/GLints/dict_16_192_64_0p5_0p02_0025_0007.uasset" 5762
"../../../Engine/Content/EngineMaterials/Substrate/GLints/dict_16_192_64_0p5_0p02_0023_0013.uasset" 5763
"../../../Engine/Content/EngineMaterials/Substrate/GLints/dict_16_192_64_0p5_0p02_0023_0012.uasset" 5764
"../../../Engine/Content/EngineMaterials/Substrate/GLints/dict_16_192_64_0p5_0p02_0023_0010.uasset" 5765
"../../../Engine/Content/EngineMaterials/Substrate/GLints/dict_16_192_64_0p5_0p02_0023_0009.uasset" 5766
"../../../Engine/Content/EngineMaterials/Substrate/GLints/dict_16_192_64_0p5_0p02_0023_0011.uasset" 5767
"/Engine/EngineMaterials/Substrate/GLints/dict_16_192_64_0p5_0p02_0025_0007" 5768
"/Engine/EngineMaterials/Substrate/GLints/dict_16_192_64_0p5_0p02_0023_0009" 5769
"/Engine/EngineMaterials/Substrate/GLints/dict_16_192_64_0p5_0p02_0023_0010" 5770
"../../../Engine/Content/EngineMaterials/Substrate/GLints/dict_16_192_64_0p5_0p02_0023_0002.uasset" 5771
"/Engine/EngineMaterials/Substrate/GLints/dict_16_192_64_0p5_0p02_0023_0011" 5772
"../../../Engine/Content/EngineMaterials/Substrate/GLints/dict_16_192_64_0p5_0p02_0023_0006.uasset" 5773
"../../../Engine/Content/EngineMaterials/Substrate/GLints/dict_16_192_64_0p5_0p02_0023_0003.uasset" 5774
"/Engine/EngineMaterials/Substrate/GLints/dict_16_192_64_0p5_0p02_0025_0006" 5775
"../../../Engine/Content/EngineMaterials/Substrate/GLints/dict_16_192_64_0p5_0p02_0023_0007.uasset" 5776
"/Engine/EngineMaterials/Substrate/GLints/dict_16_192_64_0p5_0p02_0024_0001" 5777
"/Engine/EngineMaterials/Substrate/GLints/dict_16_192_64_0p5_0p02_0023_0012" 5778
"/Engine/EngineMaterials/Substrate/GLints/dict_16_192_64_0p5_0p02_0023_0013" 5779
"/Engine/EngineMaterials/Substrate/GLints/dict_16_192_64_0p5_0p02_0023_0006" 5780
"/Engine/EngineMaterials/Substrate/GLints/dict_16_192_64_0p5_0p02_0023_0002" 5781
"/Engine/EngineMaterials/Substrate/GLints/dict_16_192_64_0p5_0p02_0023_0007" 5782
"/Engine/EngineMaterials/Substrate/GLints/dict_16_192_64_0p5_0p02_0023_0003" 5783
"../../../Engine/Content/EngineMaterials/Substrate/GLints/dict_16_192_64_0p5_0p02_0022_0014.uasset" 5784
"/Engine/EngineMaterials/Substrate/GLints/dict_16_192_64_0p5_0p02_0022_0014" 5785
"../../../Engine/Content/EngineMaterials/Substrate/GLints/dict_16_192_64_0p5_0p02_0023_0000.uasset" 5786
"../../../Engine/Content/EngineMaterials/Substrate/GLints/dict_16_192_64_0p5_0p02_0022_0015.uasset" 5787
"../../../Engine/Content/EngineMaterials/Substrate/GLints/dict_16_192_64_0p5_0p02_0023_0001.uasset" 5788
"../../../Engine/Content/EngineMaterials/Substrate/GLints/dict_16_192_64_0p5_0p02_0023_0008.uasset" 5789
"../../../Engine/Content/EngineMaterials/Substrate/GLints/dict_16_192_64_0p5_0p02_0023_0004.uasset" 5790
"../../../Engine/Content/EngineMaterials/Substrate/GLints/dict_16_192_64_0p5_0p02_0022_0011.uasset" 5791
"../../../Engine/Content/EngineMaterials/Substrate/GLints/dict_16_192_64_0p5_0p02_0022_0013.uasset" 5792
"../../../Engine/Content/EngineMaterials/Substrate/GLints/dict_16_192_64_0p5_0p02_0022_0012.uasset" 5793
"../../../Engine/Content/EngineMaterials/Substrate/GLints/dict_16_192_64_0p5_0p02_0022_0010.uasset" 5794
"../../../Engine/Content/EngineMaterials/Substrate/GLints/dict_16_192_64_0p5_0p02_0022_0008.uasset" 5795
"/Engine/EngineMaterials/Substrate/GLints/dict_16_192_64_0p5_0p02_0023_0004" 5796
"/Engine/EngineMaterials/Substrate/GLints/dict_16_192_64_0p5_0p02_0023_0008" 5797
"/Engine/EngineMaterials/Substrate/GLints/dict_16_192_64_0p5_0p02_0022_0012" 5798
"/Engine/EngineMaterials/Substrate/GLints/dict_16_192_64_0p5_0p02_0022_0013" 5799
"/Engine/EngineMaterials/Substrate/GLints/dict_16_192_64_0p5_0p02_0022_0015" 5800
"/Engine/EngineMaterials/Substrate/GLints/dict_16_192_64_0p5_0p02_0023_0000" 5801
"/Engine/EngineMaterials/Substrate/GLints/dict_16_192_64_0p5_0p02_0023_0001" 5802
"/Engine/EngineMaterials/Substrate/GLints/dict_16_192_64_0p5_0p02_0022_0008" 5803
"/Engine/EngineMaterials/Substrate/GLints/dict_16_192_64_0p5_0p02_0022_0010" 5804
"/Engine/EngineMaterials/Substrate/GLints/dict_16_192_64_0p5_0p02_0022_0011" 5805
"../../../Engine/Content/EngineMaterials/Substrate/GLints/dict_16_192_64_0p5_0p02_0022_0007.uasset" 5806
"../../../Engine/Content/EngineMaterials/Substrate/GLints/dict_16_192_64_0p5_0p02_0022_0002.uasset" 5807
"../../../Engine/Content/EngineMaterials/Substrate/GLints/dict_16_192_64_0p5_0p02_0022_0004.uasset" 5808
"../../../Engine/Content/EngineMaterials/Substrate/GLints/dict_16_192_64_0p5_0p02_0022_0005.uasset" 5809
"../../../Engine/Content/EngineMaterials/Substrate/GLints/dict_16_192_64_0p5_0p02_0022_0003.uasset" 5810
"/Engine/EngineMaterials/Substrate/GLints/dict_16_192_64_0p5_0p02_0022_0007" 5811
"../../../Engine/Content/EngineMaterials/Substrate/GLints/dict_16_192_64_0p5_0p02_0022_0006.uasset" 5812
"/Engine/EngineMaterials/Substrate/GLints/dict_16_192_64_0p5_0p02_0022_0004" 5813
"/Engine/EngineMaterials/Substrate/GLints/dict_16_192_64_0p5_0p02_0022_0002" 5814
"/Engine/EngineMaterials/Substrate/GLints/dict_16_192_64_0p5_0p02_0022_0005" 5815
"/Engine/EngineMaterials/Substrate/GLints/dict_16_192_64_0p5_0p02_0022_0006" 5816
"/Engine/EngineMaterials/Substrate/GLints/dict_16_192_64_0p5_0p02_0022_0003" 5817
"../../../Engine/Content/EngineMaterials/Substrate/GLints/dict_16_192_64_0p5_0p02_0021_0015.uasset" 5818
"../../../Engine/Content/EngineMaterials/Substrate/GLints/dict_16_192_64_0p5_0p02_0021_0014.uasset" 5819
"../../../Engine/Content/EngineMaterials/Substrate/GLints/dict_16_192_64_0p5_0p02_0022_0000.uasset" 5820
"../../../Engine/Content/EngineMaterials/Substrate/GLints/dict_16_192_64_0p5_0p02_0022_0001.uasset" 5821
"../../../Engine/Content/EngineMaterials/Substrate/GLints/dict_16_192_64_0p5_0p02_0021_0013.uasset" 5822
"../../../Engine/Content/EngineMaterials/Substrate/GLints/dict_16_192_64_0p5_0p02_0021_0010.uasset" 5823
"../../../Engine/Content/EngineMaterials/Substrate/GLints/dict_16_192_64_0p5_0p02_0021_0009.uasset" 5824
"../../../Engine/Content/EngineMaterials/Substrate/GLints/dict_16_192_64_0p5_0p02_0021_0012.uasset" 5825
"../../../Engine/Content/EngineMaterials/Substrate/GLints/dict_16_192_64_0p5_0p02_0021_0011.uasset" 5826
"/Engine/EngineMaterials/Substrate/GLints/dict_16_192_64_0p5_0p02_0021_0010" 5827
"/Engine/EngineMaterials/Substrate/GLints/dict_16_192_64_0p5_0p02_0021_0012" 5828
"/Engine/EngineMaterials/Substrate/GLints/dict_16_192_64_0p5_0p02_0021_0013" 5829
"/Engine/EngineMaterials/Substrate/GLints/dict_16_192_64_0p5_0p02_0021_0014" 5830
"/Engine/EngineMaterials/Substrate/GLints/dict_16_192_64_0p5_0p02_0021_0015" 5831
"/Engine/EngineMaterials/Substrate/GLints/dict_16_192_64_0p5_0p02_0021_0009" 5832
"/Engine/EngineMaterials/Substrate/GLints/dict_16_192_64_0p5_0p02_0022_0000" 5833
"../../../Engine/Content/EngineMaterials/Substrate/GLints/dict_16_192_64_0p5_0p02_0021_0008.uasset" 5834
"/Engine/EngineMaterials/Substrate/GLints/dict_16_192_64_0p5_0p02_0022_0001" 5835
"../../../Engine/Content/EngineMaterials/Substrate/GLints/dict_16_192_64_0p5_0p02_0021_0006.uasset" 5836
"../../../Engine/Content/EngineMaterials/Substrate/GLints/dict_16_192_64_0p5_0p02_0021_0005.uasset" 5837
"../../../Engine/Content/EngineMaterials/Substrate/GLints/dict_16_192_64_0p5_0p02_0022_0009.uasset" 5838
"/Engine/EngineMaterials/Substrate/GLints/dict_16_192_64_0p5_0p02_0021_0011" 5839
"../../../Engine/Content/EngineMaterials/Substrate/GLints/dict_16_192_64_0p5_0p02_0021_0003.uasset" 5840
"../../../Engine/Content/EngineMaterials/Substrate/GLints/dict_16_192_64_0p5_0p02_0021_0004.uasset" 5841
"/Engine/EngineMaterials/Substrate/GLints/dict_16_192_64_0p5_0p02_0021_0006" 5842
"../../../Engine/Content/EngineMaterials/Substrate/GLints/dict_16_192_64_0p5_0p02_0023_0005.uasset" 5843
"/Engine/EngineMaterials/Substrate/GLints/dict_16_192_64_0p5_0p02_0021_0005" 5844
"/Engine/EngineMaterials/Substrate/GLints/dict_16_192_64_0p5_0p02_0021_0008" 5845
"/Engine/EngineMaterials/Substrate/GLints/dict_16_192_64_0p5_0p02_0022_0009" 5846
"/Engine/EngineMaterials/Substrate/GLints/dict_16_192_64_0p5_0p02_0021_0003" 5847
"/Engine/EngineMaterials/Substrate/GLints/dict_16_192_64_0p5_0p02_0021_0004" 5848
"../../../Engine/Content/EngineMaterials/Substrate/GLints/dict_16_192_64_0p5_0p02_0021_0001.uasset" 5849
"/Engine/EngineMaterials/Substrate/GLints/dict_16_192_64_0p5_0p02_0021_0001" 5850
"../../../Engine/Content/EngineMaterials/Substrate/GLints/dict_16_192_64_0p5_0p02_0020_0014.uasset" 5851
"/Engine/EngineMaterials/Substrate/GLints/dict_16_192_64_0p5_0p02_0020_0014" 5852
"../../../Engine/Content/EngineMaterials/Substrate/GLints/dict_16_192_64_0p5_0p02_0021_0002.uasset" 5853
"../../../Engine/Content/EngineMaterials/Substrate/GLints/dict_16_192_64_0p5_0p02_0020_0015.uasset" 5854
"../../../Engine/Content/EngineMaterials/Substrate/GLints/dict_16_192_64_0p5_0p02_0021_0000.uasset" 5855
"../../../Engine/Content/EngineMaterials/Substrate/GLints/dict_16_192_64_0p5_0p02_0020_0013.uasset" 5856
"../../../Engine/Content/EngineMaterials/Substrate/GLints/dict_16_192_64_0p5_0p02_0020_0012.uasset" 5857
"../../../Engine/Content/EngineMaterials/Substrate/GLints/dict_16_192_64_0p5_0p02_0020_0011.uasset" 5858
"/Engine/EngineMaterials/Substrate/GLints/dict_16_192_64_0p5_0p02_0020_0011" 5859
"/Engine/EngineMaterials/Substrate/GLints/dict_16_192_64_0p5_0p02_0023_0005" 5860
"../../../Engine/Content/EngineMaterials/Substrate/GLints/dict_16_192_64_0p5_0p02_0020_0009.uasset" 5861
"/Engine/EngineMaterials/Substrate/GLints/dict_16_192_64_0p5_0p02_0020_0012" 5862
"../../../Engine/Content/EngineMaterials/Substrate/GLints/dict_16_192_64_0p5_0p02_0020_0010.uasset" 5863
"/Engine/EngineMaterials/Substrate/GLints/dict_16_192_64_0p5_0p02_0020_0013" 5864
"/Engine/EngineMaterials/Substrate/GLints/dict_16_192_64_0p5_0p02_0020_0015" 5865
"/Engine/EngineMaterials/Substrate/GLints/dict_16_192_64_0p5_0p02_0021_0000" 5866
"/Engine/EngineMaterials/Substrate/GLints/dict_16_192_64_0p5_0p02_0021_0002" 5867
"../../../Engine/Content/EngineMaterials/Substrate/GLints/dict_16_192_64_0p5_0p02_0020_0006.uasset" 5868
"/Engine/EngineMaterials/Substrate/GLints/dict_16_192_64_0p5_0p02_0020_0009" 5869
"/Engine/EngineMaterials/Substrate/GLints/dict_16_192_64_0p5_0p02_0020_0010" 5870
"../../../Engine/Content/EngineMaterials/Substrate/GLints/dict_16_192_64_0p5_0p02_0020_0008.uasset" 5871
"/Engine/EngineMaterials/Substrate/GLints/dict_16_192_64_0p5_0p02_0020_0006" 5872
"/Engine/EngineMaterials/Substrate/GLints/dict_16_192_64_0p5_0p02_0020_0008" 5873
"../../../Engine/Content/EngineMaterials/Substrate/GLints/dict_16_192_64_0p5_0p02_0020_0007.uasset" 5874
"/Engine/EngineMaterials/Substrate/GLints/dict_16_192_64_0p5_0p02_0020_0007" 5875
"../../../Engine/Content/EngineMaterials/Substrate/GLints/dict_16_192_64_0p5_0p02_0020_0005.uasset" 5876
"../../../Engine/Content/EngineMaterials/Substrate/GLints/dict_16_192_64_0p5_0p02_0020_0004.uasset" 5877
"../../../Engine/Content/EngineMaterials/Substrate/GLints/dict_16_192_64_0p5_0p02_0020_0003.uasset" 5878
"../../../Engine/Content/EngineMaterials/Substrate/GLints/dict_16_192_64_0p5_0p02_0020_0002.uasset" 5879
"../../../Engine/Content/EngineMaterials/Substrate/GLints/dict_16_192_64_0p5_0p02_0020_0001.uasset" 5880
"../../../Engine/Content/EngineMaterials/Substrate/GLints/dict_16_192_64_0p5_0p02_0019_0013.uasset" 5881
"../../../Engine/Content/EngineMaterials/Substrate/GLints/dict_16_192_64_0p5_0p02_0020_0000.uasset" 5882
"/Engine/EngineMaterials/Substrate/GLints/dict_16_192_64_0p5_0p02_0020_0005" 5883
"../../../Engine/Content/EngineMaterials/Substrate/GLints/dict_16_192_64_0p5_0p02_0019_0014.uasset" 5884
"../../../Engine/Content/EngineMaterials/Substrate/GLints/dict_16_192_64_0p5_0p02_0019_0011.uasset" 5885
"../../../Engine/Content/EngineMaterials/Substrate/GLints/dict_16_192_64_0p5_0p02_0019_0012.uasset" 5886
"/Engine/EngineMaterials/Substrate/GLints/dict_16_192_64_0p5_0p02_0019_0013" 5887
"/Engine/EngineMaterials/Substrate/GLints/dict_16_192_64_0p5_0p02_0020_0000" 5888
"/Engine/EngineMaterials/Substrate/GLints/dict_16_192_64_0p5_0p02_0020_0001" 5889
"/Engine/EngineMaterials/Substrate/GLints/dict_16_192_64_0p5_0p02_0020_0002" 5890
"../../../Engine/Content/EngineMaterials/Substrate/GLints/dict_16_192_64_0p5_0p02_0019_0015.uasset" 5891
"/Engine/EngineMaterials/Substrate/GLints/dict_16_192_64_0p5_0p02_0020_0003" 5892
"../../../Engine/Content/EngineMaterials/Substrate/GLints/dict_16_192_64_0p5_0p02_0019_0006.uasset" 5893
"/Engine/EngineMaterials/Substrate/GLints/dict_16_192_64_0p5_0p02_0020_0004" 5894
"/Engine/EngineMaterials/Substrate/GLints/dict_16_192_64_0p5_0p02_0019_0014" 5895
"../../../Engine/Content/EngineMaterials/Substrate/GLints/dict_16_192_64_0p5_0p02_0019_0007.uasset" 5896
"/Engine/EngineMaterials/Substrate/GLints/dict_16_192_64_0p5_0p02_0019_0015" 5897
"/Engine/EngineMaterials/Substrate/GLints/dict_16_192_64_0p5_0p02_0019_0011" 5898
"/Engine/EngineMaterials/Substrate/GLints/dict_16_192_64_0p5_0p02_0019_0012" 5899
"../../../Engine/Content/EngineMaterials/Substrate/GLints/dict_16_192_64_0p5_0p02_0019_0005.uasset" 5900
"/Engine/EngineMaterials/Substrate/GLints/dict_16_192_64_0p5_0p02_0019_0006" 5901
"/Engine/EngineMaterials/Substrate/GLints/dict_16_192_64_0p5_0p02_0019_0005" 5902
"/Engine/EngineMaterials/Substrate/GLints/dict_16_192_64_0p5_0p02_0019_0007" 5903
"../../../Engine/Content/EngineMaterials/Substrate/GLints/dict_16_192_64_0p5_0p02_0021_0007.uasset" 5904
"../../../Engine/Content/EngineMaterials/Substrate/GLints/dict_16_192_64_0p5_0p02_0019_0003.uasset" 5905
"../../../Engine/Content/EngineMaterials/Substrate/GLints/dict_16_192_64_0p5_0p02_0019_0010.uasset" 5906
"../../../Engine/Content/EngineMaterials/Substrate/GLints/dict_16_192_64_0p5_0p02_0019_0002.uasset" 5907
"../../../Engine/Content/EngineMaterials/Substrate/GLints/dict_16_192_64_0p5_0p02_0019_0008.uasset" 5908
"../../../Engine/Content/EngineMaterials/Substrate/GLints/dict_16_192_64_0p5_0p02_0019_0009.uasset" 5909
"../../../Engine/Content/EngineMaterials/Substrate/GLints/dict_16_192_64_0p5_0p02_0019_0001.uasset" 5910
"../../../Engine/Content/EngineMaterials/Substrate/GLints/dict_16_192_64_0p5_0p02_0018_0015.uasset" 5911
"../../../Engine/Content/EngineMaterials/Substrate/GLints/dict_16_192_64_0p5_0p02_0018_0014.uasset" 5912
"/Engine/EngineMaterials/Substrate/GLints/dict_16_192_64_0p5_0p02_0018_0014" 5913
"../../../Engine/Content/EngineMaterials/Substrate/GLints/dict_16_192_64_0p5_0p02_0019_0004.uasset" 5914
"/Engine/EngineMaterials/Substrate/GLints/dict_16_192_64_0p5_0p02_0018_0015" 5915
"/Engine/EngineMaterials/Substrate/GLints/dict_16_192_64_0p5_0p02_0019_0008" 5916
"/Engine/EngineMaterials/Substrate/GLints/dict_16_192_64_0p5_0p02_0019_0009" 5917
"/Engine/EngineMaterials/Substrate/GLints/dict_16_192_64_0p5_0p02_0019_0010" 5918
"../../../Engine/Content/EngineMaterials/Substrate/GLints/dict_16_192_64_0p5_0p02_0018_0013.uasset" 5919
"/Engine/EngineMaterials/Substrate/GLints/dict_16_192_64_0p5_0p02_0019_0001" 5920
"../../../Engine/Content/EngineMaterials/Substrate/GLints/dict_16_192_64_0p5_0p02_0019_0000.uasset" 5921
"/Engine/EngineMaterials/Substrate/GLints/dict_16_192_64_0p5_0p02_0019_0002" 5922
"/Engine/EngineMaterials/Substrate/GLints/dict_16_192_64_0p5_0p02_0021_0007" 5923
"/Engine/EngineMaterials/Substrate/GLints/dict_16_192_64_0p5_0p02_0019_0003" 5924
"/Engine/EngineMaterials/Substrate/GLints/dict_16_192_64_0p5_0p02_0018_0013" 5925
"/Engine/EngineMaterials/Substrate/GLints/dict_16_192_64_0p5_0p02_0019_0000" 5926
"../../../Engine/Content/EngineMaterials/Substrate/GLints/dict_16_192_64_0p5_0p02_0018_0009.uasset" 5927
"/Engine/EngineMaterials/Substrate/GLints/dict_16_192_64_0p5_0p02_0019_0004" 5928
"../../../Engine/Content/EngineMaterials/Substrate/GLints/dict_16_192_64_0p5_0p02_0018_0008.uasset" 5929
"/Engine/EngineMaterials/Substrate/GLints/dict_16_192_64_0p5_0p02_0018_0008" 5930
"/Engine/EngineMaterials/Substrate/GLints/dict_16_192_64_0p5_0p02_0018_0009" 5931
"../../../Engine/Content/EngineMaterials/Substrate/GLints/dict_16_192_64_0p5_0p02_0018_0006.uasset" 5932
"../../../Engine/Content/EngineMaterials/Substrate/GLints/dict_16_192_64_0p5_0p02_0018_0010.uasset" 5933
"../../../Engine/Content/EngineMaterials/Substrate/GLints/dict_16_192_64_0p5_0p02_0018_0004.uasset" 5934
"../../../Engine/Content/EngineMaterials/Substrate/GLints/dict_16_192_64_0p5_0p02_0018_0012.uasset" 5935
"../../../Engine/Content/EngineMaterials/Substrate/GLints/dict_16_192_64_0p5_0p02_0018_0005.uasset" 5936
"../../../Engine/Content/EngineMaterials/Substrate/GLints/dict_16_192_64_0p5_0p02_0018_0003.uasset" 5937
"../../../Engine/Content/EngineMaterials/Substrate/GLints/dict_16_192_64_0p5_0p02_0018_0011.uasset" 5938
"/Engine/EngineMaterials/Substrate/GLints/dict_16_192_64_0p5_0p02_0018_0003" 5939
"../../../Engine/Content/EngineMaterials/Substrate/GLints/dict_16_192_64_0p5_0p02_0018_0002.uasset" 5940
"/Engine/EngineMaterials/Substrate/GLints/dict_16_192_64_0p5_0p02_0018_0004" 5941
"/Engine/EngineMaterials/Substrate/GLints/dict_16_192_64_0p5_0p02_0018_0010" 5942
"/Engine/EngineMaterials/Substrate/GLints/dict_16_192_64_0p5_0p02_0018_0005" 5943
"/Engine/EngineMaterials/Substrate/GLints/dict_16_192_64_0p5_0p02_0018_0011" 5944
"/Engine/EngineMaterials/Substrate/GLints/dict_16_192_64_0p5_0p02_0018_0006" 5945
"/Engine/EngineMaterials/Substrate/GLints/dict_16_192_64_0p5_0p02_0018_0012" 5946
"../../../Engine/Content/EngineMaterials/Substrate/GLints/dict_16_192_64_0p5_0p02_0017_0013.uasset" 5947
"/Engine/EngineMaterials/Substrate/GLints/dict_16_192_64_0p5_0p02_0018_0002" 5948
"/Engine/EngineMaterials/Substrate/GLints/dict_16_192_64_0p5_0p02_0017_0013" 5949
"../../../Engine/Content/EngineMaterials/Substrate/GLints/dict_16_192_64_0p5_0p02_0017_0015.uasset" 5950
"../../../Engine/Content/EngineMaterials/Substrate/GLints/dict_16_192_64_0p5_0p02_0017_0014.uasset" 5951
"/Engine/EngineMaterials/Substrate/GLints/dict_16_192_64_0p5_0p02_0017_0014" 5952
"/Engine/EngineMaterials/Substrate/GLints/dict_16_192_64_0p5_0p02_0017_0015" 5953
"../../../Engine/Content/EngineMaterials/Substrate/GLints/dict_16_192_64_0p5_0p02_0017_0012.uasset" 5954
"../../../Engine/Content/EngineMaterials/Substrate/GLints/dict_16_192_64_0p5_0p02_0018_0007.uasset" 5955
"../../../Engine/Content/EngineMaterials/Substrate/GLints/dict_16_192_64_0p5_0p02_0018_0001.uasset" 5956
"../../../Engine/Content/EngineMaterials/Substrate/GLints/dict_16_192_64_0p5_0p02_0018_0000.uasset" 5957
"../../../Engine/Content/EngineMaterials/Substrate/GLints/dict_16_192_64_0p5_0p02_0017_0008.uasset" 5958
"../../../Engine/Content/EngineMaterials/Substrate/GLints/dict_16_192_64_0p5_0p02_0017_0011.uasset" 5959
"../../../Engine/Content/EngineMaterials/Substrate/GLints/dict_16_192_64_0p5_0p02_0017_0009.uasset" 5960
"../../../Engine/Content/EngineMaterials/Substrate/GLints/dict_16_192_64_0p5_0p02_0017_0007.uasset" 5961
"../../../Engine/Content/EngineMaterials/Substrate/GLints/dict_16_192_64_0p5_0p02_0017_0010.uasset" 5962
"/Engine/EngineMaterials/Substrate/GLints/dict_16_192_64_0p5_0p02_0018_0001" 5963
"/Engine/EngineMaterials/Substrate/GLints/dict_16_192_64_0p5_0p02_0017_0012" 5964
"../../../Engine/Content/EngineMaterials/Substrate/GLints/dict_16_192_64_0p5_0p02_0016_0015.uasset" 5965
"../../../Engine/Content/EngineMaterials/Substrate/GLints/dict_16_192_64_0p5_0p02_0017_0000.uasset" 5966
"/Engine/EngineMaterials/Substrate/GLints/dict_16_192_64_0p5_0p02_0017_0007" 5967
"../../../Engine/Content/EngineMaterials/Substrate/GLints/dict_16_192_64_0p5_0p02_0017_0002.uasset" 5968
"../../../Engine/Content/EngineMaterials/Substrate/GLints/dict_16_192_64_0p5_0p02_0017_0003.uasset" 5969
"/Engine/EngineMaterials/Substrate/GLints/dict_16_192_64_0p5_0p02_0017_0010" 5970
"/Engine/EngineMaterials/Substrate/GLints/dict_16_192_64_0p5_0p02_0017_0008" 5971
"../../../Engine/Content/EngineMaterials/Substrate/GLints/dict_16_192_64_0p5_0p02_0017_0001.uasset" 5972
"/Engine/EngineMaterials/Substrate/GLints/dict_16_192_64_0p5_0p02_0017_0009" 5973
"/Engine/EngineMaterials/Substrate/GLints/dict_16_192_64_0p5_0p02_0018_0007" 5974
"/Engine/EngineMaterials/Substrate/GLints/dict_16_192_64_0p5_0p02_0018_0000" 5975
"/Engine/EngineMaterials/Substrate/GLints/dict_16_192_64_0p5_0p02_0017_0011" 5976
"/Engine/EngineMaterials/Substrate/GLints/dict_16_192_64_0p5_0p02_0017_0001" 5977
"/Engine/EngineMaterials/Substrate/GLints/dict_16_192_64_0p5_0p02_0017_0002" 5978
"../../../Engine/Content/EngineMaterials/Substrate/GLints/dict_16_192_64_0p5_0p02_0017_0004.uasset" 5979
"/Engine/EngineMaterials/Substrate/GLints/dict_16_192_64_0p5_0p02_0017_0003" 5980
"/Engine/EngineMaterials/Substrate/GLints/dict_16_192_64_0p5_0p02_0016_0015" 5981
"/Engine/EngineMaterials/Substrate/GLints/dict_16_192_64_0p5_0p02_0017_0000" 5982
"/Engine/EngineMaterials/Substrate/GLints/dict_16_192_64_0p5_0p02_0017_0004" 5983
"../../../Engine/Content/EngineMaterials/Substrate/GLints/dict_16_192_64_0p5_0p02_0017_0005.uasset" 5984
"../../../Engine/Content/EngineMaterials/Substrate/GLints/dict_16_192_64_0p5_0p02_0016_0012.uasset" 5985
"../../../Engine/Content/EngineMaterials/Substrate/GLints/dict_16_192_64_0p5_0p02_0017_0006.uasset" 5986
"../../../Engine/Content/EngineMaterials/Substrate/GLints/dict_16_192_64_0p5_0p02_0016_0011.uasset" 5987
"../../../Engine/Content/EngineMaterials/Substrate/GLints/dict_16_192_64_0p5_0p02_0016_0010.uasset" 5988
"../../../Engine/Content/EngineMaterials/Substrate/GLints/dict_16_192_64_0p5_0p02_0016_0014.uasset" 5989
"../../../Engine/Content/EngineMaterials/Substrate/GLints/dict_16_192_64_0p5_0p02_0016_0013.uasset" 5990
"../../../Engine/Content/EngineMaterials/Substrate/GLints/dict_16_192_64_0p5_0p02_0016_0008.uasset" 5991
"/Engine/EngineMaterials/Substrate/GLints/dict_16_192_64_0p5_0p02_0016_0014" 5992
"/Engine/EngineMaterials/Substrate/GLints/dict_16_192_64_0p5_0p02_0016_0012" 5993
"/Engine/EngineMaterials/Substrate/GLints/dict_16_192_64_0p5_0p02_0017_0005" 5994
"/Engine/EngineMaterials/Substrate/GLints/dict_16_192_64_0p5_0p02_0017_0006" 5995
"../../../Engine/Content/EngineMaterials/Substrate/GLints/dict_16_192_64_0p5_0p02_0016_0005.uasset" 5996
"/Engine/EngineMaterials/Substrate/GLints/dict_16_192_64_0p5_0p02_0016_0013" 5997
"/Engine/EngineMaterials/Substrate/GLints/dict_16_192_64_0p5_0p02_0016_0008" 5998
"../../../Engine/Content/EngineMaterials/Substrate/GLints/dict_16_192_64_0p5_0p02_0016_0004.uasset" 5999
"../../../Engine/Content/EngineMaterials/Substrate/GLints/dict_16_192_64_0p5_0p02_0016_0002.uasset" 6000
"../../../Engine/Content/EngineMaterials/Substrate/GLints/dict_16_192_64_0p5_0p02_0016_0003.uasset" 6001
"/Engine/EngineMaterials/Substrate/GLints/dict_16_192_64_0p5_0p02_0016_0010" 6002
"/Engine/EngineMaterials/Substrate/GLints/dict_16_192_64_0p5_0p02_0016_0011" 6003
"/Engine/EngineMaterials/Substrate/GLints/dict_16_192_64_0p5_0p02_0016_0003" 6004
"../../../Engine/Content/EngineMaterials/Substrate/GLints/dict_16_192_64_0p5_0p02_0016_0009.uasset" 6005
"../../../Engine/Content/EngineMaterials/Substrate/GLints/dict_16_192_64_0p5_0p02_0016_0007.uasset" 6006
"/Engine/EngineMaterials/Substrate/GLints/dict_16_192_64_0p5_0p02_0016_0004" 6007
"../../../Engine/Content/EngineMaterials/Substrate/GLints/dict_16_192_64_0p5_0p02_0016_0006.uasset" 6008
"/Engine/EngineMaterials/Substrate/GLints/dict_16_192_64_0p5_0p02_0016_0005" 6009
"../../../Engine/Content/EngineMaterials/Substrate/GLints/dict_16_192_64_0p5_0p02_0016_0000.uasset" 6010
"/Engine/EngineMaterials/Substrate/GLints/dict_16_192_64_0p5_0p02_0016_0002" 6011
"../../../Engine/Content/EngineMaterials/Substrate/GLints/dict_16_192_64_0p5_0p02_0015_0014.uasset" 6012
"../../../Engine/Content/EngineMaterials/Substrate/GLints/dict_16_192_64_0p5_0p02_0016_0001.uasset" 6013
"/Engine/EngineMaterials/Substrate/GLints/dict_16_192_64_0p5_0p02_0016_0006" 6014
"../../../Engine/Content/EngineMaterials/Substrate/GLints/dict_16_192_64_0p5_0p02_0015_0015.uasset" 6015
"/Engine/EngineMaterials/Substrate/GLints/dict_16_192_64_0p5_0p02_0016_0007" 6016
"../../../Engine/Content/EngineMaterials/Substrate/GLints/dict_16_192_64_0p5_0p02_0015_0013.uasset" 6017
"/Engine/EngineMaterials/Substrate/GLints/dict_16_192_64_0p5_0p02_0016_0009" 6018
"/Engine/EngineMaterials/Substrate/GLints/dict_16_192_64_0p5_0p02_0016_0000" 6019
"/Engine/EngineMaterials/Substrate/GLints/dict_16_192_64_0p5_0p02_0016_0001" 6020
"/Engine/EngineMaterials/Substrate/GLints/dict_16_192_64_0p5_0p02_0015_0013" 6021
"/Engine/EngineMaterials/Substrate/GLints/dict_16_192_64_0p5_0p02_0015_0014" 6022
"/Engine/EngineMaterials/Substrate/GLints/dict_16_192_64_0p5_0p02_0015_0015" 6023
"../../../Engine/Content/EngineMaterials/Substrate/GLints/dict_16_192_64_0p5_0p02_0015_0009.uasset" 6024
"../../../Engine/Content/EngineMaterials/Substrate/GLints/dict_16_192_64_0p5_0p02_0015_0007.uasset" 6025
"/Engine/EngineMaterials/Substrate/GLints/dict_16_192_64_0p5_0p02_0015_0009" 6026
"../../../Engine/Content/EngineMaterials/Substrate/GLints/dict_16_192_64_0p5_0p02_0015_0006.uasset" 6027
"../../../Engine/Content/EngineMaterials/Substrate/GLints/dict_16_192_64_0p5_0p02_0015_0008.uasset" 6028
"../../../Engine/Content/EngineMaterials/Substrate/GLints/dict_16_192_64_0p5_0p02_0015_0005.uasset" 6029
"/Engine/EngineMaterials/Substrate/GLints/dict_16_192_64_0p5_0p02_0015_0008" 6030
"/Engine/EngineMaterials/Substrate/GLints/dict_16_192_64_0p5_0p02_0015_0005" 6031
"/Engine/EngineMaterials/Substrate/GLints/dict_16_192_64_0p5_0p02_0015_0006" 6032
"/Engine/EngineMaterials/Substrate/GLints/dict_16_192_64_0p5_0p02_0015_0007" 6033
"../../../Engine/Content/EngineMaterials/Substrate/GLints/dict_16_192_64_0p5_0p02_0015_0011.uasset" 6034
"../../../Engine/Content/EngineMaterials/Substrate/GLints/dict_16_192_64_0p5_0p02_0015_0010.uasset" 6035
"../../../Engine/Content/EngineMaterials/Substrate/GLints/dict_16_192_64_0p5_0p02_0015_0012.uasset" 6036
"../../../Engine/Content/EngineMaterials/Substrate/GLints/dict_16_192_64_0p5_0p02_0015_0002.uasset" 6037
"../../../Engine/Content/EngineMaterials/Substrate/GLints/dict_16_192_64_0p5_0p02_0015_0003.uasset" 6038
"../../../Engine/Content/EngineMaterials/Substrate/GLints/dict_16_192_64_0p5_0p02_0015_0000.uasset" 6039
"../../../Engine/Content/EngineMaterials/Substrate/GLints/dict_16_192_64_0p5_0p02_0015_0001.uasset" 6040
"../../../Engine/Content/EngineMaterials/Substrate/GLints/dict_16_192_64_0p5_0p02_0015_0004.uasset" 6041
"/Engine/EngineMaterials/Substrate/GLints/dict_16_192_64_0p5_0p02_0015_0003" 6042
"/Engine/EngineMaterials/Substrate/GLints/dict_16_192_64_0p5_0p02_0015_0004" 6043
"/Engine/EngineMaterials/Substrate/GLints/dict_16_192_64_0p5_0p02_0015_0002" 6044
"/Engine/EngineMaterials/Substrate/GLints/dict_16_192_64_0p5_0p02_0015_0010" 6045
"../../../Engine/Content/EngineMaterials/Substrate/GLints/dict_16_192_64_0p5_0p02_0024_0006.uasset" 6046
"../../../Engine/Content/EngineMaterials/Substrate/GLints/dict_16_192_64_0p5_0p02_0014_0015.uasset" 6047
"/Engine/EngineMaterials/Substrate/GLints/dict_16_192_64_0p5_0p02_0015_0011" 6048
"../../../Engine/Content/EngineMaterials/Substrate/GLints/dict_16_192_64_0p5_0p02_0014_0012.uasset" 6049
"/Engine/EngineMaterials/Substrate/GLints/dict_16_192_64_0p5_0p02_0015_0012" 6050
"../../../Engine/Content/EngineMaterials/Substrate/GLints/dict_16_192_64_0p5_0p02_0014_0011.uasset" 6051
"/Engine/EngineMaterials/Substrate/GLints/dict_16_192_64_0p5_0p02_0015_0000" 6052
"/Engine/EngineMaterials/Substrate/GLints/dict_16_192_64_0p5_0p02_0015_0001" 6053
"../../../Engine/Content/EngineMaterials/Substrate/GLints/dict_16_192_64_0p5_0p02_0014_0014.uasset" 6054
"../../../Engine/Content/EngineMaterials/Substrate/GLints/dict_16_192_64_0p5_0p02_0014_0008.uasset" 6055
"/Engine/EngineMaterials/Substrate/GLints/dict_16_192_64_0p5_0p02_0014_0011" 6056
"../../../Engine/Content/EngineMaterials/Substrate/GLints/dict_16_192_64_0p5_0p02_0014_0009.uasset" 6057
"/Engine/EngineMaterials/Substrate/GLints/dict_16_192_64_0p5_0p02_0014_0008" 6058
"../../../Engine/Content/EngineMaterials/Substrate/GLints/dict_16_192_64_0p5_0p02_0014_0010.uasset" 6059
"/Engine/EngineMaterials/Substrate/GLints/dict_16_192_64_0p5_0p02_0024_0006" 6060
"/Engine/EngineMaterials/Substrate/GLints/dict_16_192_64_0p5_0p02_0014_0012" 6061
"/Engine/EngineMaterials/Substrate/GLints/dict_16_192_64_0p5_0p02_0014_0014" 6062
"/Engine/EngineMaterials/Substrate/GLints/dict_16_192_64_0p5_0p02_0014_0015" 6063
"/Engine/EngineMaterials/Substrate/GLints/dict_16_192_64_0p5_0p02_0014_0010" 6064
"/Engine/EngineMaterials/Substrate/GLints/dict_16_192_64_0p5_0p02_0014_0009" 6065
"../../../Engine/Content/EngineMaterials/Substrate/GLints/dict_16_192_64_0p5_0p02_0014_0013.uasset" 6066
"/Engine/EngineMaterials/Substrate/GLints/dict_16_192_64_0p5_0p02_0014_0013" 6067
"../../../Engine/Content/EngineMaterials/Substrate/GLints/dict_16_192_64_0p5_0p02_0014_0002.uasset" 6068
"../../../Engine/Content/EngineMaterials/Substrate/GLints/dict_16_192_64_0p5_0p02_0014_0005.uasset" 6069
"../../../Engine/Content/EngineMaterials/Substrate/GLints/dict_16_192_64_0p5_0p02_0014_0004.uasset" 6070
"../../../Engine/Content/EngineMaterials/Substrate/GLints/dict_16_192_64_0p5_0p02_0013_0014.uasset" 6071
"../../../Engine/Content/EngineMaterials/Substrate/GLints/dict_16_192_64_0p5_0p02_0013_0013.uasset" 6072
"../../../Engine/Content/EngineMaterials/Substrate/GLints/dict_16_192_64_0p5_0p02_0014_0006.uasset" 6073
"/Engine/EngineMaterials/Substrate/GLints/dict_16_192_64_0p5_0p02_0014_0002" 6074
"../../../Engine/Content/EngineMaterials/Substrate/GLints/dict_16_192_64_0p5_0p02_0013_0012.uasset" 6075
"/Engine/EngineMaterials/Substrate/GLints/dict_16_192_64_0p5_0p02_0014_0004" 6076
"../../../Engine/Content/EngineMaterials/Substrate/GLints/dict_16_192_64_0p5_0p02_0014_0001.uasset" 6077
"/Engine/EngineMaterials/Substrate/GLints/dict_16_192_64_0p5_0p02_0014_0005" 6078
"/Engine/EngineMaterials/Substrate/GLints/dict_16_192_64_0p5_0p02_0014_0006" 6079
"/Engine/EngineMaterials/Substrate/GLints/dict_16_192_64_0p5_0p02_0013_0013" 6080
"/Engine/EngineMaterials/Substrate/GLints/dict_16_192_64_0p5_0p02_0013_0012" 6081
"/Engine/EngineMaterials/Substrate/GLints/dict_16_192_64_0p5_0p02_0013_0014" 6082
"/Engine/EngineMaterials/Substrate/GLints/dict_16_192_64_0p5_0p02_0014_0001" 6083
"../../../Engine/Content/EngineMaterials/Substrate/GLints/dict_16_192_64_0p5_0p02_0013_0011.uasset" 6084
"../../../Engine/Content/EngineMaterials/Substrate/GLints/dict_16_192_64_0p5_0p02_0013_0010.uasset" 6085
"../../../Engine/Content/EngineMaterials/Substrate/GLints/dict_16_192_64_0p5_0p02_0013_0015.uasset" 6086
"../../../Engine/Content/EngineMaterials/Substrate/GLints/dict_16_192_64_0p5_0p02_0014_0003.uasset" 6087
"../../../Engine/Content/EngineMaterials/Substrate/GLints/dict_16_192_64_0p5_0p02_0014_0000.uasset" 6088
"../../../Engine/Content/EngineMaterials/Substrate/GLints/dict_16_192_64_0p5_0p02_0013_0008.uasset" 6089
"../../../Engine/Content/EngineMaterials/Substrate/GLints/dict_16_192_64_0p5_0p02_0013_0005.uasset" 6090
"../../../Engine/Content/EngineMaterials/Substrate/GLints/dict_16_192_64_0p5_0p02_0013_0007.uasset" 6091
"../../../Engine/Content/EngineMaterials/Substrate/GLints/dict_16_192_64_0p5_0p02_0014_0007.uasset" 6092
"../../../Engine/Content/EngineMaterials/Substrate/GLints/dict_16_192_64_0p5_0p02_0013_0006.uasset" 6093
"../../../Engine/Content/EngineMaterials/Substrate/GLints/dict_16_192_64_0p5_0p02_0013_0009.uasset" 6094
"/Engine/EngineMaterials/Substrate/GLints/dict_16_192_64_0p5_0p02_0013_0009" 6095
"/Engine/EngineMaterials/Substrate/GLints/dict_16_192_64_0p5_0p02_0013_0010" 6096
"/Engine/EngineMaterials/Substrate/GLints/dict_16_192_64_0p5_0p02_0013_0011" 6097
"../../../Engine/Content/EngineMaterials/Substrate/GLints/dict_16_192_64_0p5_0p02_0013_0000.uasset" 6098
"../../../Engine/Content/EngineMaterials/Substrate/GLints/dict_16_192_64_0p5_0p02_0012_0012.uasset" 6099
"/Engine/EngineMaterials/Substrate/GLints/dict_16_192_64_0p5_0p02_0014_0007" 6100
"/Engine/EngineMaterials/Substrate/GLints/dict_16_192_64_0p5_0p02_0014_0003" 6101
"../../../Engine/Content/EngineMaterials/Substrate/GLints/dict_16_192_64_0p5_0p02_0012_0013.uasset" 6102
"/Engine/EngineMaterials/Substrate/GLints/dict_16_192_64_0p5_0p02_0013_0005" 6103
"../../../Engine/Content/EngineMaterials/Substrate/GLints/dict_16_192_64_0p5_0p02_0013_0001.uasset" 6104
"/Engine/EngineMaterials/Substrate/GLints/dict_16_192_64_0p5_0p02_0013_0006" 6105
"/Engine/EngineMaterials/Substrate/GLints/dict_16_192_64_0p5_0p02_0013_0015" 6106
"/Engine/EngineMaterials/Substrate/GLints/dict_16_192_64_0p5_0p02_0013_0007" 6107
"/Engine/EngineMaterials/Substrate/GLints/dict_16_192_64_0p5_0p02_0014_0000" 6108
"/Engine/EngineMaterials/Substrate/GLints/dict_16_192_64_0p5_0p02_0013_0008" 6109
"/Engine/EngineMaterials/Substrate/GLints/dict_16_192_64_0p5_0p02_0013_0001" 6110
"../../../Engine/Content/EngineMaterials/Substrate/GLints/dict_16_192_64_0p5_0p02_0012_0011.uasset" 6111
"/Engine/EngineMaterials/Substrate/GLints/dict_16_192_64_0p5_0p02_0012_0012" 6112
"/Engine/EngineMaterials/Substrate/GLints/dict_16_192_64_0p5_0p02_0012_0013" 6113
"/Engine/EngineMaterials/Substrate/GLints/dict_16_192_64_0p5_0p02_0013_0000" 6114
"/Engine/EngineMaterials/Substrate/GLints/dict_16_192_64_0p5_0p02_0012_0011" 6115
"../../../Engine/Content/EngineMaterials/Substrate/GLints/dict_16_192_64_0p5_0p02_0012_0015.uasset" 6116
"../../../Engine/Content/EngineMaterials/Substrate/GLints/dict_16_192_64_0p5_0p02_0012_0008.uasset" 6117
"../../../Engine/Content/EngineMaterials/Substrate/GLints/dict_16_192_64_0p5_0p02_0012_0010.uasset" 6118
"/Engine/EngineMaterials/Substrate/GLints/dict_16_192_64_0p5_0p02_0012_0008" 6119
"/Engine/EngineMaterials/Substrate/GLints/dict_16_192_64_0p5_0p02_0012_0015" 6120
"/Engine/EngineMaterials/Substrate/GLints/dict_16_192_64_0p5_0p02_0012_0010" 6121
"../../../Engine/Content/EngineMaterials/Substrate/GLints/dict_16_192_64_0p5_0p02_0012_0007.uasset" 6122
"../../../Engine/Content/EngineMaterials/Substrate/GLints/dict_16_192_64_0p5_0p02_0012_0009.uasset" 6123
"../../../Engine/Content/EngineMaterials/Substrate/GLints/dict_16_192_64_0p5_0p02_0012_0005.uasset" 6124
"../../../Engine/Content/EngineMaterials/Substrate/GLints/dict_16_192_64_0p5_0p02_0012_0006.uasset" 6125
"../../../Engine/Content/EngineMaterials/Substrate/GLints/dict_16_192_64_0p5_0p02_0012_0004.uasset" 6126
"../../../Engine/Content/EngineMaterials/Substrate/GLints/dict_16_192_64_0p5_0p02_0012_0002.uasset" 6127
"../../../Engine/Content/EngineMaterials/Substrate/GLints/dict_16_192_64_0p5_0p02_0012_0003.uasset" 6128
"/Engine/EngineMaterials/Substrate/GLints/dict_16_192_64_0p5_0p02_0012_0009" 6129
"../../../Engine/Content/EngineMaterials/Substrate/GLints/dict_16_192_64_0p5_0p02_0013_0004.uasset" 6130
"/Engine/EngineMaterials/Substrate/GLints/dict_16_192_64_0p5_0p02_0012_0005" 6131
"/Engine/EngineMaterials/Substrate/GLints/dict_16_192_64_0p5_0p02_0012_0002" 6132
"/Engine/EngineMaterials/Substrate/GLints/dict_16_192_64_0p5_0p02_0012_0003" 6133
"../../../Engine/Content/EngineMaterials/Substrate/GLints/dict_16_192_64_0p5_0p02_0012_0000.uasset" 6134
"../../../Engine/Content/EngineMaterials/Substrate/GLints/dict_16_192_64_0p5_0p02_0011_0015.uasset" 6135
"/Engine/EngineMaterials/Substrate/GLints/dict_16_192_64_0p5_0p02_0012_0006" 6136
"/Engine/EngineMaterials/Substrate/GLints/dict_16_192_64_0p5_0p02_0012_0004" 6137
"/Engine/EngineMaterials/Substrate/GLints/dict_16_192_64_0p5_0p02_0012_0007" 6138
"../../../Engine/Content/EngineMaterials/Substrate/GLints/dict_16_192_64_0p5_0p02_0012_0001.uasset" 6139
"/Engine/EngineMaterials/Substrate/GLints/dict_16_192_64_0p5_0p02_0012_0000" 6140
"/Engine/EngineMaterials/Substrate/GLints/dict_16_192_64_0p5_0p02_0012_0001" 6141
"../../../Engine/Content/EngineMaterials/Substrate/GLints/dict_16_192_64_0p5_0p02_0013_0003.uasset" 6142
"../../../Engine/Content/EngineMaterials/Substrate/GLints/dict_16_192_64_0p5_0p02_0011_0013.uasset" 6143
"/Engine/EngineMaterials/Substrate/GLints/dict_16_192_64_0p5_0p02_0013_0004" 6144
"../../../Engine/Content/EngineMaterials/Substrate/GLints/dict_16_192_64_0p5_0p02_0012_0014.uasset" 6145
"/Engine/EngineMaterials/Substrate/GLints/dict_16_192_64_0p5_0p02_0011_0015" 6146
"/Engine/EngineMaterials/Substrate/GLints/dict_16_192_64_0p5_0p02_0013_0003" 6147
"/Engine/EngineMaterials/Substrate/GLints/dict_16_192_64_0p5_0p02_0012_0014" 6148
"../../../Engine/Content/EngineMaterials/Substrate/GLints/dict_16_192_64_0p5_0p02_0011_0009.uasset" 6149
"/Engine/EngineMaterials/Substrate/GLints/dict_16_192_64_0p5_0p02_0011_0013" 6150
"/Engine/EngineMaterials/Substrate/GLints/dict_16_192_64_0p5_0p02_0011_0009" 6151
"../../../Engine/Content/EngineMaterials/Substrate/GLints/dict_16_192_64_0p5_0p02_0011_0014.uasset" 6152
"../../../Engine/Content/EngineMaterials/Substrate/GLints/dict_16_192_64_0p5_0p02_0011_0011.uasset" 6153
"../../../Engine/Content/EngineMaterials/Substrate/GLints/dict_16_192_64_0p5_0p02_0011_0010.uasset" 6154
"../../../Engine/Content/EngineMaterials/Substrate/GLints/dict_16_192_64_0p5_0p02_0011_0008.uasset" 6155
"../../../Engine/Content/EngineMaterials/Substrate/GLints/dict_16_192_64_0p5_0p02_0013_0002.uasset" 6156
"../../../Engine/Content/EngineMaterials/Substrate/GLints/dict_16_192_64_0p5_0p02_0011_0007.uasset" 6157
"../../../Engine/Content/EngineMaterials/Substrate/GLints/dict_16_192_64_0p5_0p02_0011_0005.uasset" 6158
"../../../Engine/Content/EngineMaterials/Substrate/GLints/dict_16_192_64_0p5_0p02_0011_0004.uasset" 6159
"../../../Engine/Content/EngineMaterials/Substrate/GLints/dict_16_192_64_0p5_0p02_0011_0003.uasset" 6160
"/Engine/EngineMaterials/Substrate/GLints/dict_16_192_64_0p5_0p02_0011_0005" 6161
"../../../Engine/Content/EngineMaterials/Substrate/GLints/dict_16_192_64_0p5_0p02_0011_0001.uasset" 6162
"../../../Engine/Content/EngineMaterials/Substrate/GLints/dict_16_192_64_0p5_0p02_0011_0012.uasset" 6163
"/Engine/EngineMaterials/Substrate/GLints/dict_16_192_64_0p5_0p02_0013_0002" 6164
"/Engine/EngineMaterials/Substrate/GLints/dict_16_192_64_0p5_0p02_0011_0007" 6165
"/Engine/EngineMaterials/Substrate/GLints/dict_16_192_64_0p5_0p02_0011_0008" 6166
"/Engine/EngineMaterials/Substrate/GLints/dict_16_192_64_0p5_0p02_0011_0003" 6167
"/Engine/EngineMaterials/Substrate/GLints/dict_16_192_64_0p5_0p02_0011_0010" 6168
"../../../Engine/Content/EngineMaterials/Substrate/GLints/dict_16_192_64_0p5_0p02_0010_0014.uasset" 6169
"../../../Engine/Content/EngineMaterials/Substrate/GLints/dict_16_192_64_0p5_0p02_0011_0002.uasset" 6170
"/Engine/EngineMaterials/Substrate/GLints/dict_16_192_64_0p5_0p02_0011_0011" 6171
"../../../Engine/Content/EngineMaterials/Substrate/GLints/dict_16_192_64_0p5_0p02_0010_0015.uasset" 6172
"/Engine/EngineMaterials/Substrate/GLints/dict_16_192_64_0p5_0p02_0011_0004" 6173
"/Engine/EngineMaterials/Substrate/GLints/dict_16_192_64_0p5_0p02_0011_0014" 6174
"/Engine/EngineMaterials/Substrate/GLints/dict_16_192_64_0p5_0p02_0011_0001" 6175
"/Engine/EngineMaterials/Substrate/GLints/dict_16_192_64_0p5_0p02_0011_0002" 6176
"/Engine/EngineMaterials/Substrate/GLints/dict_16_192_64_0p5_0p02_0010_0014" 6177
"../../../Engine/Content/EngineMaterials/Substrate/GLints/dict_16_192_64_0p5_0p02_0010_0013.uasset" 6178
"../../../Engine/Content/EngineMaterials/Substrate/GLints/dict_16_192_64_0p5_0p02_0010_0012.uasset" 6179
"/Engine/EngineMaterials/Substrate/GLints/dict_16_192_64_0p5_0p02_0011_0012" 6180
"/Engine/EngineMaterials/Substrate/GLints/dict_16_192_64_0p5_0p02_0010_0015" 6181
"/Engine/EngineMaterials/Substrate/GLints/dict_16_192_64_0p5_0p02_0010_0013" 6182
"../../../Engine/Content/EngineMaterials/Substrate/GLints/dict_16_192_64_0p5_0p02_0010_0011.uasset" 6183
"../../../Engine/Content/EngineMaterials/Substrate/GLints/dict_16_192_64_0p5_0p02_0010_0010.uasset" 6184
"/Engine/EngineMaterials/Substrate/GLints/dict_16_192_64_0p5_0p02_0010_0012" 6185
"../../../Engine/Content/EngineMaterials/Substrate/GLints/dict_16_192_64_0p5_0p02_0010_0009.uasset" 6186
"/Engine/EngineMaterials/Substrate/GLints/dict_16_192_64_0p5_0p02_0010_0009" 6187
"/Engine/EngineMaterials/Substrate/GLints/dict_16_192_64_0p5_0p02_0010_0010" 6188
"/Engine/EngineMaterials/Substrate/GLints/dict_16_192_64_0p5_0p02_0010_0011" 6189
"../../../Engine/Content/EngineMaterials/Substrate/GLints/dict_16_192_64_0p5_0p02_0010_0008.uasset" 6190
"../../../Engine/Content/EngineMaterials/Substrate/GLints/dict_16_192_64_0p5_0p02_0010_0006.uasset" 6191
"../../../Engine/Content/EngineMaterials/Substrate/GLints/dict_16_192_64_0p5_0p02_0010_0005.uasset" 6192
"../../../Engine/Content/EngineMaterials/Substrate/GLints/dict_16_192_64_0p5_0p02_0010_0002.uasset" 6193
"../../../Engine/Content/EngineMaterials/Substrate/GLints/dict_16_192_64_0p5_0p02_0010_0004.uasset" 6194
"../../../Engine/Content/EngineMaterials/Substrate/GLints/dict_16_192_64_0p5_0p02_0010_0000.uasset" 6195
"../../../Engine/Content/EngineMaterials/Substrate/GLints/dict_16_192_64_0p5_0p02_0009_0015.uasset" 6196
"../../../Engine/Content/EngineMaterials/Substrate/GLints/dict_16_192_64_0p5_0p02_0010_0001.uasset" 6197
"../../../Engine/Content/EngineMaterials/Substrate/GLints/dict_16_192_64_0p5_0p02_0010_0003.uasset" 6198
"/Engine/EngineMaterials/Substrate/GLints/dict_16_192_64_0p5_0p02_0010_0006" 6199
"/Engine/EngineMaterials/Substrate/GLints/dict_16_192_64_0p5_0p02_0010_0002" 6200
"/Engine/EngineMaterials/Substrate/GLints/dict_16_192_64_0p5_0p02_0010_0003" 6201
"/Engine/EngineMaterials/Substrate/GLints/dict_16_192_64_0p5_0p02_0009_0015" 6202
"../../../Engine/Content/EngineMaterials/Substrate/GLints/dict_16_192_64_0p5_0p02_0010_0007.uasset" 6203
"/Engine/EngineMaterials/Substrate/GLints/dict_16_192_64_0p5_0p02_0010_0000" 6204
"/Engine/EngineMaterials/Substrate/GLints/dict_16_192_64_0p5_0p02_0010_0008" 6205
"/Engine/EngineMaterials/Substrate/GLints/dict_16_192_64_0p5_0p02_0010_0004" 6206
"../../../Engine/Content/EngineMaterials/Substrate/GLints/dict_16_192_64_0p5_0p02_0009_0014.uasset" 6207
"../../../Engine/Content/EngineMaterials/Substrate/GLints/dict_16_192_64_0p5_0p02_0009_0009.uasset" 6208
"/Engine/EngineMaterials/Substrate/GLints/dict_16_192_64_0p5_0p02_0010_0001" 6209
"/Engine/EngineMaterials/Substrate/GLints/dict_16_192_64_0p5_0p02_0010_0005" 6210
"../../../Engine/Content/EngineMaterials/Substrate/GLints/dict_16_192_64_0p5_0p02_0009_0012.uasset" 6211
"../../../Engine/Content/EngineMaterials/Substrate/GLints/dict_16_192_64_0p5_0p02_0009_0011.uasset" 6212
"/Engine/EngineMaterials/Substrate/GLints/dict_16_192_64_0p5_0p02_0009_0009" 6213
"/Engine/EngineMaterials/Substrate/GLints/dict_16_192_64_0p5_0p02_0010_0007" 6214
"../../../Engine/Content/EngineMaterials/Substrate/GLints/dict_16_192_64_0p5_0p02_0009_0010.uasset" 6215
"/Engine/EngineMaterials/Substrate/GLints/dict_16_192_64_0p5_0p02_0009_0014" 6216
"../../../Engine/Content/EngineMaterials/Substrate/GLints/dict_16_192_64_0p5_0p02_0009_0013.uasset" 6217
"/Engine/EngineMaterials/Substrate/GLints/dict_16_192_64_0p5_0p02_0009_0011" 6218
"/Engine/EngineMaterials/Substrate/GLints/dict_16_192_64_0p5_0p02_0009_0012" 6219
"/Engine/EngineMaterials/Substrate/GLints/dict_16_192_64_0p5_0p02_0009_0010" 6220
"/Engine/EngineMaterials/Substrate/GLints/dict_16_192_64_0p5_0p02_0009_0013" 6221
"../../../Engine/Content/EngineMaterials/Substrate/GLints/dict_16_192_64_0p5_0p02_0009_0006.uasset" 6222
"../../../Engine/Content/EngineMaterials/Substrate/GLints/dict_16_192_64_0p5_0p02_0009_0007.uasset" 6223
"../../../Engine/Content/EngineMaterials/Substrate/GLints/dict_16_192_64_0p5_0p02_0009_0004.uasset" 6224
"../../../Engine/Content/EngineMaterials/Substrate/GLints/dict_16_192_64_0p5_0p02_0009_0005.uasset" 6225
"../../../Engine/Content/EngineMaterials/Substrate/GLints/dict_16_192_64_0p5_0p02_0009_0003.uasset" 6226
"../../../Engine/Content/EngineMaterials/Substrate/GLints/dict_16_192_64_0p5_0p02_0009_0002.uasset" 6227
"/Engine/EngineMaterials/Substrate/GLints/dict_16_192_64_0p5_0p02_0009_0005" 6228
"../../../Engine/Content/EngineMaterials/Substrate/GLints/dict_16_192_64_0p5_0p02_0008_0015.uasset" 6229
"../../../Engine/Content/EngineMaterials/Substrate/GLints/dict_16_192_64_0p5_0p02_0009_0001.uasset" 6230
"../../../Engine/Content/EngineMaterials/Substrate/GLints/dict_16_192_64_0p5_0p02_0008_0014.uasset" 6231
"/Engine/EngineMaterials/Substrate/GLints/dict_16_192_64_0p5_0p02_0009_0006" 6232
"/Engine/EngineMaterials/Substrate/GLints/dict_16_192_64_0p5_0p02_0009_0007" 6233
"../../../Engine/Content/EngineMaterials/Substrate/GLints/dict_16_192_64_0p5_0p02_0011_0000.uasset" 6234
"/Engine/EngineMaterials/Substrate/GLints/dict_16_192_64_0p5_0p02_0009_0002" 6235
"/Engine/EngineMaterials/Substrate/GLints/dict_16_192_64_0p5_0p02_0009_0003" 6236
"/Engine/EngineMaterials/Substrate/GLints/dict_16_192_64_0p5_0p02_0009_0004" 6237
"/Engine/EngineMaterials/Substrate/GLints/dict_16_192_64_0p5_0p02_0011_0000" 6238
"/Engine/EngineMaterials/Substrate/GLints/dict_16_192_64_0p5_0p02_0009_0001" 6239
"/Engine/EngineMaterials/Substrate/GLints/dict_16_192_64_0p5_0p02_0008_0014" 6240
"/Engine/EngineMaterials/Substrate/GLints/dict_16_192_64_0p5_0p02_0008_0015" 6241
"../../../Engine/Content/EngineMaterials/Substrate/GLints/dict_16_192_64_0p5_0p02_0009_0000.uasset" 6242
"/Engine/EngineMaterials/Substrate/GLints/dict_16_192_64_0p5_0p02_0009_0000" 6243
"../../../Engine/Content/EngineMaterials/Substrate/GLints/dict_16_192_64_0p5_0p02_0008_0009.uasset" 6244
"../../../Engine/Content/EngineMaterials/Substrate/GLints/dict_16_192_64_0p5_0p02_0008_0012.uasset" 6245
"../../../Engine/Content/EngineMaterials/Substrate/GLints/dict_16_192_64_0p5_0p02_0009_0008.uasset" 6246
"../../../Engine/Content/EngineMaterials/Substrate/GLints/dict_16_192_64_0p5_0p02_0008_0010.uasset" 6247
"../../../Engine/Content/EngineMaterials/Substrate/GLints/dict_16_192_64_0p5_0p02_0008_0013.uasset" 6248
"../../../Engine/Content/EngineMaterials/Substrate/GLints/dict_16_192_64_0p5_0p02_0008_0011.uasset" 6249
"../../../Engine/Content/EngineMaterials/Substrate/GLints/dict_16_192_64_0p5_0p02_0008_0007.uasset" 6250
"../../../Engine/Content/EngineMaterials/Substrate/GLints/dict_16_192_64_0p5_0p02_0008_0004.uasset" 6251
"../../../Engine/Content/EngineMaterials/Substrate/GLints/dict_16_192_64_0p5_0p02_0008_0005.uasset" 6252
"../../../Engine/Content/EngineMaterials/Substrate/GLints/dict_16_192_64_0p5_0p02_0008_0003.uasset" 6253
"../../../Engine/Content/EngineMaterials/Substrate/GLints/dict_16_192_64_0p5_0p02_0008_0006.uasset" 6254
"/Engine/EngineMaterials/Substrate/GLints/dict_16_192_64_0p5_0p02_0008_0003" 6255
"/Engine/EngineMaterials/Substrate/GLints/dict_16_192_64_0p5_0p02_0008_0004" 6256
"/Engine/EngineMaterials/Substrate/GLints/dict_16_192_64_0p5_0p02_0009_0008" 6257
"/Engine/EngineMaterials/Substrate/GLints/dict_16_192_64_0p5_0p02_0008_0005" 6258
"../../../Engine/Content/EngineMaterials/Substrate/GLints/dict_16_192_64_0p5_0p02_0008_0001.uasset" 6259
"/Engine/EngineMaterials/Substrate/GLints/dict_16_192_64_0p5_0p02_0008_0006" 6260
"/Engine/EngineMaterials/Substrate/GLints/dict_16_192_64_0p5_0p02_0008_0007" 6261
"../../../Engine/Content/EngineMaterials/Substrate/GLints/dict_16_192_64_0p5_0p02_0008_0000.uasset" 6262
"/Engine/EngineMaterials/Substrate/GLints/dict_16_192_64_0p5_0p02_0008_0011" 6263
"/Engine/EngineMaterials/Substrate/GLints/dict_16_192_64_0p5_0p02_0008_0012" 6264
"/Engine/EngineMaterials/Substrate/GLints/dict_16_192_64_0p5_0p02_0008_0009" 6265
"/Engine/EngineMaterials/Substrate/GLints/dict_16_192_64_0p5_0p02_0008_0013" 6266
"../../../Engine/Content/EngineMaterials/Substrate/GLints/dict_16_192_64_0p5_0p02_0007_0015.uasset" 6267
"../../../Engine/Content/EngineMaterials/Substrate/GLints/dict_16_192_64_0p5_0p02_0007_0014.uasset" 6268
"/Engine/EngineMaterials/Substrate/GLints/dict_16_192_64_0p5_0p02_0008_0010" 6269
"/Engine/EngineMaterials/Substrate/GLints/dict_16_192_64_0p5_0p02_0007_0014" 6270
"/Engine/EngineMaterials/Substrate/GLints/dict_16_192_64_0p5_0p02_0007_0015" 6271
"/Engine/EngineMaterials/Substrate/GLints/dict_16_192_64_0p5_0p02_0008_0000" 6272
"../../../Engine/Content/EngineMaterials/Substrate/GLints/dict_16_192_64_0p5_0p02_0007_0012.uasset" 6273
"../../../Engine/Content/EngineMaterials/Substrate/GLints/dict_16_192_64_0p5_0p02_0007_0010.uasset" 6274
"/Engine/EngineMaterials/Substrate/GLints/dict_16_192_64_0p5_0p02_0008_0001" 6275
"../../../Engine/Content/EngineMaterials/Substrate/GLints/dict_16_192_64_0p5_0p02_0007_0013.uasset" 6276
"/Engine/EngineMaterials/Substrate/GLints/dict_16_192_64_0p5_0p02_0007_0013" 6277
"/Engine/EngineMaterials/Substrate/GLints/dict_16_192_64_0p5_0p02_0007_0010" 6278
"../../../Engine/Content/EngineMaterials/Substrate/GLints/dict_16_192_64_0p5_0p02_0007_0011.uasset" 6279
"/Engine/EngineMaterials/Substrate/GLints/dict_16_192_64_0p5_0p02_0007_0012" 6280
"/Engine/EngineMaterials/Substrate/GLints/dict_16_192_64_0p5_0p02_0007_0011" 6281
"../../../Engine/Content/EngineMaterials/Substrate/GLints/dict_16_192_64_0p5_0p02_0007_0008.uasset" 6282
"/Engine/EngineMaterials/Substrate/GLints/dict_16_192_64_0p5_0p02_0007_0008" 6283
"../../../Engine/Content/EngineMaterials/Substrate/GLints/dict_16_192_64_0p5_0p02_0008_0008.uasset" 6284
"../../../Engine/Content/EngineMaterials/Substrate/GLints/dict_16_192_64_0p5_0p02_0007_0007.uasset" 6285
"../../../Engine/Content/EngineMaterials/Substrate/GLints/dict_16_192_64_0p5_0p02_0007_0006.uasset" 6286
"../../../Engine/Content/EngineMaterials/Substrate/GLints/dict_16_192_64_0p5_0p02_0008_0002.uasset" 6287
"../../../Engine/Content/EngineMaterials/Substrate/GLints/dict_16_192_64_0p5_0p02_0007_0004.uasset" 6288
"../../../Engine/Content/EngineMaterials/Substrate/GLints/dict_16_192_64_0p5_0p02_0007_0005.uasset" 6289
"../../../Engine/Content/EngineMaterials/Substrate/GLints/dict_16_192_64_0p5_0p02_0007_0009.uasset" 6290
"../../../Engine/Content/EngineMaterials/Substrate/GLints/dict_16_192_64_0p5_0p02_0011_0006.uasset" 6291
"../../../Engine/Content/EngineMaterials/Substrate/GLints/dict_16_192_64_0p5_0p02_0007_0003.uasset" 6292
"../../../Engine/Content/EngineMaterials/Substrate/GLints/dict_16_192_64_0p5_0p02_0007_0001.uasset" 6293
"../../../Engine/Content/EngineMaterials/Substrate/GLints/dict_16_192_64_0p5_0p02_0006_0014.uasset" 6294
"../../../Engine/Content/EngineMaterials/Substrate/GLints/dict_16_192_64_0p5_0p02_0006_0013.uasset" 6295
"../../../Engine/Content/EngineMaterials/Substrate/GLints/dict_16_192_64_0p5_0p02_0007_0000.uasset" 6296
"/Engine/EngineMaterials/Substrate/GLints/dict_16_192_64_0p5_0p02_0007_0005" 6297
"/Engine/EngineMaterials/Substrate/GLints/dict_16_192_64_0p5_0p02_0008_0002" 6298
"/Engine/EngineMaterials/Substrate/GLints/dict_16_192_64_0p5_0p02_0007_0000" 6299
"/Engine/EngineMaterials/Substrate/GLints/dict_16_192_64_0p5_0p02_0007_0006" 6300
"/Engine/EngineMaterials/Substrate/GLints/dict_16_192_64_0p5_0p02_0011_0006" 6301
"../../../Engine/Content/EngineMaterials/Substrate/GLints/dict_16_192_64_0p5_0p02_0006_0010.uasset" 6302
"../../../Engine/Content/EngineMaterials/Substrate/GLints/dict_16_192_64_0p5_0p02_0006_0009.uasset" 6303
"/Engine/EngineMaterials/Substrate/GLints/dict_16_192_64_0p5_0p02_0007_0007" 6304
"../../../Engine/Content/EngineMaterials/Substrate/GLints/dict_16_192_64_0p5_0p02_0006_0015.uasset" 6305
"/Engine/EngineMaterials/Substrate/GLints/dict_16_192_64_0p5_0p02_0007_0001" 6306
"../../../Engine/Content/EngineMaterials/Substrate/GLints/dict_16_192_64_0p5_0p02_0006_0008.uasset" 6307
"/Engine/EngineMaterials/Substrate/GLints/dict_16_192_64_0p5_0p02_0007_0003" 6308
"/Engine/EngineMaterials/Substrate/GLints/dict_16_192_64_0p5_0p02_0008_0008" 6309
"/Engine/EngineMaterials/Substrate/GLints/dict_16_192_64_0p5_0p02_0007_0009" 6310
"/Engine/EngineMaterials/Substrate/GLints/dict_16_192_64_0p5_0p02_0006_0013" 6311
"/Engine/EngineMaterials/Substrate/GLints/dict_16_192_64_0p5_0p02_0006_0014" 6312
"/Engine/EngineMaterials/Substrate/GLints/dict_16_192_64_0p5_0p02_0007_0004" 6313
"/Engine/EngineMaterials/Substrate/GLints/dict_16_192_64_0p5_0p02_0006_0008" 6314
"../../../Engine/Content/EngineMaterials/Substrate/GLints/dict_16_192_64_0p5_0p02_0006_0005.uasset" 6315
"/Engine/EngineMaterials/Substrate/GLints/dict_16_192_64_0p5_0p02_0006_0009" 6316
"/Engine/EngineMaterials/Substrate/GLints/dict_16_192_64_0p5_0p02_0006_0010" 6317
"/Engine/EngineMaterials/Substrate/GLints/dict_16_192_64_0p5_0p02_0006_0015" 6318
"/Engine/EngineMaterials/Substrate/GLints/dict_16_192_64_0p5_0p02_0006_0005" 6319
"../../../Engine/Content/EngineMaterials/Substrate/GLints/dict_16_192_64_0p5_0p02_0006_0006.uasset" 6320
"../../../Engine/Content/EngineMaterials/Substrate/GLints/dict_16_192_64_0p5_0p02_0006_0007.uasset" 6321
"../../../Engine/Content/EngineMaterials/Substrate/GLints/dict_16_192_64_0p5_0p02_0006_0004.uasset" 6322
"../../../Engine/Content/EngineMaterials/Substrate/GLints/dict_16_192_64_0p5_0p02_0006_0011.uasset" 6323
"../../../Engine/Content/EngineMaterials/Substrate/GLints/dict_16_192_64_0p5_0p02_0006_0003.uasset" 6324
"../../../Engine/Content/EngineMaterials/Substrate/GLints/dict_16_192_64_0p5_0p02_0006_0002.uasset" 6325
"../../../Engine/Content/EngineMaterials/Substrate/GLints/dict_16_192_64_0p5_0p02_0006_0001.uasset" 6326
"../../../Engine/Content/EngineMaterials/Substrate/GLints/dict_16_192_64_0p5_0p02_0005_0015.uasset" 6327
"../../../Engine/Content/EngineMaterials/Substrate/GLints/dict_16_192_64_0p5_0p02_0006_0000.uasset" 6328
"../../../Engine/Content/EngineMaterials/Substrate/GLints/dict_16_192_64_0p5_0p02_0005_0013.uasset" 6329
"/Engine/EngineMaterials/Substrate/GLints/dict_16_192_64_0p5_0p02_0006_0006" 6330
"../../../Engine/Content/EngineMaterials/Substrate/GLints/dict_16_192_64_0p5_0p02_0005_0014.uasset" 6331
"/Engine/EngineMaterials/Substrate/GLints/dict_16_192_64_0p5_0p02_0006_0007" 6332
"../../../Engine/Content/EngineMaterials/Substrate/GLints/dict_16_192_64_0p5_0p02_0005_0010.uasset" 6333
"../../../Engine/Content/EngineMaterials/Substrate/GLints/dict_16_192_64_0p5_0p02_0006_0012.uasset" 6334
"/Engine/EngineMaterials/Substrate/GLints/dict_16_192_64_0p5_0p02_0006_0001" 6335
"/Engine/EngineMaterials/Substrate/GLints/dict_16_192_64_0p5_0p02_0006_0002" 6336
"/Engine/EngineMaterials/Substrate/GLints/dict_16_192_64_0p5_0p02_0006_0003" 6337
"/Engine/EngineMaterials/Substrate/GLints/dict_16_192_64_0p5_0p02_0006_0011" 6338
"/Engine/EngineMaterials/Substrate/GLints/dict_16_192_64_0p5_0p02_0006_0004" 6339
"/Engine/EngineMaterials/Substrate/GLints/dict_16_192_64_0p5_0p02_0005_0015" 6340
"/Engine/EngineMaterials/Substrate/GLints/dict_16_192_64_0p5_0p02_0006_0000" 6341
"../../../Engine/Content/EngineMaterials/Substrate/GLints/dict_16_192_64_0p5_0p02_0005_0007.uasset" 6342
"/Engine/EngineMaterials/Substrate/GLints/dict_16_192_64_0p5_0p02_0005_0014" 6343
"../../../Engine/Content/EngineMaterials/Substrate/GLints/dict_16_192_64_0p5_0p02_0005_0008.uasset" 6344
"/Engine/EngineMaterials/Substrate/GLints/dict_16_192_64_0p5_0p02_0005_0007" 6345
"/Engine/EngineMaterials/Substrate/GLints/dict_16_192_64_0p5_0p02_0005_0013" 6346
"/Engine/EngineMaterials/Substrate/GLints/dict_16_192_64_0p5_0p02_0005_0010" 6347
"/Engine/EngineMaterials/Substrate/GLints/dict_16_192_64_0p5_0p02_0005_0008" 6348
"../../../Engine/Content/EngineMaterials/Substrate/GLints/dict_16_192_64_0p5_0p02_0005_0006.uasset" 6349
"../../../Engine/Content/EngineMaterials/Substrate/GLints/dict_16_192_64_0p5_0p02_0007_0002.uasset" 6350
"/Engine/EngineMaterials/Substrate/GLints/dict_16_192_64_0p5_0p02_0007_0002" 6351
"/Engine/EngineMaterials/Substrate/GLints/dict_16_192_64_0p5_0p02_0005_0006" 6352
"../../../Engine/Content/EngineMaterials/Substrate/GLints/dict_16_192_64_0p5_0p02_0005_0009.uasset" 6353
"/Engine/EngineMaterials/Substrate/GLints/dict_16_192_64_0p5_0p02_0006_0012" 6354
"/Engine/EngineMaterials/Substrate/GLints/dict_16_192_64_0p5_0p02_0005_0009" 6355
"../../../Engine/Content/EngineMaterials/Substrate/GLints/dict_16_192_64_0p5_0p02_0005_0011.uasset" 6356
"../../../Engine/Content/EngineMaterials/Substrate/GLints/dict_16_192_64_0p5_0p02_0005_0012.uasset" 6357
"../../../Engine/Content/EngineMaterials/Substrate/GLints/dict_16_192_64_0p5_0p02_0005_0005.uasset" 6358
"../../../Engine/Content/EngineMaterials/Substrate/GLints/dict_16_192_64_0p5_0p02_0005_0003.uasset" 6359
"../../../Engine/Content/EngineMaterials/Substrate/GLints/dict_16_192_64_0p5_0p02_0005_0002.uasset" 6360
"../../../Engine/Content/EngineMaterials/Substrate/GLints/dict_16_192_64_0p5_0p02_0005_0004.uasset" 6361
"../../../Engine/Content/EngineMaterials/Substrate/GLints/dict_16_192_64_0p5_0p02_0004_0015.uasset" 6362
"/Engine/EngineMaterials/Substrate/GLints/dict_16_192_64_0p5_0p02_0004_0015" 6363
"/Engine/EngineMaterials/Substrate/GLints/dict_16_192_64_0p5_0p02_0005_0002" 6364
"/Engine/EngineMaterials/Substrate/GLints/dict_16_192_64_0p5_0p02_0005_0003" 6365
"../../../Engine/Content/EngineMaterials/Substrate/GLints/dict_16_192_64_0p5_0p02_0004_0010.uasset" 6366
"/Engine/EngineMaterials/Substrate/GLints/dict_16_192_64_0p5_0p02_0005_0004" 6367
"../../../Engine/Content/EngineMaterials/Substrate/GLints/dict_16_192_64_0p5_0p02_0004_0013.uasset" 6368
"/Engine/EngineMaterials/Substrate/GLints/dict_16_192_64_0p5_0p02_0005_0005" 6369
"../../../Engine/Content/EngineMaterials/Substrate/GLints/dict_16_192_64_0p5_0p02_0004_0008.uasset" 6370
"/Engine/EngineMaterials/Substrate/GLints/dict_16_192_64_0p5_0p02_0005_0012" 6371
"/Engine/EngineMaterials/Substrate/GLints/dict_16_192_64_0p5_0p02_0005_0011" 6372
"../../../Engine/Content/EngineMaterials/Substrate/GLints/dict_16_192_64_0p5_0p02_0004_0011.uasset" 6373
"/Engine/EngineMaterials/Substrate/GLints/dict_16_192_64_0p5_0p02_0004_0010" 6374
"/Engine/EngineMaterials/Substrate/GLints/dict_16_192_64_0p5_0p02_0004_0011" 6375
"../../../Engine/Content/EngineMaterials/Substrate/GLints/dict_16_192_64_0p5_0p02_0004_0009.uasset" 6376
"../../../Engine/Content/EngineMaterials/Substrate/GLints/dict_16_192_64_0p5_0p02_0004_0012.uasset" 6377
"../../../Engine/Content/EngineMaterials/Substrate/GLints/dict_16_192_64_0p5_0p02_0004_0014.uasset" 6378
"/Engine/EngineMaterials/Substrate/GLints/dict_16_192_64_0p5_0p02_0004_0013" 6379
"/Engine/EngineMaterials/Substrate/GLints/dict_16_192_64_0p5_0p02_0004_0008" 6380
"../../../Engine/Content/EngineMaterials/Substrate/GLints/dict_16_192_64_0p5_0p02_0004_0006.uasset" 6381
"/Engine/EngineMaterials/Substrate/GLints/dict_16_192_64_0p5_0p02_0004_0012" 6382
"../../../Engine/Content/EngineMaterials/Substrate/GLints/dict_16_192_64_0p5_0p02_0004_0007.uasset" 6383
"/Engine/EngineMaterials/Substrate/GLints/dict_16_192_64_0p5_0p02_0004_0006" 6384
"/Engine/EngineMaterials/Substrate/GLints/dict_16_192_64_0p5_0p02_0004_0009" 6385
"/Engine/EngineMaterials/Substrate/GLints/dict_16_192_64_0p5_0p02_0004_0014" 6386
"/Engine/EngineMaterials/Substrate/GLints/dict_16_192_64_0p5_0p02_0004_0007" 6387
"../../../Engine/Content/EngineMaterials/Substrate/GLints/dict_16_192_64_0p5_0p02_0004_0003.uasset" 6388
"../../../Engine/Content/EngineMaterials/Substrate/GLints/dict_16_192_64_0p5_0p02_0004_0005.uasset" 6389
"../../../Engine/Content/EngineMaterials/Substrate/GLints/dict_16_192_64_0p5_0p02_0004_0004.uasset" 6390
"../../../Engine/Content/EngineMaterials/Substrate/GLints/dict_16_192_64_0p5_0p02_0004_0000.uasset" 6391
"../../../Engine/Content/EngineMaterials/Substrate/GLints/dict_16_192_64_0p5_0p02_0004_0002.uasset" 6392
"../../../Engine/Content/EngineMaterials/Substrate/GLints/dict_16_192_64_0p5_0p02_0005_0000.uasset" 6393
"../../../Engine/Content/EngineMaterials/Substrate/GLints/dict_16_192_64_0p5_0p02_0003_0015.uasset" 6394
"../../../Engine/Content/EngineMaterials/Substrate/GLints/dict_16_192_64_0p5_0p02_0004_0001.uasset" 6395
"../../../Engine/Content/EngineMaterials/Substrate/GLints/dict_16_192_64_0p5_0p02_0003_0012.uasset" 6396
"../../../Engine/Content/EngineMaterials/Substrate/GLints/dict_16_192_64_0p5_0p02_0003_0011.uasset" 6397
"/Engine/EngineMaterials/Substrate/GLints/dict_16_192_64_0p5_0p02_0005_0000" 6398
"../../../Engine/Content/EngineMaterials/Substrate/GLints/dict_16_192_64_0p5_0p02_0003_0014.uasset" 6399
"../../../Engine/Content/EngineMaterials/Substrate/GLints/dict_16_192_64_0p5_0p02_0003_0013.uasset" 6400
"/Engine/EngineMaterials/Substrate/GLints/dict_16_192_64_0p5_0p02_0004_0001" 6401
"/Engine/EngineMaterials/Substrate/GLints/dict_16_192_64_0p5_0p02_0004_0002" 6402
"/Engine/EngineMaterials/Substrate/GLints/dict_16_192_64_0p5_0p02_0004_0003" 6403
"/Engine/EngineMaterials/Substrate/GLints/dict_16_192_64_0p5_0p02_0003_0011" 6404
"/Engine/EngineMaterials/Substrate/GLints/dict_16_192_64_0p5_0p02_0004_0004" 6405
"/Engine/EngineMaterials/Substrate/GLints/dict_16_192_64_0p5_0p02_0003_0015" 6406
"/Engine/EngineMaterials/Substrate/GLints/dict_16_192_64_0p5_0p02_0004_0005" 6407
"../../../Engine/Content/EngineMaterials/Substrate/GLints/dict_16_192_64_0p5_0p02_0003_0008.uasset" 6408
"/Engine/EngineMaterials/Substrate/GLints/dict_16_192_64_0p5_0p02_0003_0012" 6409
"/Engine/EngineMaterials/Substrate/GLints/dict_16_192_64_0p5_0p02_0004_0000" 6410
"/Engine/EngineMaterials/Substrate/GLints/dict_16_192_64_0p5_0p02_0003_0013" 6411
"../../../Engine/Content/EngineMaterials/Substrate/GLints/dict_16_192_64_0p5_0p02_0003_0006.uasset" 6412
"/Engine/EngineMaterials/Substrate/GLints/dict_16_192_64_0p5_0p02_0003_0014" 6413
"../../../Engine/Content/EngineMaterials/Substrate/GLints/dict_16_192_64_0p5_0p02_0003_0010.uasset" 6414
"/Engine/EngineMaterials/Substrate/GLints/dict_16_192_64_0p5_0p02_0003_0008" 6415
"../../../Engine/Content/EngineMaterials/Substrate/GLints/dict_16_192_64_0p5_0p02_0003_0005.uasset" 6416
"../../../Engine/Content/EngineMaterials/Substrate/GLints/dict_16_192_64_0p5_0p02_0003_0003.uasset" 6417
"../../../Engine/Content/EngineMaterials/Substrate/GLints/dict_16_192_64_0p5_0p02_0003_0004.uasset" 6418
"/Engine/EngineMaterials/Substrate/GLints/dict_16_192_64_0p5_0p02_0003_0003" 6419
"/Engine/EngineMaterials/Substrate/GLints/dict_16_192_64_0p5_0p02_0003_0004" 6420
"/Engine/EngineMaterials/Substrate/GLints/dict_16_192_64_0p5_0p02_0003_0005" 6421
"/Engine/EngineMaterials/Substrate/GLints/dict_16_192_64_0p5_0p02_0003_0010" 6422
"/Engine/EngineMaterials/Substrate/GLints/dict_16_192_64_0p5_0p02_0003_0006" 6423
"../../../Engine/Content/EngineMaterials/Substrate/GLints/dict_16_192_64_0p5_0p02_0003_0001.uasset" 6424
"../../../Engine/Content/EngineMaterials/Substrate/GLints/dict_16_192_64_0p5_0p02_0003_0009.uasset" 6425
"../../../Engine/Content/EngineMaterials/Substrate/GLints/dict_16_192_64_0p5_0p02_0003_0002.uasset" 6426
"../../../Engine/Content/EngineMaterials/Substrate/GLints/dict_16_192_64_0p5_0p02_0003_0000.uasset" 6427
"../../../Engine/Content/EngineMaterials/Substrate/GLints/dict_16_192_64_0p5_0p02_0002_0013.uasset" 6428
"/Engine/EngineMaterials/Substrate/GLints/dict_16_192_64_0p5_0p02_0003_0001" 6429
"../../../Engine/Content/EngineMaterials/Substrate/GLints/dict_16_192_64_0p5_0p02_0002_0015.uasset" 6430
"/Engine/EngineMaterials/Substrate/GLints/dict_16_192_64_0p5_0p02_0002_0013" 6431
"../../../Engine/Content/EngineMaterials/Substrate/GLints/dict_16_192_64_0p5_0p02_0002_0010.uasset" 6432
"../../../Engine/Content/EngineMaterials/Substrate/GLints/dict_16_192_64_0p5_0p02_0002_0014.uasset" 6433
"/Engine/EngineMaterials/Substrate/GLints/dict_16_192_64_0p5_0p02_0003_0002" 6434
"../../../Engine/Content/EngineMaterials/Substrate/GLints/dict_16_192_64_0p5_0p02_0002_0008.uasset" 6435
"../../../Engine/Content/EngineMaterials/Substrate/GLints/dict_16_192_64_0p5_0p02_0002_0009.uasset" 6436
"../../../Engine/Content/EngineMaterials/Substrate/GLints/dict_16_192_64_0p5_0p02_0002_0012.uasset" 6437
"/Engine/EngineMaterials/Substrate/GLints/dict_16_192_64_0p5_0p02_0003_0009" 6438
"/Engine/EngineMaterials/Substrate/GLints/dict_16_192_64_0p5_0p02_0003_0000" 6439
"/Engine/EngineMaterials/Substrate/GLints/dict_16_192_64_0p5_0p02_0002_0014" 6440
"/Engine/EngineMaterials/Substrate/GLints/dict_16_192_64_0p5_0p02_0002_0009" 6441
"/Engine/EngineMaterials/Substrate/GLints/dict_16_192_64_0p5_0p02_0002_0015" 6442
"/Engine/EngineMaterials/Substrate/GLints/dict_16_192_64_0p5_0p02_0002_0010" 6443
"/Engine/EngineMaterials/Substrate/GLints/dict_16_192_64_0p5_0p02_0002_0008" 6444
"/Engine/EngineMaterials/Substrate/GLints/dict_16_192_64_0p5_0p02_0002_0012" 6445
"../../../Engine/Content/EngineMaterials/Substrate/GLints/dict_16_192_64_0p5_0p02_0002_0011.uasset" 6446
"../../../Engine/Content/EngineMaterials/Substrate/GLints/dict_16_192_64_0p5_0p02_0005_0001.uasset" 6447
"../../../Engine/Content/EngineMaterials/Substrate/GLints/dict_16_192_64_0p5_0p02_0002_0006.uasset" 6448
"../../../Engine/Content/EngineMaterials/Substrate/GLints/dict_16_192_64_0p5_0p02_0002_0005.uasset" 6449
"../../../Engine/Content/EngineMaterials/Substrate/GLints/dict_16_192_64_0p5_0p02_0002_0004.uasset" 6450
"../../../Engine/Content/EngineMaterials/Substrate/GLints/dict_16_192_64_0p5_0p02_0002_0003.uasset" 6451
"../../../Engine/Content/EngineMaterials/Substrate/GLints/dict_16_192_64_0p5_0p02_0002_0007.uasset" 6452
"../../../Engine/Content/EngineMaterials/Substrate/GLints/dict_16_192_64_0p5_0p02_0002_0000.uasset" 6453
"../../../Engine/Content/EngineMaterials/Substrate/GLints/dict_16_192_64_0p5_0p02_0002_0001.uasset" 6454
"/Engine/EngineMaterials/Substrate/GLints/dict_16_192_64_0p5_0p02_0005_0001" 6455
"/Engine/EngineMaterials/Substrate/GLints/dict_16_192_64_0p5_0p02_0002_0000" 6456
"/Engine/EngineMaterials/Substrate/GLints/dict_16_192_64_0p5_0p02_0002_0001" 6457
"/Engine/EngineMaterials/Substrate/GLints/dict_16_192_64_0p5_0p02_0002_0003" 6458
"/Engine/EngineMaterials/Substrate/GLints/dict_16_192_64_0p5_0p02_0002_0004" 6459
"/Engine/EngineMaterials/Substrate/GLints/dict_16_192_64_0p5_0p02_0002_0005" 6460
"../../../Engine/Content/EngineMaterials/Substrate/GLints/dict_16_192_64_0p5_0p02_0001_0012.uasset" 6461
"/Engine/EngineMaterials/Substrate/GLints/dict_16_192_64_0p5_0p02_0002_0006" 6462
"/Engine/EngineMaterials/Substrate/GLints/dict_16_192_64_0p5_0p02_0002_0011" 6463
"/Engine/EngineMaterials/Substrate/GLints/dict_16_192_64_0p5_0p02_0002_0007" 6464
"../../../Engine/Content/EngineMaterials/Substrate/GLints/dict_16_192_64_0p5_0p02_0001_0009.uasset" 6465
"../../../Engine/Content/EngineMaterials/Substrate/GLints/dict_16_192_64_0p5_0p02_0001_0013.uasset" 6466
"/Engine/EngineMaterials/Substrate/GLints/dict_16_192_64_0p5_0p02_0001_0009" 6467
"/Engine/EngineMaterials/Substrate/GLints/dict_16_192_64_0p5_0p02_0001_0012" 6468
"../../../Engine/Content/EngineMaterials/Substrate/GLints/dict_16_192_64_0p5_0p02_0002_0002.uasset" 6469
"../../../Engine/Content/EngineMaterials/Substrate/GLints/dict_16_192_64_0p5_0p02_0001_0014.uasset" 6470
"/Engine/EngineMaterials/Substrate/GLints/dict_16_192_64_0p5_0p02_0001_0013" 6471
"../../../Engine/Content/EngineMaterials/Substrate/GLints/dict_16_192_64_0p5_0p02_0001_0010.uasset" 6472
"/Engine/EngineMaterials/Substrate/GLints/dict_16_192_64_0p5_0p02_0001_0014" 6473
"/Engine/EngineMaterials/Substrate/GLints/dict_16_192_64_0p5_0p02_0002_0002" 6474
"/Engine/EngineMaterials/Substrate/GLints/dict_16_192_64_0p5_0p02_0001_0010" 6475
"../../../Engine/Content/EngineMaterials/Substrate/GLints/dict_16_192_64_0p5_0p02_0001_0006.uasset" 6476
"../../../Engine/Content/EngineMaterials/Substrate/GLints/dict_16_192_64_0p5_0p02_0001_0008.uasset" 6477
"../../../Engine/Content/EngineMaterials/Substrate/GLints/dict_16_192_64_0p5_0p02_0001_0011.uasset" 6478
"../../../Engine/Content/EngineMaterials/Substrate/GLints/dict_16_192_64_0p5_0p02_0001_0007.uasset" 6479
"../../../Engine/Content/EngineMaterials/Substrate/GLints/dict_16_192_64_0p5_0p02_0001_0003.uasset" 6480
"../../../Engine/Content/EngineMaterials/Substrate/GLints/dict_16_192_64_0p5_0p02_0001_0015.uasset" 6481
"/Engine/EngineMaterials/Substrate/GLints/dict_16_192_64_0p5_0p02_0001_0003" 6482
"../../../Engine/Content/EngineMaterials/Substrate/GLints/dict_16_192_64_0p5_0p02_0001_0005.uasset" 6483
"../../../Engine/Content/EngineMaterials/Substrate/GLints/dict_16_192_64_0p5_0p02_0001_0004.uasset" 6484
"/Engine/EngineMaterials/Substrate/GLints/dict_16_192_64_0p5_0p02_0001_0006" 6485
"../../../Engine/Content/EngineMaterials/Substrate/GLints/dict_16_192_64_0p5_0p02_0000_0015.uasset" 6486
"../../../Engine/Content/EngineMaterials/Substrate/GLints/dict_16_192_64_0p5_0p02_0001_0002.uasset" 6487
"/Engine/EngineMaterials/Substrate/GLints/dict_16_192_64_0p5_0p02_0001_0007" 6488
"/Engine/EngineMaterials/Substrate/GLints/dict_16_192_64_0p5_0p02_0001_0015" 6489
"/Engine/EngineMaterials/Substrate/GLints/dict_16_192_64_0p5_0p02_0001_0008" 6490
"../../../Engine/Content/EngineMaterials/Substrate/GLints/dict_16_192_64_0p5_0p02_0001_0001.uasset" 6491
"/Engine/EngineMaterials/Substrate/GLints/dict_16_192_64_0p5_0p02_0001_0011" 6492
"/Engine/EngineMaterials/Substrate/GLints/dict_16_192_64_0p5_0p02_0001_0001" 6493
"/Engine/EngineMaterials/Substrate/GLints/dict_16_192_64_0p5_0p02_0001_0002" 6494
"/Engine/EngineMaterials/Substrate/GLints/dict_16_192_64_0p5_0p02_0000_0015" 6495
"../../../Engine/Content/EngineMaterials/Substrate/GLints/dict_16_192_64_0p5_0p02_0000_0014.uasset" 6496
"/Engine/EngineMaterials/Substrate/GLints/dict_16_192_64_0p5_0p02_0001_0004" 6497
"/Engine/EngineMaterials/Substrate/GLints/dict_16_192_64_0p5_0p02_0001_0005" 6498
"/Engine/EngineMaterials/Substrate/GLints/dict_16_192_64_0p5_0p02_0000_0014" 6499
"../../../Engine/Content/EngineMaterials/Substrate/GLints/dict_16_192_64_0p5_0p02_0000_0010.uasset" 6500
"../../../Engine/Content/EngineMaterials/Substrate/GLints/dict_16_192_64_0p5_0p02_0000_0013.uasset" 6501
"../../../Engine/Content/EngineMaterials/Substrate/GLints/dict_16_192_64_0p5_0p02_0000_0008.uasset" 6502
"../../../Engine/Content/EngineMaterials/Substrate/GLints/dict_16_192_64_0p5_0p02_0000_0011.uasset" 6503
"../../../Engine/Content/EngineMaterials/Substrate/GLints/dict_16_192_64_0p5_0p02_0001_0000.uasset" 6504
"../../../Engine/Content/EngineMaterials/Substrate/GLints/dict_16_192_64_0p5_0p02_0000_0007.uasset" 6505
"../../../Engine/Content/EngineMaterials/Substrate/GLints/dict_16_192_64_0p5_0p02_0000_0006.uasset" 6506
"../../../Engine/Content/EngineMaterials/Substrate/GLints/dict_16_192_64_0p5_0p02_0000_0009.uasset" 6507
"../../../Engine/Content/EngineMaterials/Substrate/GLints/dict_16_192_64_0p5_0p02_0000_0012.uasset" 6508
"../../../Engine/Content/EngineMaterials/Substrate/GLints/dict_16_192_64_0p5_0p02_0000_0005.uasset" 6509
"../../../Engine/Content/EngineMaterials/Substrate/GLints/dict_16_192_64_0p5_0p02_0000_0004.uasset" 6510
"/Engine/EngineMaterials/Substrate/GLints/dict_16_192_64_0p5_0p02_0000_0011" 6511
"/Engine/EngineMaterials/Substrate/GLints/dict_16_192_64_0p5_0p02_0000_0004" 6512
"/Engine/EngineMaterials/Substrate/GLints/dict_16_192_64_0p5_0p02_0000_0012" 6513
"/Engine/EngineMaterials/Substrate/GLints/dict_16_192_64_0p5_0p02_0000_0013" 6514
"/Engine/EngineMaterials/Substrate/GLints/dict_16_192_64_0p5_0p02_0000_0005" 6515
"/Engine/EngineMaterials/Substrate/GLints/dict_16_192_64_0p5_0p02_0000_0006" 6516
"../../../Engine/Content/EngineMaterials/Substrate/GLints/dict_16_192_64_0p5_0p02_0000_0003.uasset" 6517
"/Engine/EngineMaterials/Substrate/GLints/dict_16_192_64_0p5_0p02_0000_0007" 6518
"/Engine/EngineMaterials/Substrate/GLints/dict_16_192_64_0p5_0p02_0000_0008" 6519
"../../../Engine/Content/EngineMaterials/Substrate/GLints/dict_16_192_64_0p5_0p02_0000_0001.uasset" 6520
"/Engine/EngineMaterials/Substrate/GLints/dict_16_192_64_0p5_0p02_0000_0009" 6521
"/Engine/EngineMaterials/Substrate/GLints/dict_16_192_64_0p5_0p02_0000_0010" 6522
"/Engine/EngineMaterials/Substrate/GLints/dict_16_192_64_0p5_0p02_0001_0000" 6523
"/Engine/EngineMaterials/Substrate/GLints/dict_16_192_64_0p5_0p02_0000_0003" 6524
"../../../Engine/Content/EngineMaterials/Substrate/GLints/dict_16_192_64_0p5_0p02_0000_0000.uasset" 6525
"/Engine/EngineMaterials/Substrate/GLints/dict_16_192_64_0p5_0p02_0000_0001" 6526
"../../../Engine/Content/EngineMaterials/Substrate/Glints2/dict_0007_0253.uasset" 6527
"/Engine/EngineMaterials/Substrate/Glints2/dict_0007_0253" 6528
"../../../Engine/Content/EngineMaterials/Substrate/Glints2/dict_0007_0255.uasset" 6529
"/Engine/EngineMaterials/Substrate/GLints/dict_16_192_64_0p5_0p02_0000_0000" 6530
"/Engine/EngineMaterials/Substrate/Glints2/dict_0007_0255" 6531
"../../../Engine/Content/EngineMaterials/Substrate/Glints2/dict_0007_0251.uasset" 6532
"../../../Engine/Content/EngineMaterials/Substrate/Glints2/dict_0007_0252.uasset" 6533
"../../../Engine/Content/EngineMaterials/Substrate/GLints/dict_16_192_64_0p5_0p02_0000_0002.uasset" 6534
"../../../Engine/Content/EngineMaterials/Substrate/GLints/AGlintTex2dArray.uasset" 6535
"../../../Engine/Content/EngineMaterials/Substrate/GLints/dict_16_192_64_0p5_0p02_0003_0007.uasset" 6536
"../../../Engine/Content/EngineMaterials/Substrate/Glints2/dict_0007_0248.uasset" 6537
"../../../Engine/Content/EngineMaterials/Substrate/Glints2/dict_0007_0249.uasset" 6538
"../../../Engine/Content/EngineMaterials/Substrate/Glints2/dict_0007_0250.uasset" 6539
"../../../Engine/Content/EngineMaterials/Substrate/Glints2/dict_0007_0247.uasset" 6540
"/Engine/EngineMaterials/Substrate/GLints/dict_16_192_64_0p5_0p02_0000_0002" 6541
"/Engine/EngineMaterials/Substrate/Glints2/dict_0007_0247" 6542
"/Engine/EngineMaterials/Substrate/Glints2/dict_0007_0248" 6543
"/Engine/EngineMaterials/Substrate/Glints2/dict_0007_0249" 6544
"../../../Engine/Content/EngineMaterials/Substrate/Glints2/dict_0007_0246.uasset" 6545
"/Engine/EngineMaterials/Substrate/Glints2/dict_0007_0250" 6546
"/Engine/EngineMaterials/Substrate/Glints2/dict_0007_0251" 6547
"/Engine/EngineMaterials/Substrate/GLints/AGlintTex2dArray" 6548
"../../../Engine/Content/EngineMaterials/Substrate/Glints2/dict_0007_0254.uasset" 6549
"../../../Engine/Content/EngineMaterials/Substrate/Glints2/dict_0007_0240.uasset" 6550
"../../../Engine/Content/EngineMaterials/Substrate/Glints2/dict_0007_0241.uasset" 6551
"../../../Engine/Content/EngineMaterials/Substrate/Glints2/dict_0007_0239.uasset" 6552
"../../../Engine/Content/EngineMaterials/Substrate/Glints2/dict_0007_0242.uasset" 6553
"../../../Engine/Content/EngineMaterials/Substrate/Glints2/dict_0007_0237.uasset" 6554
"../../../Engine/Content/EngineMaterials/Substrate/Glints2/dict_0007_0235.uasset" 6555
"../../../Engine/Content/EngineMaterials/Substrate/Glints2/dict_0007_0234.uasset" 6556
"../../../Engine/Content/EngineMaterials/Substrate/Glints2/dict_0007_0244.uasset" 6557
"../../../Engine/Content/EngineMaterials/Substrate/Glints2/dict_0007_0238.uasset" 6558
"/Engine/EngineMaterials/Substrate/Glints2/dict_0007_0252" 6559
"../../../Engine/Content/EngineMaterials/Substrate/Glints2/dict_0007_0232.uasset" 6560
"/Engine/EngineMaterials/Substrate/Glints2/dict_0007_0242" 6561
"../../../Engine/Content/EngineMaterials/Substrate/Glints2/dict_0007_0231.uasset" 6562
"/Engine/EngineMaterials/Substrate/Glints2/dict_0007_0232" 6563
"/Engine/EngineMaterials/Substrate/Glints2/dict_0007_0254" 6564
"/Engine/EngineMaterials/Substrate/Glints2/dict_0007_0234" 6565
"/Engine/EngineMaterials/Substrate/Glints2/dict_0007_0235" 6566
"/Engine/EngineMaterials/Substrate/Glints2/dict_0007_0241" 6567
"../../../Engine/Content/EngineMaterials/Substrate/Glints2/dict_0007_0228.uasset" 6568
"/Engine/EngineMaterials/Substrate/Glints2/dict_0007_0244" 6569
"/Engine/EngineMaterials/Substrate/Glints2/dict_0007_0237" 6570
"/Engine/EngineMaterials/Substrate/Glints2/dict_0007_0246" 6571
"/Engine/EngineMaterials/Substrate/Glints2/dict_0007_0238" 6572
"/Engine/EngineMaterials/Substrate/Glints2/dict_0007_0239" 6573
"/Engine/EngineMaterials/Substrate/Glints2/dict_0007_0240" 6574
"../../../Engine/Content/EngineMaterials/Substrate/Glints2/dict_0007_0227.uasset" 6575
"../../../Engine/Content/EngineMaterials/Substrate/Glints2/dict_0007_0245.uasset" 6576
"../../../Engine/Content/EngineMaterials/Substrate/Glints2/dict_0007_0236.uasset" 6577
"/Engine/EngineMaterials/Substrate/Glints2/dict_0007_0228" 6578
"/Engine/EngineMaterials/Substrate/Glints2/dict_0007_0231" 6579
"/Engine/EngineMaterials/Substrate/Glints2/dict_0007_0227" 6580
"/Engine/EngineMaterials/Substrate/Glints2/dict_0007_0236" 6581
"/Engine/EngineMaterials/Substrate/Glints2/dict_0007_0245" 6582
"../../../Engine/Content/EngineMaterials/Substrate/Glints2/dict_0007_0233.uasset" 6583
"../../../Engine/Content/EngineMaterials/Substrate/Glints2/dict_0007_0226.uasset" 6584
"../../../Engine/Content/EngineMaterials/Substrate/Glints2/dict_0007_0223.uasset" 6585
"../../../Engine/Content/EngineMaterials/Substrate/Glints2/dict_0007_0225.uasset" 6586
"../../../Engine/Content/EngineMaterials/Substrate/Glints2/dict_0007_0229.uasset" 6587
"../../../Engine/Content/EngineMaterials/Substrate/Glints2/dict_0007_0230.uasset" 6588
"../../../Engine/Content/EngineMaterials/Substrate/Glints2/dict_0007_0222.uasset" 6589
"/Engine/EngineMaterials/Substrate/Glints2/dict_0007_0226" 6590
"/Engine/EngineMaterials/Substrate/Glints2/dict_0007_0222" 6591
"../../../Engine/Content/EngineMaterials/Substrate/Glints2/dict_0007_0220.uasset" 6592
"/Engine/EngineMaterials/Substrate/Glints2/dict_0007_0230" 6593
"/Engine/EngineMaterials/Substrate/Glints2/dict_0007_0223" 6594
"/Engine/EngineMaterials/Substrate/Glints2/dict_0007_0233" 6595
"/Engine/EngineMaterials/Substrate/Glints2/dict_0007_0225" 6596
"../../../Engine/Content/EngineMaterials/Substrate/Glints2/dict_0007_0216.uasset" 6597
"/Engine/EngineMaterials/Substrate/Glints2/dict_0007_0229" 6598
"../../../Engine/Content/EngineMaterials/Substrate/Glints2/dict_0007_0219.uasset" 6599
"/Engine/EngineMaterials/Substrate/Glints2/dict_0007_0216" 6600
"/Engine/EngineMaterials/Substrate/Glints2/dict_0007_0219" 6601
"/Engine/EngineMaterials/Substrate/Glints2/dict_0007_0220" 6602
"../../../Engine/Content/EngineMaterials/Substrate/Glints2/dict_0007_0214.uasset" 6603
"../../../Engine/Content/EngineMaterials/Substrate/Glints2/dict_0007_0217.uasset" 6604
"../../../Engine/Content/EngineMaterials/Substrate/Glints2/dict_0007_0212.uasset" 6605
"../../../Engine/Content/EngineMaterials/Substrate/Glints2/dict_0007_0213.uasset" 6606
"../../../Engine/Content/EngineMaterials/Substrate/Glints2/dict_0007_0215.uasset" 6607
"../../../Engine/Content/EngineMaterials/Substrate/Glints2/dict_0007_0221.uasset" 6608
"/Engine/EngineMaterials/Substrate/Glints2/dict_0007_0217" 6609
"/Engine/EngineMaterials/Substrate/Glints2/dict_0007_0221" 6610
"/Engine/EngineMaterials/Substrate/Glints2/dict_0007_0212" 6611
"/Engine/EngineMaterials/Substrate/Glints2/dict_0007_0213" 6612
"/Engine/EngineMaterials/Substrate/Glints2/dict_0007_0214" 6613
"/Engine/EngineMaterials/Substrate/Glints2/dict_0007_0215" 6614
"../../../Engine/Content/EngineMaterials/Substrate/Glints2/dict_0007_0211.uasset" 6615
"../../../Engine/Content/EngineMaterials/Substrate/Glints2/dict_0007_0210.uasset" 6616
"../../../Engine/Content/EngineMaterials/Substrate/Glints2/dict_0007_0207.uasset" 6617
"../../../Engine/Content/EngineMaterials/Substrate/Glints2/dict_0007_0224.uasset" 6618
"/Engine/EngineMaterials/Substrate/Glints2/dict_0007_0207" 6619
"/Engine/EngineMaterials/Substrate/Glints2/dict_0007_0210" 6620
"/Engine/EngineMaterials/Substrate/Glints2/dict_0007_0211" 6621
"/Engine/EngineMaterials/Substrate/Glints2/dict_0007_0224" 6622
"../../../Engine/Content/EngineMaterials/Substrate/Glints2/dict_0007_0203.uasset" 6623
"../../../Engine/Content/EngineMaterials/Substrate/Glints2/dict_0007_0205.uasset" 6624
"../../../Engine/Content/EngineMaterials/Substrate/Glints2/dict_0007_0202.uasset" 6625
"../../../Engine/Content/EngineMaterials/Substrate/Glints2/dict_0007_0209.uasset" 6626
"../../../Engine/Content/EngineMaterials/Substrate/Glints2/dict_0007_0204.uasset" 6627
"../../../Engine/Content/EngineMaterials/Substrate/Glints2/dict_0007_0201.uasset" 6628
"../../../Engine/Content/EngineMaterials/Substrate/Glints2/dict_0007_0200.uasset" 6629
"/Engine/EngineMaterials/Substrate/Glints2/dict_0007_0204" 6630
"../../../Engine/Content/EngineMaterials/Substrate/Glints2/dict_0007_0199.uasset" 6631
"/Engine/EngineMaterials/Substrate/Glints2/dict_0007_0200" 6632
"/Engine/EngineMaterials/Substrate/Glints2/dict_0007_0205" 6633
"/Engine/EngineMaterials/Substrate/Glints2/dict_0007_0201" 6634
"/Engine/EngineMaterials/Substrate/Glints2/dict_0007_0202" 6635
"/Engine/EngineMaterials/Substrate/Glints2/dict_0007_0209" 6636
"../../../Engine/Content/EngineMaterials/Substrate/Glints2/dict_0007_0218.uasset" 6637
"/Engine/EngineMaterials/Substrate/Glints2/dict_0007_0203" 6638
"/Engine/EngineMaterials/Substrate/Glints2/dict_0007_0218" 6639
"/Engine/EngineMaterials/Substrate/Glints2/dict_0007_0199" 6640
"../../../Engine/Content/EngineMaterials/Substrate/Glints2/dict_0007_0197.uasset" 6641
"../../../Engine/Content/EngineMaterials/Substrate/Glints2/dict_0007_0198.uasset" 6642
"../../../Engine/Content/EngineMaterials/Substrate/Glints2/dict_0007_0195.uasset" 6643
"../../../Engine/Content/EngineMaterials/Substrate/Glints2/dict_0007_0196.uasset" 6644
"../../../Engine/Content/EngineMaterials/Substrate/Glints2/dict_0007_0194.uasset" 6645
"../../../Engine/Content/EngineMaterials/Substrate/Glints2/dict_0007_0192.uasset" 6646
"../../../Engine/Content/EngineMaterials/Substrate/Glints2/dict_0007_0191.uasset" 6647
"/Engine/EngineMaterials/Substrate/Glints2/dict_0007_0192" 6648
"../../../Engine/Content/EngineMaterials/Substrate/Glints2/dict_0007_0190.uasset" 6649
"../../../Engine/Content/EngineMaterials/Substrate/Glints2/dict_0007_0189.uasset" 6650
"/Engine/EngineMaterials/Substrate/Glints2/dict_0007_0191" 6651
"/Engine/EngineMaterials/Substrate/Glints2/dict_0007_0194" 6652
"/Engine/EngineMaterials/Substrate/Glints2/dict_0007_0195" 6653
"/Engine/EngineMaterials/Substrate/Glints2/dict_0007_0196" 6654
"/Engine/EngineMaterials/Substrate/Glints2/dict_0007_0197" 6655
"/Engine/EngineMaterials/Substrate/Glints2/dict_0007_0198" 6656
"../../../Engine/Content/EngineMaterials/Substrate/Glints2/dict_0007_0206.uasset" 6657
"/Engine/EngineMaterials/Substrate/Glints2/dict_0007_0189" 6658
"../../../Engine/Content/EngineMaterials/Substrate/Glints2/dict_0007_0187.uasset" 6659
"/Engine/EngineMaterials/Substrate/Glints2/dict_0007_0190" 6660
"/Engine/EngineMaterials/Substrate/Glints2/dict_0007_0206" 6661
"../../../Engine/Content/EngineMaterials/Substrate/Glints2/dict_0007_0184.uasset" 6662
"/Engine/EngineMaterials/Substrate/Glints2/dict_0007_0184" 6663
"/Engine/EngineMaterials/Substrate/Glints2/dict_0007_0187" 6664
"../../../Engine/Content/EngineMaterials/Substrate/Glints2/dict_0007_0185.uasset" 6665
"../../../Engine/Content/EngineMaterials/Substrate/Glints2/dict_0007_0188.uasset" 6666
"/Engine/EngineMaterials/Substrate/Glints2/dict_0007_0185" 6667
"/Engine/EngineMaterials/Substrate/Glints2/dict_0007_0188" 6668
"../../../Engine/Content/EngineMaterials/Substrate/Glints2/dict_0007_0186.uasset" 6669
"../../../Engine/Content/EngineMaterials/Substrate/Glints2/dict_0007_0182.uasset" 6670
"../../../Engine/Content/EngineMaterials/Substrate/Glints2/dict_0007_0180.uasset" 6671
"../../../Engine/Content/EngineMaterials/Substrate/Glints2/dict_0007_0181.uasset" 6672
"../../../Engine/Content/EngineMaterials/Substrate/Glints2/dict_0007_0183.uasset" 6673
"/Engine/EngineMaterials/Substrate/Glints2/dict_0007_0183" 6674
"/Engine/EngineMaterials/Substrate/Glints2/dict_0007_0180" 6675
"/Engine/EngineMaterials/Substrate/Glints2/dict_0007_0181" 6676
"/Engine/EngineMaterials/Substrate/Glints2/dict_0007_0186" 6677
"../../../Engine/Content/EngineMaterials/Substrate/Glints2/dict_0007_0175.uasset" 6678
"../../../Engine/Content/EngineMaterials/Substrate/Glints2/dict_0007_0176.uasset" 6679
"/Engine/EngineMaterials/Substrate/Glints2/dict_0007_0182" 6680
"/Engine/EngineMaterials/Substrate/Glints2/dict_0007_0175" 6681
"../../../Engine/Content/EngineMaterials/Substrate/Glints2/dict_0007_0177.uasset" 6682
"/Engine/EngineMaterials/Substrate/Glints2/dict_0007_0176" 6683
"../../../Engine/Content/EngineMaterials/Substrate/Glints2/dict_0007_0178.uasset" 6684
"/Engine/EngineMaterials/Substrate/Glints2/dict_0007_0177" 6685
"../../../Engine/Content/EngineMaterials/Substrate/Glints2/dict_0007_0179.uasset" 6686
"/Engine/EngineMaterials/Substrate/Glints2/dict_0007_0178" 6687
"/Engine/EngineMaterials/Substrate/Glints2/dict_0007_0179" 6688
"../../../Engine/Content/EngineMaterials/Substrate/Glints2/dict_0007_0173.uasset" 6689
"../../../Engine/Content/EngineMaterials/Substrate/Glints2/dict_0007_0172.uasset" 6690
"../../../Engine/Content/EngineMaterials/Substrate/Glints2/dict_0007_0174.uasset" 6691
"../../../Engine/Content/EngineMaterials/Substrate/Glints2/dict_0007_0171.uasset" 6692
"../../../Engine/Content/EngineMaterials/Substrate/Glints2/dict_0007_0170.uasset" 6693
"/Engine/EngineMaterials/Substrate/Glints2/dict_0007_0172" 6694
"/Engine/EngineMaterials/Substrate/Glints2/dict_0007_0170" 6695
"../../../Engine/Content/EngineMaterials/Substrate/Glints2/dict_0007_0167.uasset" 6696
"../../../Engine/Content/EngineMaterials/Substrate/Glints2/dict_0007_0168.uasset" 6697
"../../../Engine/Content/EngineMaterials/Substrate/Glints2/dict_0007_0169.uasset" 6698
"../../../Engine/Content/EngineMaterials/Substrate/Glints2/dict_0007_0166.uasset" 6699
"/Engine/EngineMaterials/Substrate/Glints2/dict_0007_0171" 6700
"/Engine/EngineMaterials/Substrate/Glints2/dict_0007_0173" 6701
"/Engine/EngineMaterials/Substrate/Glints2/dict_0007_0174" 6702
"/Engine/EngineMaterials/Substrate/Glints2/dict_0007_0166" 6703
"../../../Engine/Content/EngineMaterials/Substrate/Glints2/dict_0007_0165.uasset" 6704
"/Engine/EngineMaterials/Substrate/Glints2/dict_0007_0167" 6705
"../../../Engine/Content/EngineMaterials/Substrate/Glints2/dict_0007_0162.uasset" 6706
"../../../Engine/Content/EngineMaterials/Substrate/Glints2/dict_0007_0163.uasset" 6707
"/Engine/EngineMaterials/Substrate/Glints2/dict_0007_0168" 6708
"/Engine/EngineMaterials/Substrate/Glints2/dict_0007_0169" 6709
"/Engine/EngineMaterials/Substrate/Glints2/dict_0007_0163" 6710
"/Engine/EngineMaterials/Substrate/Glints2/dict_0007_0165" 6711
"/Engine/EngineMaterials/Substrate/Glints2/dict_0007_0162" 6712
"../../../Engine/Content/EngineMaterials/Substrate/Glints2/dict_0007_0161.uasset" 6713
"../../../Engine/Content/EngineMaterials/Substrate/Glints2/dict_0007_0164.uasset" 6714
"../../../Engine/Content/EngineMaterials/Substrate/Glints2/dict_0007_0160.uasset" 6715
"../../../Engine/Content/EngineMaterials/Substrate/Glints2/dict_0007_0157.uasset" 6716
"../../../Engine/Content/EngineMaterials/Substrate/Glints2/dict_0007_0158.uasset" 6717
"../../../Engine/Content/EngineMaterials/Substrate/Glints2/dict_0007_0159.uasset" 6718
"/Engine/EngineMaterials/Substrate/Glints2/dict_0007_0160" 6719
"/Engine/EngineMaterials/Substrate/Glints2/dict_0007_0161" 6720
"/Engine/EngineMaterials/Substrate/Glints2/dict_0007_0164" 6721
"../../../Engine/Content/EngineMaterials/Substrate/Glints2/dict_0007_0156.uasset" 6722
"../../../Engine/Content/EngineMaterials/Substrate/Glints2/dict_0007_0152.uasset" 6723
"../../../Engine/Content/EngineMaterials/Substrate/Glints2/dict_0007_0153.uasset" 6724
"../../../Engine/Content/EngineMaterials/Substrate/Glints2/dict_0007_0151.uasset" 6725
"/Engine/EngineMaterials/Substrate/Glints2/dict_0007_0158" 6726
"/Engine/EngineMaterials/Substrate/Glints2/dict_0007_0157" 6727
"/Engine/EngineMaterials/Substrate/Glints2/dict_0007_0159" 6728
"/Engine/EngineMaterials/Substrate/Glints2/dict_0007_0151" 6729
"/Engine/EngineMaterials/Substrate/Glints2/dict_0007_0152" 6730
"/Engine/EngineMaterials/Substrate/Glints2/dict_0007_0153" 6731
"../../../Engine/Content/EngineMaterials/Substrate/Glints2/dict_0007_0148.uasset" 6732
"../../../Engine/Content/EngineMaterials/Substrate/Glints2/dict_0007_0154.uasset" 6733
"../../../Engine/Content/EngineMaterials/Substrate/Glints2/dict_0007_0150.uasset" 6734
"../../../Engine/Content/EngineMaterials/Substrate/Glints2/dict_0007_0155.uasset" 6735
"../../../Engine/Content/EngineMaterials/Substrate/Glints2/dict_0007_0149.uasset" 6736
"/Engine/EngineMaterials/Substrate/Glints2/dict_0007_0150" 6737
"/Engine/EngineMaterials/Substrate/Glints2/dict_0007_0148" 6738
"/Engine/EngineMaterials/Substrate/Glints2/dict_0007_0154" 6739
"/Engine/EngineMaterials/Substrate/Glints2/dict_0007_0156" 6740
"/Engine/EngineMaterials/Substrate/Glints2/dict_0007_0155" 6741
"/Engine/EngineMaterials/Substrate/Glints2/dict_0007_0149" 6742
"../../../Engine/Content/EngineMaterials/Substrate/Glints2/dict_0007_0144.uasset" 6743
"../../../Engine/Content/EngineMaterials/Substrate/Glints2/dict_0007_0146.uasset" 6744
"../../../Engine/Content/EngineMaterials/Substrate/Glints2/dict_0007_0143.uasset" 6745
"../../../Engine/Content/EngineMaterials/Substrate/Glints2/dict_0007_0145.uasset" 6746
"../../../Engine/Content/EngineMaterials/Substrate/Glints2/dict_0007_0147.uasset" 6747
"../../../Engine/Content/EngineMaterials/Substrate/Glints2/dict_0007_0141.uasset" 6748
"../../../Engine/Content/EngineMaterials/Substrate/Glints2/dict_0007_0140.uasset" 6749
"../../../Engine/Content/EngineMaterials/Substrate/Glints2/dict_0007_0139.uasset" 6750
"/Engine/EngineMaterials/Substrate/Glints2/dict_0007_0141" 6751
"/Engine/EngineMaterials/Substrate/Glints2/dict_0007_0143" 6752
"/Engine/EngineMaterials/Substrate/Glints2/dict_0007_0144" 6753
"/Engine/EngineMaterials/Substrate/Glints2/dict_0007_0145" 6754
"/Engine/EngineMaterials/Substrate/Glints2/dict_0007_0146" 6755
"../../../Engine/Content/EngineMaterials/Substrate/Glints2/dict_0007_0137.uasset" 6756
"../../../Engine/Content/EngineMaterials/Substrate/Glints2/dict_0007_0142.uasset" 6757
"/Engine/EngineMaterials/Substrate/Glints2/dict_0007_0147" 6758
"../../../Engine/Content/EngineMaterials/Substrate/Glints2/dict_0007_0136.uasset" 6759
"../../../Engine/Content/EngineMaterials/Substrate/Glints2/dict_0007_0138.uasset" 6760
"/Engine/EngineMaterials/Substrate/Glints2/dict_0007_0139" 6761
"/Engine/EngineMaterials/Substrate/Glints2/dict_0007_0140" 6762
"../../../Engine/Content/EngineMaterials/Substrate/Glints2/dict_0007_0135.uasset" 6763
"/Engine/EngineMaterials/Substrate/Glints2/dict_0007_0142" 6764
"../../../Engine/Content/EngineMaterials/Substrate/Glints2/dict_0007_0134.uasset" 6765
"/Engine/EngineMaterials/Substrate/Glints2/dict_0007_0135" 6766
"../../../Engine/Content/EngineMaterials/Substrate/Glints2/dict_0007_0193.uasset" 6767
"../../../Engine/Content/EngineMaterials/Substrate/Glints2/dict_0007_0208.uasset" 6768
"/Engine/EngineMaterials/Substrate/Glints2/dict_0007_0137" 6769
"/Engine/EngineMaterials/Substrate/Glints2/dict_0007_0138" 6770
"../../../Engine/Content/EngineMaterials/Substrate/Glints2/dict_0007_0131.uasset" 6771
"/Engine/EngineMaterials/Substrate/Glints2/dict_0007_0136" 6772
"../../../Engine/Content/EngineMaterials/Substrate/Glints2/dict_0007_0130.uasset" 6773
"../../../Engine/Content/EngineMaterials/Substrate/Glints2/dict_0007_0129.uasset" 6774
"../../../Engine/Content/EngineMaterials/Substrate/Glints2/dict_0007_0133.uasset" 6775
"/Engine/EngineMaterials/Substrate/Glints2/dict_0007_0134" 6776
"/Engine/EngineMaterials/Substrate/Glints2/dict_0007_0129" 6777
"/Engine/EngineMaterials/Substrate/Glints2/dict_0007_0130" 6778
"/Engine/EngineMaterials/Substrate/Glints2/dict_0007_0131" 6779
"../../../Engine/Content/EngineMaterials/Substrate/Glints2/dict_0007_0125.uasset" 6780
"../../../Engine/Content/EngineMaterials/Substrate/Glints2/dict_0007_0123.uasset" 6781
"/Engine/EngineMaterials/Substrate/Glints2/dict_0007_0193" 6782
"../../../Engine/Content/EngineMaterials/Substrate/Glints2/dict_0007_0132.uasset" 6783
"../../../Engine/Content/EngineMaterials/Substrate/Glints2/dict_0007_0124.uasset" 6784
"../../../Engine/Content/EngineMaterials/Substrate/Glints2/dict_0007_0122.uasset" 6785
"/Engine/EngineMaterials/Substrate/Glints2/dict_0007_0208" 6786
"/Engine/EngineMaterials/Substrate/Glints2/dict_0007_0133" 6787
"/Engine/EngineMaterials/Substrate/Glints2/dict_0007_0125" 6788
"../../../Engine/Content/EngineMaterials/Substrate/Glints2/dict_0007_0121.uasset" 6789
"/Engine/EngineMaterials/Substrate/Glints2/dict_0007_0132" 6790
"../../../Engine/Content/EngineMaterials/Substrate/Glints2/dict_0007_0120.uasset" 6791
"/Engine/EngineMaterials/Substrate/Glints2/dict_0007_0122" 6792
"/Engine/EngineMaterials/Substrate/Glints2/dict_0007_0123" 6793
"../../../Engine/Content/EngineMaterials/Substrate/Glints2/dict_0007_0128.uasset" 6794
"/Engine/EngineMaterials/Substrate/Glints2/dict_0007_0124" 6795
"../../../Engine/Content/EngineMaterials/Substrate/Glints2/dict_0007_0118.uasset" 6796
"../../../Engine/Content/EngineMaterials/Substrate/Glints2/dict_0007_0119.uasset" 6797
"/Engine/EngineMaterials/Substrate/Glints2/dict_0007_0128" 6798
"../../../Engine/Content/EngineMaterials/Substrate/Glints2/dict_0007_0116.uasset" 6799
"../../../Engine/Content/EngineMaterials/Substrate/Glints2/dict_0007_0115.uasset" 6800
"/Engine/EngineMaterials/Substrate/Glints2/dict_0007_0120" 6801
"/Engine/EngineMaterials/Substrate/Glints2/dict_0007_0121" 6802
"/Engine/EngineMaterials/Substrate/Glints2/dict_0007_0118" 6803
"/Engine/EngineMaterials/Substrate/Glints2/dict_0007_0119" 6804
"/Engine/EngineMaterials/Substrate/Glints2/dict_0007_0115" 6805
"/Engine/EngineMaterials/Substrate/Glints2/dict_0007_0116" 6806
"../../../Engine/Content/EngineMaterials/Substrate/Glints2/dict_0007_0117.uasset" 6807
"../../../Engine/Content/EngineMaterials/Substrate/Glints2/dict_0007_0110.uasset" 6808
"../../../Engine/Content/EngineMaterials/Substrate/Glints2/dict_0007_0111.uasset" 6809
"../../../Engine/Content/EngineMaterials/Substrate/Glints2/dict_0007_0113.uasset" 6810
"../../../Engine/Content/EngineMaterials/Substrate/Glints2/dict_0007_0112.uasset" 6811
"/Engine/EngineMaterials/Substrate/Glints2/dict_0007_0111" 6812
"../../../Engine/Content/EngineMaterials/Substrate/Glints2/dict_0007_0114.uasset" 6813
"/Engine/EngineMaterials/Substrate/Glints2/dict_0007_0112" 6814
"/Engine/EngineMaterials/Substrate/Glints2/dict_0007_0113" 6815
"/Engine/EngineMaterials/Substrate/Glints2/dict_0007_0110" 6816
"../../../Engine/Content/EngineMaterials/Substrate/Glints2/dict_0007_0108.uasset" 6817
"../../../Engine/Content/EngineMaterials/Substrate/Glints2/dict_0007_0105.uasset" 6818
"../../../Engine/Content/EngineMaterials/Substrate/Glints2/dict_0007_0107.uasset" 6819
"/Engine/EngineMaterials/Substrate/Glints2/dict_0007_0117" 6820
"/Engine/EngineMaterials/Substrate/Glints2/dict_0007_0107" 6821
"../../../Engine/Content/EngineMaterials/Substrate/Glints2/dict_0007_0109.uasset" 6822
"/Engine/EngineMaterials/Substrate/Glints2/dict_0007_0108" 6823
"/Engine/EngineMaterials/Substrate/Glints2/dict_0007_0114" 6824
"../../../Engine/Content/EngineMaterials/Substrate/Glints2/dict_0007_0106.uasset" 6825
"/Engine/EngineMaterials/Substrate/Glints2/dict_0007_0105" 6826
"/Engine/EngineMaterials/Substrate/Glints2/dict_0007_0109" 6827
"/Engine/EngineMaterials/Substrate/Glints2/dict_0007_0106" 6828
"../../../Engine/Content/EngineMaterials/Substrate/Glints2/dict_0007_0101.uasset" 6829
"/Engine/EngineMaterials/Substrate/Glints2/dict_0007_0101" 6830
"../../../Engine/Content/EngineMaterials/Substrate/Glints2/dict_0007_0104.uasset" 6831
"../../../Engine/Content/EngineMaterials/Substrate/Glints2/dict_0007_0103.uasset" 6832
"../../../Engine/Content/EngineMaterials/Substrate/Glints2/dict_0007_0096.uasset" 6833
"../../../Engine/Content/EngineMaterials/Substrate/Glints2/dict_0007_0097.uasset" 6834
"../../../Engine/Content/EngineMaterials/Substrate/Glints2/dict_0007_0098.uasset" 6835
"../../../Engine/Content/EngineMaterials/Substrate/Glints2/dict_0007_0099.uasset" 6836
"../../../Engine/Content/EngineMaterials/Substrate/Glints2/dict_0007_0102.uasset" 6837
"/Engine/EngineMaterials/Substrate/Glints2/dict_0007_0099" 6838
"/Engine/EngineMaterials/Substrate/Glints2/dict_0007_0102" 6839
"../../../Engine/Content/EngineMaterials/Substrate/Glints2/dict_0007_0100.uasset" 6840
"/Engine/EngineMaterials/Substrate/Glints2/dict_0007_0103" 6841
"/Engine/EngineMaterials/Substrate/Glints2/dict_0007_0104" 6842
"/Engine/EngineMaterials/Substrate/Glints2/dict_0007_0096" 6843
"/Engine/EngineMaterials/Substrate/Glints2/dict_0007_0097" 6844
"/Engine/EngineMaterials/Substrate/Glints2/dict_0007_0098" 6845
"/Engine/EngineMaterials/Substrate/Glints2/dict_0007_0100" 6846
"../../../Engine/Content/EngineMaterials/Substrate/Glints2/dict_0007_0243.uasset" 6847
"../../../Engine/Content/EngineMaterials/Substrate/Glints2/dict_0007_0091.uasset" 6848
"../../../Engine/Content/EngineMaterials/Substrate/Glints2/dict_0007_0095.uasset" 6849
"../../../Engine/Content/EngineMaterials/Substrate/Glints2/dict_0007_0094.uasset" 6850
"../../../Engine/Content/EngineMaterials/Substrate/Glints2/dict_0007_0093.uasset" 6851
"../../../Engine/Content/EngineMaterials/Substrate/Glints2/dict_0007_0092.uasset" 6852
"../../../Engine/Content/EngineMaterials/Substrate/Glints2/dict_0007_0090.uasset" 6853
"../../../Engine/Content/EngineMaterials/Substrate/Glints2/dict_0007_0126.uasset" 6854
"../../../Engine/Content/EngineMaterials/Substrate/Glints2/dict_0007_0088.uasset" 6855
"../../../Engine/Content/EngineMaterials/Substrate/Glints2/dict_0007_0089.uasset" 6856
"../../../Engine/Content/EngineMaterials/Substrate/Glints2/dict_0007_0127.uasset" 6857
"/Engine/EngineMaterials/Substrate/Glints2/dict_0007_0090" 6858
"../../../Engine/Content/EngineMaterials/Substrate/Glints2/dict_0007_0086.uasset" 6859
"/Engine/EngineMaterials/Substrate/Glints2/dict_0007_0243" 6860
"/Engine/EngineMaterials/Substrate/Glints2/dict_0007_0094" 6861
"/Engine/EngineMaterials/Substrate/Glints2/dict_0007_0088" 6862
"/Engine/EngineMaterials/Substrate/Glints2/dict_0007_0091" 6863
"/Engine/EngineMaterials/Substrate/Glints2/dict_0007_0089" 6864
"../../../Engine/Content/EngineMaterials/Substrate/Glints2/dict_0007_0087.uasset" 6865
"/Engine/EngineMaterials/Substrate/Glints2/dict_0007_0126" 6866
"/Engine/EngineMaterials/Substrate/Glints2/dict_0007_0127" 6867
"/Engine/EngineMaterials/Substrate/Glints2/dict_0007_0092" 6868
"/Engine/EngineMaterials/Substrate/Glints2/dict_0007_0095" 6869
"/Engine/EngineMaterials/Substrate/Glints2/dict_0007_0093" 6870
"/Engine/EngineMaterials/Substrate/Glints2/dict_0007_0087" 6871
"/Engine/EngineMaterials/Substrate/Glints2/dict_0007_0086" 6872
"../../../Engine/Content/EngineMaterials/Substrate/Glints2/dict_0007_0085.uasset" 6873
"../../../Engine/Content/EngineMaterials/Substrate/Glints2/dict_0007_0082.uasset" 6874
"../../../Engine/Content/EngineMaterials/Substrate/Glints2/dict_0007_0084.uasset" 6875
"../../../Engine/Content/EngineMaterials/Substrate/Glints2/dict_0007_0081.uasset" 6876
"../../../Engine/Content/EngineMaterials/Substrate/Glints2/dict_0007_0083.uasset" 6877
"../../../Engine/Content/EngineMaterials/Substrate/Glints2/dict_0007_0080.uasset" 6878
"../../../Engine/Content/EngineMaterials/Substrate/Glints2/dict_0007_0077.uasset" 6879
"../../../Engine/Content/EngineMaterials/Substrate/Glints2/dict_0007_0074.uasset" 6880
"../../../Engine/Content/EngineMaterials/Substrate/Glints2/dict_0007_0075.uasset" 6881
"../../../Engine/Content/EngineMaterials/Substrate/Glints2/dict_0007_0078.uasset" 6882
"/Engine/EngineMaterials/Substrate/Glints2/dict_0007_0082" 6883
"../../../Engine/Content/EngineMaterials/Substrate/Glints2/dict_0007_0076.uasset" 6884
"/Engine/EngineMaterials/Substrate/Glints2/dict_0007_0075" 6885
"/Engine/EngineMaterials/Substrate/Glints2/dict_0007_0083" 6886
"/Engine/EngineMaterials/Substrate/Glints2/dict_0007_0078" 6887
"/Engine/EngineMaterials/Substrate/Glints2/dict_0007_0084" 6888
"../../../Engine/Content/EngineMaterials/Substrate/Glints2/dict_0007_0070.uasset" 6889
"/Engine/EngineMaterials/Substrate/Glints2/dict_0007_0080" 6890
"../../../Engine/Content/EngineMaterials/Substrate/Glints2/dict_0007_0068.uasset" 6891
"../../../Engine/Content/EngineMaterials/Substrate/Glints2/dict_0007_0071.uasset" 6892
"../../../Engine/Content/EngineMaterials/Substrate/Glints2/dict_0007_0067.uasset" 6893
"/Engine/EngineMaterials/Substrate/Glints2/dict_0007_0077" 6894
"../../../Engine/Content/EngineMaterials/Substrate/Glints2/dict_0007_0069.uasset" 6895
"../../../Engine/Content/EngineMaterials/Substrate/Glints2/dict_0007_0072.uasset" 6896
"/Engine/EngineMaterials/Substrate/Glints2/dict_0007_0085" 6897
"/Engine/EngineMaterials/Substrate/Glints2/dict_0007_0081" 6898
"/Engine/EngineMaterials/Substrate/Glints2/dict_0007_0074" 6899
"../../../Engine/Content/EngineMaterials/Substrate/Glints2/dict_0007_0066.uasset" 6900
"/Engine/EngineMaterials/Substrate/Glints2/dict_0007_0068" 6901
"/Engine/EngineMaterials/Substrate/Glints2/dict_0007_0076" 6902
"/Engine/EngineMaterials/Substrate/Glints2/dict_0007_0067" 6903
"/Engine/EngineMaterials/Substrate/Glints2/dict_0007_0069" 6904
"../../../Engine/Content/EngineMaterials/Substrate/Glints2/dict_0007_0064.uasset" 6905
"../../../Engine/Content/EngineMaterials/Substrate/Glints2/dict_0007_0065.uasset" 6906
"/Engine/EngineMaterials/Substrate/Glints2/dict_0007_0070" 6907
"../../../Engine/Content/EngineMaterials/Substrate/Glints2/dict_0007_0073.uasset" 6908
"/Engine/EngineMaterials/Substrate/Glints2/dict_0007_0071" 6909
"/Engine/EngineMaterials/Substrate/Glints2/dict_0007_0066" 6910
"/Engine/EngineMaterials/Substrate/Glints2/dict_0007_0072" 6911
"/Engine/EngineMaterials/Substrate/Glints2/dict_0007_0064" 6912
"/Engine/EngineMaterials/Substrate/Glints2/dict_0007_0065" 6913
"/Engine/EngineMaterials/Substrate/Glints2/dict_0007_0073" 6914
"../../../Engine/Content/EngineMaterials/Substrate/Glints2/dict_0007_0059.uasset" 6915
"../../../Engine/Content/EngineMaterials/Substrate/Glints2/dict_0007_0062.uasset" 6916
"../../../Engine/Content/EngineMaterials/Substrate/Glints2/dict_0007_0057.uasset" 6917
"../../../Engine/Content/EngineMaterials/Substrate/Glints2/dict_0007_0058.uasset" 6918
"../../../Engine/Content/EngineMaterials/Substrate/Glints2/dict_0007_0063.uasset" 6919
"../../../Engine/Content/EngineMaterials/Substrate/Glints2/dict_0007_0056.uasset" 6920
"../../../Engine/Content/EngineMaterials/Substrate/Glints2/dict_0007_0060.uasset" 6921
"../../../Engine/Content/EngineMaterials/Substrate/Glints2/dict_0007_0053.uasset" 6922
"../../../Engine/Content/EngineMaterials/Substrate/Glints2/dict_0007_0061.uasset" 6923
"../../../Engine/Content/EngineMaterials/Substrate/Glints2/dict_0007_0054.uasset" 6924
"../../../Engine/Content/EngineMaterials/Substrate/Glints2/dict_0007_0051.uasset" 6925
"../../../Engine/Content/EngineMaterials/Substrate/Glints2/dict_0007_0052.uasset" 6926
"../../../Engine/Content/EngineMaterials/Substrate/Glints2/dict_0007_0055.uasset" 6927
"/Engine/EngineMaterials/Substrate/Glints2/dict_0007_0056" 6928
"../../../Engine/Content/EngineMaterials/Substrate/Glints2/dict_0007_0048.uasset" 6929
"../../../Engine/Content/EngineMaterials/Substrate/Glints2/dict_0007_0045.uasset" 6930
"../../../Engine/Content/EngineMaterials/Substrate/Glints2/dict_0007_0046.uasset" 6931
"/Engine/EngineMaterials/Substrate/Glints2/dict_0007_0057" 6932
"../../../Engine/Content/EngineMaterials/Substrate/Glints2/dict_0007_0050.uasset" 6933
"/Engine/EngineMaterials/Substrate/Glints2/dict_0007_0058" 6934
"/Engine/EngineMaterials/Substrate/Glints2/dict_0007_0051" 6935
"/Engine/EngineMaterials/Substrate/Glints2/dict_0007_0054" 6936
"/Engine/EngineMaterials/Substrate/Glints2/dict_0007_0059" 6937
"../../../Engine/Content/EngineMaterials/Substrate/Glints2/dict_0007_0042.uasset" 6938
"../../../Engine/Content/EngineMaterials/Substrate/Glints2/dict_0007_0040.uasset" 6939
"/Engine/EngineMaterials/Substrate/Glints2/dict_0007_0060" 6940
"/Engine/EngineMaterials/Substrate/Glints2/dict_0007_0061" 6941
"/Engine/EngineMaterials/Substrate/Glints2/dict_0007_0062" 6942
"/Engine/EngineMaterials/Substrate/Glints2/dict_0007_0063" 6943
"../../../Engine/Content/EngineMaterials/Substrate/Glints2/dict_0007_0047.uasset" 6944
"../../../Engine/Content/EngineMaterials/Substrate/Glints2/dict_0007_0049.uasset" 6945
"/Engine/EngineMaterials/Substrate/Glints2/dict_0007_0052" 6946
"../../../Engine/Content/EngineMaterials/Substrate/Glints2/dict_0007_0044.uasset" 6947
"/Engine/EngineMaterials/Substrate/Glints2/dict_0007_0053" 6948
"/Engine/EngineMaterials/Substrate/Glints2/dict_0007_0044" 6949
"/Engine/EngineMaterials/Substrate/Glints2/dict_0007_0045" 6950
"/Engine/EngineMaterials/Substrate/Glints2/dict_0007_0046" 6951
"/Engine/EngineMaterials/Substrate/Glints2/dict_0007_0040" 6952
"/Engine/EngineMaterials/Substrate/Glints2/dict_0007_0047" 6953
"../../../Engine/Content/EngineMaterials/Substrate/Glints2/dict_0007_0037.uasset" 6954
"/Engine/EngineMaterials/Substrate/Glints2/dict_0007_0048" 6955
"/Engine/EngineMaterials/Substrate/Glints2/dict_0007_0049" 6956
"/Engine/EngineMaterials/Substrate/Glints2/dict_0007_0050" 6957
"../../../Engine/Content/EngineMaterials/Substrate/Glints2/dict_0007_0038.uasset" 6958
"../../../Engine/Content/EngineMaterials/Substrate/Glints2/dict_0007_0043.uasset" 6959
"/Engine/EngineMaterials/Substrate/Glints2/dict_0007_0055" 6960
"../../../Engine/Content/EngineMaterials/Substrate/Glints2/dict_0007_0034.uasset" 6961
"/Engine/EngineMaterials/Substrate/Glints2/dict_0007_0042" 6962
"/Engine/EngineMaterials/Substrate/Glints2/dict_0007_0037" 6963
"../../../Engine/Content/EngineMaterials/Substrate/Glints2/dict_0007_0039.uasset" 6964
"/Engine/EngineMaterials/Substrate/Glints2/dict_0007_0038" 6965
"/Engine/EngineMaterials/Substrate/Glints2/dict_0007_0034" 6966
"../../../Engine/Content/EngineMaterials/Substrate/Glints2/dict_0007_0041.uasset" 6967
"/Engine/EngineMaterials/Substrate/Glints2/dict_0007_0043" 6968
"/Engine/EngineMaterials/Substrate/Glints2/dict_0007_0039" 6969
"/Engine/EngineMaterials/Substrate/Glints2/dict_0007_0041" 6970
"../../../Engine/Content/EngineMaterials/Substrate/Glints2/dict_0007_0036.uasset" 6971
"../../../Engine/Content/EngineMaterials/Substrate/Glints2/dict_0007_0035.uasset" 6972
"../../../Engine/Content/EngineMaterials/Substrate/Glints2/dict_0007_0030.uasset" 6973
"../../../Engine/Content/EngineMaterials/Substrate/Glints2/dict_0007_0033.uasset" 6974
"../../../Engine/Content/EngineMaterials/Substrate/Glints2/dict_0007_0032.uasset" 6975
"../../../Engine/Content/EngineMaterials/Substrate/Glints2/dict_0007_0031.uasset" 6976
"../../../Engine/Content/EngineMaterials/Substrate/Glints2/dict_0007_0079.uasset" 6977
"../../../Engine/Content/EngineMaterials/Substrate/Glints2/dict_0007_0029.uasset" 6978
"../../../Engine/Content/EngineMaterials/Substrate/Glints2/dict_0007_0028.uasset" 6979
"/Engine/EngineMaterials/Substrate/Glints2/dict_0007_0036" 6980
"../../../Engine/Content/EngineMaterials/Substrate/Glints2/dict_0007_0027.uasset" 6981
"../../../Engine/Content/EngineMaterials/Substrate/Glints2/dict_0007_0024.uasset" 6982
"../../../Engine/Content/EngineMaterials/Substrate/Glints2/dict_0007_0025.uasset" 6983
"/Engine/EngineMaterials/Substrate/Glints2/dict_0007_0079" 6984
"/Engine/EngineMaterials/Substrate/Glints2/dict_0007_0028" 6985
"../../../Engine/Content/EngineMaterials/Substrate/Glints2/dict_0007_0021.uasset" 6986
"/Engine/EngineMaterials/Substrate/Glints2/dict_0007_0029" 6987
"/Engine/EngineMaterials/Substrate/Glints2/dict_0007_0030" 6988
"../../../Engine/Content/EngineMaterials/Substrate/Glints2/dict_0007_0022.uasset" 6989
"../../../Engine/Content/EngineMaterials/Substrate/Glints2/dict_0007_0017.uasset" 6990
"../../../Engine/Content/EngineMaterials/Substrate/Glints2/dict_0007_0026.uasset" 6991
"/Engine/EngineMaterials/Substrate/Glints2/dict_0007_0033" 6992
"../../../Engine/Content/EngineMaterials/Substrate/Glints2/dict_0007_0023.uasset" 6993
"../../../Engine/Content/EngineMaterials/Substrate/Glints2/dict_0007_0018.uasset" 6994
"/Engine/EngineMaterials/Substrate/Glints2/dict_0007_0031" 6995
"../../../Engine/Content/EngineMaterials/Substrate/Glints2/dict_0007_0019.uasset" 6996
"/Engine/EngineMaterials/Substrate/Glints2/dict_0007_0035" 6997
"../../../Engine/Content/EngineMaterials/Substrate/Glints2/dict_0007_0020.uasset" 6998
"/Engine/EngineMaterials/Substrate/Glints2/dict_0007_0032" 6999
"/Engine/EngineMaterials/Substrate/Glints2/dict_0007_0021" 7000
"../../../Engine/Content/EngineMaterials/Substrate/Glints2/dict_0007_0016.uasset" 7001
"/Engine/EngineMaterials/Substrate/Glints2/dict_0007_0022" 7002
"../../../Engine/Content/EngineMaterials/Substrate/Glints2/dict_0007_0015.uasset" 7003
"../../../Engine/Content/EngineMaterials/Substrate/Glints2/dict_0007_0014.uasset" 7004
"/Engine/EngineMaterials/Substrate/Glints2/dict_0007_0023" 7005
"/Engine/EngineMaterials/Substrate/Glints2/dict_0007_0017" 7006
"/Engine/EngineMaterials/Substrate/Glints2/dict_0007_0018" 7007
"/Engine/EngineMaterials/Substrate/Glints2/dict_0007_0024" 7008
"../../../Engine/Content/EngineMaterials/Substrate/Glints2/dict_0007_0010.uasset" 7009
"/Engine/EngineMaterials/Substrate/Glints2/dict_0007_0025" 7010
"/Engine/EngineMaterials/Substrate/Glints2/dict_0007_0026" 7011
"../../../Engine/Content/EngineMaterials/Substrate/Glints2/dict_0007_0013.uasset" 7012
"/Engine/EngineMaterials/Substrate/Glints2/dict_0007_0027" 7013
"/Engine/EngineMaterials/Substrate/Glints2/dict_0007_0019" 7014
"../../../Engine/Content/EngineMaterials/Substrate/Glints2/dict_0007_0011.uasset" 7015
"/Engine/EngineMaterials/Substrate/Glints2/dict_0007_0020" 7016
"/Engine/EngineMaterials/Substrate/Glints2/dict_0007_0011" 7017
"/Engine/EngineMaterials/Substrate/Glints2/dict_0007_0013" 7018
"/Engine/EngineMaterials/Substrate/Glints2/dict_0007_0014" 7019
"../../../Engine/Content/EngineMaterials/Substrate/Glints2/dict_0007_0006.uasset" 7020
"../../../Engine/Content/EngineMaterials/Substrate/Glints2/dict_0007_0007.uasset" 7021
"/Engine/EngineMaterials/Substrate/Glints2/dict_0007_0015" 7022
"/Engine/EngineMaterials/Substrate/Glints2/dict_0007_0016" 7023
"../../../Engine/Content/EngineMaterials/Substrate/Glints2/dict_0007_0004.uasset" 7024
"/Engine/EngineMaterials/Substrate/Glints2/dict_0007_0010" 7025
"/Engine/EngineMaterials/Substrate/Glints2/dict_0007_0007" 7026
"../../../Engine/Content/EngineMaterials/Substrate/Glints2/dict_0007_0005.uasset" 7027
"/Engine/EngineMaterials/Substrate/Glints2/dict_0007_0006" 7028
"../../../Engine/Content/EngineMaterials/Substrate/Glints2/dict_0007_0002.uasset" 7029
"../../../Engine/Content/EngineMaterials/Substrate/Glints2/dict_0007_0012.uasset" 7030
"/Engine/EngineMaterials/Substrate/Glints2/dict_0007_0004" 7031
"../../../Engine/Content/EngineMaterials/Substrate/Glints2/dict_0007_0003.uasset" 7032
"../../../Engine/Content/EngineMaterials/Substrate/Glints2/dict_0007_0000.uasset" 7033
"../../../Engine/Content/EngineMaterials/Substrate/Glints2/dict_0007_0001.uasset" 7034
"/Engine/EngineMaterials/Substrate/Glints2/dict_0007_0012" 7035
"/Engine/EngineMaterials/Substrate/Glints2/dict_0007_0005" 7036
"/Engine/EngineMaterials/Substrate/Glints2/dict_0007_0002" 7037
"../../../Engine/Content/EngineMaterials/Substrate/Glints2/dict_0007_0009.uasset" 7038
"/Engine/EngineMaterials/Substrate/Glints2/dict_0007_0000" 7039
"../../../Engine/Content/EngineMaterials/Substrate/Glints2/dict_0006_0255.uasset" 7040
"/Engine/EngineMaterials/Substrate/Glints2/dict_0007_0001" 7041
"/Engine/EngineMaterials/Substrate/Glints2/dict_0007_0009" 7042
"/Engine/EngineMaterials/Substrate/Glints2/dict_0007_0003" 7043
"/Engine/EngineMaterials/Substrate/Glints2/dict_0006_0255" 7044
"../../../Engine/Content/EngineMaterials/Substrate/Glints2/dict_0006_0251.uasset" 7045
"../../../Engine/Content/EngineMaterials/Substrate/Glints2/dict_0006_0250.uasset" 7046
"../../../Engine/Content/EngineMaterials/Substrate/Glints2/dict_0007_0008.uasset" 7047
"../../../Engine/Content/EngineMaterials/Substrate/Glints2/dict_0006_0248.uasset" 7048
"../../../Engine/Content/EngineMaterials/Substrate/Glints2/dict_0006_0253.uasset" 7049
"../../../Engine/Content/EngineMaterials/Substrate/Glints2/dict_0006_0252.uasset" 7050
"../../../Engine/Content/EngineMaterials/Substrate/Glints2/dict_0006_0245.uasset" 7051
"/Engine/EngineMaterials/Substrate/Glints2/dict_0007_0008" 7052
"/Engine/EngineMaterials/Substrate/Glints2/dict_0006_0253" 7053
"/Engine/EngineMaterials/Substrate/Glints2/dict_0006_0248" 7054
"/Engine/EngineMaterials/Substrate/Glints2/dict_0006_0250" 7055
"../../../Engine/Content/EngineMaterials/Substrate/Glints2/dict_0006_0246.uasset" 7056
"/Engine/EngineMaterials/Substrate/Glints2/dict_0006_0251" 7057
"/Engine/EngineMaterials/Substrate/Glints2/dict_0006_0245" 7058
"/Engine/EngineMaterials/Substrate/Glints2/dict_0006_0246" 7059
"../../../Engine/Content/EngineMaterials/Substrate/Glints2/dict_0006_0242.uasset" 7060
"/Engine/EngineMaterials/Substrate/Glints2/dict_0006_0242" 7061
"../../../Engine/Content/EngineMaterials/Substrate/Glints2/dict_0006_0249.uasset" 7062
"../../../Engine/Content/EngineMaterials/Substrate/Glints2/dict_0006_0244.uasset" 7063
"../../../Engine/Content/EngineMaterials/Substrate/Glints2/dict_0006_0254.uasset" 7064
"../../../Engine/Content/EngineMaterials/Substrate/Glints2/dict_0006_0241.uasset" 7065
"../../../Engine/Content/EngineMaterials/Substrate/Glints2/dict_0006_0240.uasset" 7066
"../../../Engine/Content/EngineMaterials/Substrate/Glints2/dict_0006_0239.uasset" 7067
"../../../Engine/Content/EngineMaterials/Substrate/Glints2/dict_0006_0247.uasset" 7068
"../../../Engine/Content/EngineMaterials/Substrate/Glints2/dict_0006_0243.uasset" 7069
"../../../Engine/Content/EngineMaterials/Substrate/Glints2/dict_0006_0235.uasset" 7070
"../../../Engine/Content/EngineMaterials/Substrate/Glints2/dict_0006_0238.uasset" 7071
"/Engine/EngineMaterials/Substrate/Glints2/dict_0006_0235" 7072
"/Engine/EngineMaterials/Substrate/Glints2/dict_0006_0252" 7073
"../../../Engine/Content/EngineMaterials/Substrate/Glints2/dict_0006_0234.uasset" 7074
"/Engine/EngineMaterials/Substrate/Glints2/dict_0006_0241" 7075
"../../../Engine/Content/EngineMaterials/Substrate/Glints2/dict_0006_0236.uasset" 7076
"../../../Engine/Content/EngineMaterials/Substrate/Glints2/dict_0006_0233.uasset" 7077
"../../../Engine/Content/EngineMaterials/Substrate/Glints2/dict_0006_0232.uasset" 7078
"/Engine/EngineMaterials/Substrate/Glints2/dict_0006_0243" 7079
"/Engine/EngineMaterials/Substrate/Glints2/dict_0006_0238" 7080
"/Engine/EngineMaterials/Substrate/Glints2/dict_0006_0239" 7081
"/Engine/EngineMaterials/Substrate/Glints2/dict_0006_0244" 7082
"/Engine/EngineMaterials/Substrate/Glints2/dict_0006_0247" 7083
"/Engine/EngineMaterials/Substrate/Glints2/dict_0006_0249" 7084
"/Engine/EngineMaterials/Substrate/Glints2/dict_0006_0254" 7085
"/Engine/EngineMaterials/Substrate/Glints2/dict_0006_0240" 7086
"/Engine/EngineMaterials/Substrate/Glints2/dict_0006_0232" 7087
"../../../Engine/Content/EngineMaterials/Substrate/Glints2/dict_0006_0229.uasset" 7088
"/Engine/EngineMaterials/Substrate/Glints2/dict_0006_0236" 7089
"/Engine/EngineMaterials/Substrate/Glints2/dict_0006_0233" 7090
"/Engine/EngineMaterials/Substrate/Glints2/dict_0006_0234" 7091
"/Engine/EngineMaterials/Substrate/Glints2/dict_0006_0229" 7092
"../../../Engine/Content/EngineMaterials/Substrate/Glints2/dict_0006_0227.uasset" 7093
"../../../Engine/Content/EngineMaterials/Substrate/Glints2/dict_0006_0237.uasset" 7094
"../../../Engine/Content/EngineMaterials/Substrate/Glints2/dict_0006_0230.uasset" 7095
"../../../Engine/Content/EngineMaterials/Substrate/Glints2/dict_0006_0231.uasset" 7096
"../../../Engine/Content/EngineMaterials/Substrate/Glints2/dict_0006_0226.uasset" 7097
"../../../Engine/Content/EngineMaterials/Substrate/Glints2/dict_0006_0225.uasset" 7098
"../../../Engine/Content/EngineMaterials/Substrate/Glints2/dict_0006_0228.uasset" 7099
"../../../Engine/Content/EngineMaterials/Substrate/Glints2/dict_0006_0223.uasset" 7100
"../../../Engine/Content/EngineMaterials/Substrate/Glints2/dict_0006_0220.uasset" 7101
"/Engine/EngineMaterials/Substrate/Glints2/dict_0006_0230" 7102
"../../../Engine/Content/EngineMaterials/Substrate/Glints2/dict_0006_0217.uasset" 7103
"/Engine/EngineMaterials/Substrate/Glints2/dict_0006_0237" 7104
"/Engine/EngineMaterials/Substrate/Glints2/dict_0006_0220" 7105
"/Engine/EngineMaterials/Substrate/Glints2/dict_0006_0225" 7106
"/Engine/EngineMaterials/Substrate/Glints2/dict_0006_0226" 7107
"../../../Engine/Content/EngineMaterials/Substrate/Glints2/dict_0006_0221.uasset" 7108
"../../../Engine/Content/EngineMaterials/Substrate/Glints2/dict_0006_0224.uasset" 7109
"/Engine/EngineMaterials/Substrate/Glints2/dict_0006_0227" 7110
"/Engine/EngineMaterials/Substrate/Glints2/dict_0006_0223" 7111
"/Engine/EngineMaterials/Substrate/Glints2/dict_0006_0231" 7112
"../../../Engine/Content/EngineMaterials/Substrate/Glints2/dict_0006_0215.uasset" 7113
"../../../Engine/Content/EngineMaterials/Substrate/Glints2/dict_0006_0214.uasset" 7114
"/Engine/EngineMaterials/Substrate/Glints2/dict_0006_0228" 7115
"/Engine/EngineMaterials/Substrate/Glints2/dict_0006_0217" 7116
"../../../Engine/Content/EngineMaterials/Substrate/Glints2/dict_0006_0219.uasset" 7117
"../../../Engine/Content/EngineMaterials/Substrate/Glints2/dict_0006_0218.uasset" 7118
"/Engine/EngineMaterials/Substrate/Glints2/dict_0006_0221" 7119
"/Engine/EngineMaterials/Substrate/Glints2/dict_0006_0214" 7120
"../../../Engine/Content/EngineMaterials/Substrate/Glints2/dict_0006_0216.uasset" 7121
"/Engine/EngineMaterials/Substrate/Glints2/dict_0006_0224" 7122
"../../../Engine/Content/EngineMaterials/Substrate/Glints2/dict_0006_0213.uasset" 7123
"/Engine/EngineMaterials/Substrate/Glints2/dict_0006_0215" 7124
"../../../Engine/Content/EngineMaterials/Substrate/Glints2/dict_0006_0211.uasset" 7125
"/Engine/EngineMaterials/Substrate/Glints2/dict_0006_0216" 7126
"../../../Engine/Content/EngineMaterials/Substrate/Glints2/dict_0006_0210.uasset" 7127
"../../../Engine/Content/EngineMaterials/Substrate/Glints2/dict_0006_0209.uasset" 7128
"../../../Engine/Content/EngineMaterials/Substrate/Glints2/dict_0006_0208.uasset" 7129
"../../../Engine/Content/EngineMaterials/Substrate/Glints2/dict_0006_0222.uasset" 7130
"/Engine/EngineMaterials/Substrate/Glints2/dict_0006_0219" 7131
"/Engine/EngineMaterials/Substrate/Glints2/dict_0006_0213" 7132
"/Engine/EngineMaterials/Substrate/Glints2/dict_0006_0208" 7133
"/Engine/EngineMaterials/Substrate/Glints2/dict_0006_0209" 7134
"/Engine/EngineMaterials/Substrate/Glints2/dict_0006_0210" 7135
"/Engine/EngineMaterials/Substrate/Glints2/dict_0006_0211" 7136
"../../../Engine/Content/EngineMaterials/Substrate/Glints2/dict_0006_0212.uasset" 7137
"../../../Engine/Content/EngineMaterials/Substrate/Glints2/dict_0006_0207.uasset" 7138
"/Engine/EngineMaterials/Substrate/Glints2/dict_0006_0222" 7139
"/Engine/EngineMaterials/Substrate/Glints2/dict_0006_0207" 7140
"/Engine/EngineMaterials/Substrate/Glints2/dict_0006_0212" 7141
"../../../Engine/Content/EngineMaterials/Substrate/Glints2/dict_0006_0203.uasset" 7142
"../../../Engine/Content/EngineMaterials/Substrate/Glints2/dict_0006_0204.uasset" 7143
"../../../Engine/Content/EngineMaterials/Substrate/Glints2/dict_0006_0206.uasset" 7144
"../../../Engine/Content/EngineMaterials/Substrate/Glints2/dict_0006_0205.uasset" 7145
"../../../Engine/Content/EngineMaterials/Substrate/Glints2/dict_0006_0202.uasset" 7146
"../../../Engine/Content/EngineMaterials/Substrate/Glints2/dict_0006_0199.uasset" 7147
"/Engine/EngineMaterials/Substrate/Glints2/dict_0006_0205" 7148
"../../../Engine/Content/EngineMaterials/Substrate/Glints2/dict_0006_0195.uasset" 7149
"../../../Engine/Content/EngineMaterials/Substrate/Glints2/dict_0006_0197.uasset" 7150
"../../../Engine/Content/EngineMaterials/Substrate/Glints2/dict_0006_0201.uasset" 7151
"/Engine/EngineMaterials/Substrate/Glints2/dict_0006_0206" 7152
"../../../Engine/Content/EngineMaterials/Substrate/Glints2/dict_0006_0194.uasset" 7153
"/Engine/EngineMaterials/Substrate/Glints2/dict_0006_0202" 7154
"../../../Engine/Content/EngineMaterials/Substrate/Glints2/dict_0006_0200.uasset" 7155
"/Engine/EngineMaterials/Substrate/Glints2/dict_0006_0218" 7156
"/Engine/EngineMaterials/Substrate/Glints2/dict_0006_0203" 7157
"/Engine/EngineMaterials/Substrate/Glints2/dict_0006_0199" 7158
"/Engine/EngineMaterials/Substrate/Glints2/dict_0006_0204" 7159
"/Engine/EngineMaterials/Substrate/Glints2/dict_0006_0201" 7160
"/Engine/EngineMaterials/Substrate/Glints2/dict_0006_0200" 7161
"/Engine/EngineMaterials/Substrate/Glints2/dict_0006_0194" 7162
"../../../Engine/Content/EngineMaterials/Substrate/Glints2/dict_0006_0188.uasset" 7163
"../../../Engine/Content/EngineMaterials/Substrate/Glints2/dict_0006_0189.uasset" 7164
"/Engine/EngineMaterials/Substrate/Glints2/dict_0006_0195" 7165
"../../../Engine/Content/EngineMaterials/Substrate/Glints2/dict_0006_0191.uasset" 7166
"/Engine/EngineMaterials/Substrate/Glints2/dict_0006_0197" 7167
"../../../Engine/Content/EngineMaterials/Substrate/Glints2/dict_0006_0187.uasset" 7168
"../../../Engine/Content/EngineMaterials/Substrate/Glints2/dict_0006_0190.uasset" 7169
"../../../Engine/Content/EngineMaterials/Substrate/Glints2/dict_0006_0196.uasset" 7170
"/Engine/EngineMaterials/Substrate/Glints2/dict_0006_0191" 7171
"../../../Engine/Content/EngineMaterials/Substrate/Glints2/dict_0006_0193.uasset" 7172
"/Engine/EngineMaterials/Substrate/Glints2/dict_0006_0187" 7173
"/Engine/EngineMaterials/Substrate/Glints2/dict_0006_0188" 7174
"/Engine/EngineMaterials/Substrate/Glints2/dict_0006_0189" 7175
"../../../Engine/Content/EngineMaterials/Substrate/Glints2/dict_0006_0185.uasset" 7176
"../../../Engine/Content/EngineMaterials/Substrate/Glints2/dict_0006_0184.uasset" 7177
"../../../Engine/Content/EngineMaterials/Substrate/Glints2/dict_0006_0186.uasset" 7178
"/Engine/EngineMaterials/Substrate/Glints2/dict_0006_0196" 7179
"/Engine/EngineMaterials/Substrate/Glints2/dict_0006_0190" 7180
"/Engine/EngineMaterials/Substrate/Glints2/dict_0006_0184" 7181
"/Engine/EngineMaterials/Substrate/Glints2/dict_0006_0193" 7182
"../../../Engine/Content/EngineMaterials/Substrate/Glints2/dict_0006_0180.uasset" 7183
"/Engine/EngineMaterials/Substrate/Glints2/dict_0006_0186" 7184
"/Engine/EngineMaterials/Substrate/Glints2/dict_0006_0185" 7185
"/Engine/EngineMaterials/Substrate/Glints2/dict_0006_0180" 7186
"../../../Engine/Content/EngineMaterials/Substrate/Glints2/dict_0006_0192.uasset" 7187
"../../../Engine/Content/EngineMaterials/Substrate/Glints2/dict_0006_0183.uasset" 7188
"../../../Engine/Content/EngineMaterials/Substrate/Glints2/dict_0006_0179.uasset" 7189
"../../../Engine/Content/EngineMaterials/Substrate/Glints2/dict_0006_0182.uasset" 7190
"../../../Engine/Content/EngineMaterials/Substrate/Glints2/dict_0006_0178.uasset" 7191
"../../../Engine/Content/EngineMaterials/Substrate/Glints2/dict_0006_0177.uasset" 7192
"../../../Engine/Content/EngineMaterials/Substrate/Glints2/dict_0006_0198.uasset" 7193
"../../../Engine/Content/EngineMaterials/Substrate/Glints2/dict_0006_0176.uasset" 7194
"../../../Engine/Content/EngineMaterials/Substrate/Glints2/dict_0006_0174.uasset" 7195
"/Engine/EngineMaterials/Substrate/Glints2/dict_0006_0176" 7196
"../../../Engine/Content/EngineMaterials/Substrate/Glints2/dict_0006_0171.uasset" 7197
"/Engine/EngineMaterials/Substrate/Glints2/dict_0006_0183" 7198
"../../../Engine/Content/EngineMaterials/Substrate/Glints2/dict_0006_0172.uasset" 7199
"/Engine/EngineMaterials/Substrate/Glints2/dict_0006_0178" 7200
"/Engine/EngineMaterials/Substrate/Glints2/dict_0006_0192" 7201
"/Engine/EngineMaterials/Substrate/Glints2/dict_0006_0179" 7202
"/Engine/EngineMaterials/Substrate/Glints2/dict_0006_0177" 7203
"/Engine/EngineMaterials/Substrate/Glints2/dict_0006_0182" 7204
"/Engine/EngineMaterials/Substrate/Glints2/dict_0006_0198" 7205
"/Engine/EngineMaterials/Substrate/Glints2/dict_0006_0174" 7206
"../../../Engine/Content/EngineMaterials/Substrate/Glints2/dict_0006_0170.uasset" 7207
"/Engine/EngineMaterials/Substrate/Glints2/dict_0006_0171" 7208
"/Engine/EngineMaterials/Substrate/Glints2/dict_0006_0172" 7209
"../../../Engine/Content/EngineMaterials/Substrate/Glints2/dict_0006_0167.uasset" 7210
"../../../Engine/Content/EngineMaterials/Substrate/Glints2/dict_0006_0165.uasset" 7211
"/Engine/EngineMaterials/Substrate/Glints2/dict_0006_0170" 7212
"../../../Engine/Content/EngineMaterials/Substrate/Glints2/dict_0006_0168.uasset" 7213
"../../../Engine/Content/EngineMaterials/Substrate/Glints2/dict_0006_0166.uasset" 7214
"/Engine/EngineMaterials/Substrate/Glints2/dict_0006_0165" 7215
"/Engine/EngineMaterials/Substrate/Glints2/dict_0006_0167" 7216
"../../../Engine/Content/EngineMaterials/Substrate/Glints2/dict_0006_0175.uasset" 7217
"/Engine/EngineMaterials/Substrate/Glints2/dict_0006_0166" 7218
"/Engine/EngineMaterials/Substrate/Glints2/dict_0006_0168" 7219
"/Engine/EngineMaterials/Substrate/Glints2/dict_0006_0175" 7220
"../../../Engine/Content/EngineMaterials/Substrate/Glints2/dict_0006_0164.uasset" 7221
"/Engine/EngineMaterials/Substrate/Glints2/dict_0006_0164" 7222
"../../../Engine/Content/EngineMaterials/Substrate/Glints2/dict_0006_0160.uasset" 7223
"../../../Engine/Content/EngineMaterials/Substrate/Glints2/dict_0006_0162.uasset" 7224
"/Engine/EngineMaterials/Substrate/Glints2/dict_0006_0160" 7225
"../../../Engine/Content/EngineMaterials/Substrate/Glints2/dict_0006_0169.uasset" 7226
"/Engine/EngineMaterials/Substrate/Glints2/dict_0006_0162" 7227
"/Engine/EngineMaterials/Substrate/Glints2/dict_0006_0169" 7228
"../../../Engine/Content/EngineMaterials/Substrate/Glints2/dict_0006_0161.uasset" 7229
"../../../Engine/Content/EngineMaterials/Substrate/Glints2/dict_0006_0163.uasset" 7230
"/Engine/EngineMaterials/Substrate/Glints2/dict_0006_0161" 7231
"/Engine/EngineMaterials/Substrate/Glints2/dict_0006_0163" 7232
"../../../Engine/Content/EngineMaterials/Substrate/Glints2/dict_0006_0181.uasset" 7233
"../../../Engine/Content/EngineMaterials/Substrate/Glints2/dict_0006_0156.uasset" 7234
"../../../Engine/Content/EngineMaterials/Substrate/Glints2/dict_0006_0158.uasset" 7235
"../../../Engine/Content/EngineMaterials/Substrate/Glints2/dict_0006_0157.uasset" 7236
"../../../Engine/Content/EngineMaterials/Substrate/Glints2/dict_0006_0159.uasset" 7237
"../../../Engine/Content/EngineMaterials/Substrate/Glints2/dict_0006_0153.uasset" 7238
"../../../Engine/Content/EngineMaterials/Substrate/Glints2/dict_0006_0151.uasset" 7239
"../../../Engine/Content/EngineMaterials/Substrate/Glints2/dict_0006_0154.uasset" 7240
"../../../Engine/Content/EngineMaterials/Substrate/Glints2/dict_0006_0150.uasset" 7241
"/Engine/EngineMaterials/Substrate/Glints2/dict_0006_0154" 7242
"../../../Engine/Content/EngineMaterials/Substrate/Glints2/dict_0006_0155.uasset" 7243
"../../../Engine/Content/EngineMaterials/Substrate/Glints2/dict_0006_0149.uasset" 7244
"/Engine/EngineMaterials/Substrate/Glints2/dict_0006_0158" 7245
"/Engine/EngineMaterials/Substrate/Glints2/dict_0006_0153" 7246
"/Engine/EngineMaterials/Substrate/Glints2/dict_0006_0181" 7247
"/Engine/EngineMaterials/Substrate/Glints2/dict_0006_0156" 7248
"/Engine/EngineMaterials/Substrate/Glints2/dict_0006_0159" 7249
"/Engine/EngineMaterials/Substrate/Glints2/dict_0006_0157" 7250
"/Engine/EngineMaterials/Substrate/Glints2/dict_0006_0151" 7251
"/Engine/EngineMaterials/Substrate/Glints2/dict_0006_0155" 7252
"../../../Engine/Content/EngineMaterials/Substrate/Glints2/dict_0006_0144.uasset" 7253
"../../../Engine/Content/EngineMaterials/Substrate/Glints2/dict_0006_0145.uasset" 7254
"/Engine/EngineMaterials/Substrate/Glints2/dict_0006_0149" 7255
"/Engine/EngineMaterials/Substrate/Glints2/dict_0006_0150" 7256
"../../../Engine/Content/EngineMaterials/Substrate/Glints2/dict_0006_0147.uasset" 7257
"/Engine/EngineMaterials/Substrate/Glints2/dict_0006_0144" 7258
"/Engine/EngineMaterials/Substrate/Glints2/dict_0006_0145" 7259
"../../../Engine/Content/EngineMaterials/Substrate/Glints2/dict_0006_0142.uasset" 7260
"/Engine/EngineMaterials/Substrate/Glints2/dict_0006_0142" 7261
"/Engine/EngineMaterials/Substrate/Glints2/dict_0006_0147" 7262
"../../../Engine/Content/EngineMaterials/Substrate/Glints2/dict_0006_0146.uasset" 7263
"/Engine/EngineMaterials/Substrate/Glints2/dict_0006_0146" 7264
"../../../Engine/Content/EngineMaterials/Substrate/Glints2/dict_0006_0141.uasset" 7265
"../../../Engine/Content/EngineMaterials/Substrate/Glints2/dict_0006_0140.uasset" 7266
"../../../Engine/Content/EngineMaterials/Substrate/Glints2/dict_0006_0139.uasset" 7267
"../../../Engine/Content/EngineMaterials/Substrate/Glints2/dict_0006_0138.uasset" 7268
"../../../Engine/Content/EngineMaterials/Substrate/Glints2/dict_0006_0173.uasset" 7269
"../../../Engine/Content/EngineMaterials/Substrate/Glints2/dict_0006_0148.uasset" 7270
"../../../Engine/Content/EngineMaterials/Substrate/Glints2/dict_0006_0143.uasset" 7271
"../../../Engine/Content/EngineMaterials/Substrate/Glints2/dict_0006_0137.uasset" 7272
"../../../Engine/Content/EngineMaterials/Substrate/Glints2/dict_0006_0152.uasset" 7273
"/Engine/EngineMaterials/Substrate/Glints2/dict_0006_0139" 7274
"/Engine/EngineMaterials/Substrate/Glints2/dict_0006_0140" 7275
"../../../Engine/Content/EngineMaterials/Substrate/Glints2/dict_0006_0136.uasset" 7276
"../../../Engine/Content/EngineMaterials/Substrate/Glints2/dict_0006_0133.uasset" 7277
"../../../Engine/Content/EngineMaterials/Substrate/Glints2/dict_0006_0135.uasset" 7278
"/Engine/EngineMaterials/Substrate/Glints2/dict_0006_0148" 7279
"/Engine/EngineMaterials/Substrate/Glints2/dict_0006_0143" 7280
"/Engine/EngineMaterials/Substrate/Glints2/dict_0006_0173" 7281
"/Engine/EngineMaterials/Substrate/Glints2/dict_0006_0141" 7282
"/Engine/EngineMaterials/Substrate/Glints2/dict_0006_0137" 7283
"/Engine/EngineMaterials/Substrate/Glints2/dict_0006_0152" 7284
"/Engine/EngineMaterials/Substrate/Glints2/dict_0006_0138" 7285
"/Engine/EngineMaterials/Substrate/Glints2/dict_0006_0135" 7286
"/Engine/EngineMaterials/Substrate/Glints2/dict_0006_0133" 7287
"/Engine/EngineMaterials/Substrate/Glints2/dict_0006_0136" 7288
"../../../Engine/Content/EngineMaterials/Substrate/Glints2/dict_0006_0134.uasset" 7289
"../../../Engine/Content/EngineMaterials/Substrate/Glints2/dict_0006_0125.uasset" 7290
"../../../Engine/Content/EngineMaterials/Substrate/Glints2/dict_0006_0126.uasset" 7291
"../../../Engine/Content/EngineMaterials/Substrate/Glints2/dict_0006_0127.uasset" 7292
"../../../Engine/Content/EngineMaterials/Substrate/Glints2/dict_0006_0129.uasset" 7293
"/Engine/EngineMaterials/Substrate/Glints2/dict_0006_0125" 7294
"../../../Engine/Content/EngineMaterials/Substrate/Glints2/dict_0006_0121.uasset" 7295
"../../../Engine/Content/EngineMaterials/Substrate/Glints2/dict_0006_0123.uasset" 7296
"/Engine/EngineMaterials/Substrate/Glints2/dict_0006_0126" 7297
"/Engine/EngineMaterials/Substrate/Glints2/dict_0006_0127" 7298
"../../../Engine/Content/EngineMaterials/Substrate/Glints2/dict_0006_0122.uasset" 7299
"/Engine/EngineMaterials/Substrate/Glints2/dict_0006_0134" 7300
"/Engine/EngineMaterials/Substrate/Glints2/dict_0006_0129" 7301
"../../../Engine/Content/EngineMaterials/Substrate/Glints2/dict_0006_0124.uasset" 7302
"/Engine/EngineMaterials/Substrate/Glints2/dict_0006_0122" 7303
"/Engine/EngineMaterials/Substrate/Glints2/dict_0006_0123" 7304
"../../../Engine/Content/EngineMaterials/Substrate/Glints2/dict_0006_0120.uasset" 7305
"/Engine/EngineMaterials/Substrate/Glints2/dict_0006_0124" 7306
"/Engine/EngineMaterials/Substrate/Glints2/dict_0006_0121" 7307
"../../../Engine/Content/EngineMaterials/Substrate/Glints2/dict_0006_0130.uasset" 7308
"../../../Engine/Content/EngineMaterials/Substrate/Glints2/dict_0006_0118.uasset" 7309
"/Engine/EngineMaterials/Substrate/Glints2/dict_0006_0120" 7310
"../../../Engine/Content/EngineMaterials/Substrate/Glints2/dict_0006_0119.uasset" 7311
"/Engine/EngineMaterials/Substrate/Glints2/dict_0006_0130" 7312
"../../../Engine/Content/EngineMaterials/Substrate/Glints2/dict_0006_0117.uasset" 7313
"/Engine/EngineMaterials/Substrate/Glints2/dict_0006_0117" 7314
"/Engine/EngineMaterials/Substrate/Glints2/dict_0006_0118" 7315
"/Engine/EngineMaterials/Substrate/Glints2/dict_0006_0119" 7316
"../../../Engine/Content/EngineMaterials/Substrate/Glints2/dict_0006_0116.uasset" 7317
"../../../Engine/Content/EngineMaterials/Substrate/Glints2/dict_0006_0132.uasset" 7318
"../../../Engine/Content/EngineMaterials/Substrate/Glints2/dict_0006_0131.uasset" 7319
"../../../Engine/Content/EngineMaterials/Substrate/Glints2/dict_0006_0114.uasset" 7320
"../../../Engine/Content/EngineMaterials/Substrate/Glints2/dict_0006_0112.uasset" 7321
"../../../Engine/Content/EngineMaterials/Substrate/Glints2/dict_0006_0111.uasset" 7322
"../../../Engine/Content/EngineMaterials/Substrate/Glints2/dict_0006_0128.uasset" 7323
"../../../Engine/Content/EngineMaterials/Substrate/Glints2/dict_0006_0115.uasset" 7324
"../../../Engine/Content/EngineMaterials/Substrate/Glints2/dict_0006_0113.uasset" 7325
"../../../Engine/Content/EngineMaterials/Substrate/Glints2/dict_0006_0109.uasset" 7326
"/Engine/EngineMaterials/Substrate/Glints2/dict_0006_0132" 7327
"../../../Engine/Content/EngineMaterials/Substrate/Glints2/dict_0006_0108.uasset" 7328
"../../../Engine/Content/EngineMaterials/Substrate/Glints2/dict_0006_0105.uasset" 7329
"/Engine/EngineMaterials/Substrate/Glints2/dict_0006_0114" 7330
"../../../Engine/Content/EngineMaterials/Substrate/Glints2/dict_0006_0103.uasset" 7331
"/Engine/EngineMaterials/Substrate/Glints2/dict_0006_0115" 7332
"../../../Engine/Content/EngineMaterials/Substrate/Glints2/dict_0006_0106.uasset" 7333
"../../../Engine/Content/EngineMaterials/Substrate/Glints2/dict_0006_0107.uasset" 7334
"/Engine/EngineMaterials/Substrate/Glints2/dict_0006_0116" 7335
"../../../Engine/Content/EngineMaterials/Substrate/Glints2/dict_0006_0102.uasset" 7336
"/Engine/EngineMaterials/Substrate/Glints2/dict_0006_0109" 7337
"/Engine/EngineMaterials/Substrate/Glints2/dict_0006_0128" 7338
"/Engine/EngineMaterials/Substrate/Glints2/dict_0006_0111" 7339
"/Engine/EngineMaterials/Substrate/Glints2/dict_0006_0131" 7340
"/Engine/EngineMaterials/Substrate/Glints2/dict_0006_0112" 7341
"/Engine/EngineMaterials/Substrate/Glints2/dict_0006_0113" 7342
"../../../Engine/Content/EngineMaterials/Substrate/Glints2/dict_0006_0099.uasset" 7343
"/Engine/EngineMaterials/Substrate/Glints2/dict_0006_0105" 7344
"../../../Engine/Content/EngineMaterials/Substrate/Glints2/dict_0006_0101.uasset" 7345
"../../../Engine/Content/EngineMaterials/Substrate/Glints2/dict_0006_0098.uasset" 7346
"/Engine/EngineMaterials/Substrate/Glints2/dict_0006_0102" 7347
"../../../Engine/Content/EngineMaterials/Substrate/Glints2/dict_0006_0110.uasset" 7348
"/Engine/EngineMaterials/Substrate/Glints2/dict_0006_0106" 7349
"../../../Engine/Content/EngineMaterials/Substrate/Glints2/dict_0006_0100.uasset" 7350
"/Engine/EngineMaterials/Substrate/Glints2/dict_0006_0107" 7351
"/Engine/EngineMaterials/Substrate/Glints2/dict_0006_0108" 7352
"/Engine/EngineMaterials/Substrate/Glints2/dict_0006_0103" 7353
"../../../Engine/Content/EngineMaterials/Substrate/Glints2/dict_0006_0095.uasset" 7354
"../../../Engine/Content/EngineMaterials/Substrate/Glints2/dict_0006_0096.uasset" 7355
"/Engine/EngineMaterials/Substrate/Glints2/dict_0006_0095" 7356
"/Engine/EngineMaterials/Substrate/Glints2/dict_0006_0098" 7357
"../../../Engine/Content/EngineMaterials/Substrate/Glints2/dict_0006_0092.uasset" 7358
"/Engine/EngineMaterials/Substrate/Glints2/dict_0006_0099" 7359
"/Engine/EngineMaterials/Substrate/Glints2/dict_0006_0096" 7360
"/Engine/EngineMaterials/Substrate/Glints2/dict_0006_0110" 7361
"../../../Engine/Content/EngineMaterials/Substrate/Glints2/dict_0006_0094.uasset" 7362
"/Engine/EngineMaterials/Substrate/Glints2/dict_0006_0100" 7363
"/Engine/EngineMaterials/Substrate/Glints2/dict_0006_0101" 7364
"/Engine/EngineMaterials/Substrate/Glints2/dict_0006_0094" 7365
"/Engine/EngineMaterials/Substrate/Glints2/dict_0006_0092" 7366
"../../../Engine/Content/EngineMaterials/Substrate/Glints2/dict_0006_0097.uasset" 7367
"../../../Engine/Content/EngineMaterials/Substrate/Glints2/dict_0006_0093.uasset" 7368
"../../../Engine/Content/EngineMaterials/Substrate/Glints2/dict_0006_0091.uasset" 7369
"../../../Engine/Content/EngineMaterials/Substrate/Glints2/dict_0006_0088.uasset" 7370
"../../../Engine/Content/EngineMaterials/Substrate/Glints2/dict_0006_0089.uasset" 7371
"../../../Engine/Content/EngineMaterials/Substrate/Glints2/dict_0006_0090.uasset" 7372
"../../../Engine/Content/EngineMaterials/Substrate/Glints2/dict_0006_0087.uasset" 7373
"../../../Engine/Content/EngineMaterials/Substrate/Glints2/dict_0006_0081.uasset" 7374
"../../../Engine/Content/EngineMaterials/Substrate/Glints2/dict_0006_0085.uasset" 7375
"../../../Engine/Content/EngineMaterials/Substrate/Glints2/dict_0006_0083.uasset" 7376
"../../../Engine/Content/EngineMaterials/Substrate/Glints2/dict_0006_0086.uasset" 7377
"../../../Engine/Content/EngineMaterials/Substrate/Glints2/dict_0006_0084.uasset" 7378
"../../../Engine/Content/EngineMaterials/Substrate/Glints2/dict_0006_0079.uasset" 7379
"../../../Engine/Content/EngineMaterials/Substrate/Glints2/dict_0006_0082.uasset" 7380
"/Engine/EngineMaterials/Substrate/Glints2/dict_0006_0088" 7381
"/Engine/EngineMaterials/Substrate/Glints2/dict_0006_0089" 7382
"../../../Engine/Content/EngineMaterials/Substrate/Glints2/dict_0006_0080.uasset" 7383
"../../../Engine/Content/EngineMaterials/Substrate/Glints2/dict_0006_0078.uasset" 7384
"/Engine/EngineMaterials/Substrate/Glints2/dict_0006_0079" 7385
"../../../Engine/Content/EngineMaterials/Substrate/Glints2/dict_0006_0076.uasset" 7386
"/Engine/EngineMaterials/Substrate/Glints2/dict_0006_0093" 7387
"/Engine/EngineMaterials/Substrate/Glints2/dict_0006_0081" 7388
"/Engine/EngineMaterials/Substrate/Glints2/dict_0006_0090" 7389
"/Engine/EngineMaterials/Substrate/Glints2/dict_0006_0097" 7390
"/Engine/EngineMaterials/Substrate/Glints2/dict_0006_0091" 7391
"/Engine/EngineMaterials/Substrate/Glints2/dict_0006_0082" 7392
"../../../Engine/Content/EngineMaterials/Substrate/Glints2/dict_0006_0073.uasset" 7393
"/Engine/EngineMaterials/Substrate/Glints2/dict_0006_0083" 7394
"../../../Engine/Content/EngineMaterials/Substrate/Glints2/dict_0006_0071.uasset" 7395
"../../../Engine/Content/EngineMaterials/Substrate/Glints2/dict_0006_0069.uasset" 7396
"/Engine/EngineMaterials/Substrate/Glints2/dict_0006_0084" 7397
"/Engine/EngineMaterials/Substrate/Glints2/dict_0006_0085" 7398
"../../../Engine/Content/EngineMaterials/Substrate/Glints2/dict_0006_0077.uasset" 7399
"../../../Engine/Content/EngineMaterials/Substrate/Glints2/dict_0006_0070.uasset" 7400
"/Engine/EngineMaterials/Substrate/Glints2/dict_0006_0086" 7401
"../../../Engine/Content/EngineMaterials/Substrate/Glints2/dict_0006_0072.uasset" 7402
"../../../Engine/Content/EngineMaterials/Substrate/Glints2/dict_0006_0068.uasset" 7403
"/Engine/EngineMaterials/Substrate/Glints2/dict_0006_0087" 7404
"/Engine/EngineMaterials/Substrate/Glints2/dict_0006_0078" 7405
"../../../Engine/Content/EngineMaterials/Substrate/Glints2/dict_0006_0075.uasset" 7406
"../../../Engine/Content/EngineMaterials/Substrate/Glints2/dict_0006_0067.uasset" 7407
"/Engine/EngineMaterials/Substrate/Glints2/dict_0006_0072" 7408
"../../../Engine/Content/EngineMaterials/Substrate/Glints2/dict_0006_0104.uasset" 7409
"../../../Engine/Content/EngineMaterials/Substrate/Glints2/dict_0006_0074.uasset" 7410
"/Engine/EngineMaterials/Substrate/Glints2/dict_0006_0073" 7411
"../../../Engine/Content/EngineMaterials/Substrate/Glints2/dict_0006_0063.uasset" 7412
"/Engine/EngineMaterials/Substrate/Glints2/dict_0006_0080" 7413
"../../../Engine/Content/EngineMaterials/Substrate/Glints2/dict_0006_0066.uasset" 7414
"/Engine/EngineMaterials/Substrate/Glints2/dict_0006_0076" 7415
"../../../Engine/Content/EngineMaterials/Substrate/Glints2/dict_0006_0061.uasset" 7416
"../../../Engine/Content/EngineMaterials/Substrate/Glints2/dict_0006_0065.uasset" 7417
"/Engine/EngineMaterials/Substrate/Glints2/dict_0006_0077" 7418
"/Engine/EngineMaterials/Substrate/Glints2/dict_0006_0068" 7419
"../../../Engine/Content/EngineMaterials/Substrate/Glints2/dict_0006_0056.uasset" 7420
"../../../Engine/Content/EngineMaterials/Substrate/Glints2/dict_0006_0057.uasset" 7421
"/Engine/EngineMaterials/Substrate/Glints2/dict_0006_0069" 7422
"../../../Engine/Content/EngineMaterials/Substrate/Glints2/dict_0006_0064.uasset" 7423
"../../../Engine/Content/EngineMaterials/Substrate/Glints2/dict_0006_0062.uasset" 7424
"../../../Engine/Content/EngineMaterials/Substrate/Glints2/dict_0006_0059.uasset" 7425
"/Engine/EngineMaterials/Substrate/Glints2/dict_0006_0070" 7426
"../../../Engine/Content/EngineMaterials/Substrate/Glints2/dict_0006_0055.uasset" 7427
"/Engine/EngineMaterials/Substrate/Glints2/dict_0006_0071" 7428
"/Engine/EngineMaterials/Substrate/Glints2/dict_0006_0074" 7429
"/Engine/EngineMaterials/Substrate/Glints2/dict_0006_0063" 7430
"../../../Engine/Content/EngineMaterials/Substrate/Glints2/dict_0006_0058.uasset" 7431
"/Engine/EngineMaterials/Substrate/Glints2/dict_0006_0075" 7432
"/Engine/EngineMaterials/Substrate/Glints2/dict_0006_0065" 7433
"/Engine/EngineMaterials/Substrate/Glints2/dict_0006_0055" 7434
"/Engine/EngineMaterials/Substrate/Glints2/dict_0006_0066" 7435
"/Engine/EngineMaterials/Substrate/Glints2/dict_0006_0056" 7436
"/Engine/EngineMaterials/Substrate/Glints2/dict_0006_0067" 7437
"/Engine/EngineMaterials/Substrate/Glints2/dict_0006_0057" 7438
"/Engine/EngineMaterials/Substrate/Glints2/dict_0006_0064" 7439
"../../../Engine/Content/EngineMaterials/Substrate/Glints2/dict_0006_0052.uasset" 7440
"../../../Engine/Content/EngineMaterials/Substrate/Glints2/dict_0006_0054.uasset" 7441
"/Engine/EngineMaterials/Substrate/Glints2/dict_0006_0104" 7442
"/Engine/EngineMaterials/Substrate/Glints2/dict_0006_0059" 7443
"/Engine/EngineMaterials/Substrate/Glints2/dict_0006_0061" 7444
"../../../Engine/Content/EngineMaterials/Substrate/Glints2/dict_0006_0053.uasset" 7445
"/Engine/EngineMaterials/Substrate/Glints2/dict_0006_0062" 7446
"/Engine/EngineMaterials/Substrate/Glints2/dict_0006_0052" 7447
"/Engine/EngineMaterials/Substrate/Glints2/dict_0006_0053" 7448
"../../../Engine/Content/EngineMaterials/Substrate/Glints2/dict_0006_0049.uasset" 7449
"../../../Engine/Content/EngineMaterials/Substrate/Glints2/dict_0006_0048.uasset" 7450
"/Engine/EngineMaterials/Substrate/Glints2/dict_0006_0054" 7451
"../../../Engine/Content/EngineMaterials/Substrate/Glints2/dict_0006_0047.uasset" 7452
"/Engine/EngineMaterials/Substrate/Glints2/dict_0006_0058" 7453
"/Engine/EngineMaterials/Substrate/Glints2/dict_0006_0049" 7454
"/Engine/EngineMaterials/Substrate/Glints2/dict_0006_0047" 7455
"../../../Engine/Content/EngineMaterials/Substrate/Glints2/dict_0006_0046.uasset" 7456
"/Engine/EngineMaterials/Substrate/Glints2/dict_0006_0048" 7457
"../../../Engine/Content/EngineMaterials/Substrate/Glints2/dict_0006_0050.uasset" 7458
"/Engine/EngineMaterials/Substrate/Glints2/dict_0006_0050" 7459
"/Engine/EngineMaterials/Substrate/Glints2/dict_0006_0046" 7460
"../../../Engine/Content/EngineMaterials/Substrate/Glints2/dict_0006_0051.uasset" 7461
"../../../Engine/Content/EngineMaterials/Substrate/Glints2/dict_0006_0045.uasset" 7462
"../../../Engine/Content/EngineMaterials/Substrate/Glints2/dict_0006_0042.uasset" 7463
"../../../Engine/Content/EngineMaterials/Substrate/Glints2/dict_0006_0043.uasset" 7464
"../../../Engine/Content/EngineMaterials/Substrate/Glints2/dict_0006_0044.uasset" 7465
"/Engine/EngineMaterials/Substrate/Glints2/dict_0006_0051" 7466
"/Engine/EngineMaterials/Substrate/Glints2/dict_0006_0042" 7467
"/Engine/EngineMaterials/Substrate/Glints2/dict_0006_0043" 7468
"../../../Engine/Content/EngineMaterials/Substrate/Glints2/dict_0006_0041.uasset" 7469
"/Engine/EngineMaterials/Substrate/Glints2/dict_0006_0045" 7470
"/Engine/EngineMaterials/Substrate/Glints2/dict_0006_0041" 7471
"/Engine/EngineMaterials/Substrate/Glints2/dict_0006_0044" 7472
"../../../Engine/Content/EngineMaterials/Substrate/Glints2/dict_0006_0036.uasset" 7473
"../../../Engine/Content/EngineMaterials/Substrate/Glints2/dict_0006_0035.uasset" 7474
"../../../Engine/Content/EngineMaterials/Substrate/Glints2/dict_0006_0033.uasset" 7475
"../../../Engine/Content/EngineMaterials/Substrate/Glints2/dict_0006_0038.uasset" 7476
"../../../Engine/Content/EngineMaterials/Substrate/Glints2/dict_0006_0032.uasset" 7477
"/Engine/EngineMaterials/Substrate/Glints2/dict_0006_0032" 7478
"/Engine/EngineMaterials/Substrate/Glints2/dict_0006_0033" 7479
"/Engine/EngineMaterials/Substrate/Glints2/dict_0006_0035" 7480
"/Engine/EngineMaterials/Substrate/Glints2/dict_0006_0036" 7481
"../../../Engine/Content/EngineMaterials/Substrate/Glints2/dict_0006_0031.uasset" 7482
"../../../Engine/Content/EngineMaterials/Substrate/Glints2/dict_0006_0030.uasset" 7483
"/Engine/EngineMaterials/Substrate/Glints2/dict_0006_0038" 7484
"../../../Engine/Content/EngineMaterials/Substrate/Glints2/dict_0006_0040.uasset" 7485
"/Engine/EngineMaterials/Substrate/Glints2/dict_0006_0030" 7486
"/Engine/EngineMaterials/Substrate/Glints2/dict_0006_0031" 7487
"/Engine/EngineMaterials/Substrate/Glints2/dict_0006_0040" 7488
"../../../Engine/Content/EngineMaterials/Substrate/Glints2/dict_0006_0037.uasset" 7489
"/Engine/EngineMaterials/Substrate/Glints2/dict_0006_0037" 7490
"../../../Engine/Content/EngineMaterials/Substrate/Glints2/dict_0006_0034.uasset" 7491
"../../../Engine/Content/EngineMaterials/Substrate/Glints2/dict_0006_0029.uasset" 7492
"../../../Engine/Content/EngineMaterials/Substrate/Glints2/dict_0006_0027.uasset" 7493
"../../../Engine/Content/EngineMaterials/Substrate/Glints2/dict_0006_0025.uasset" 7494
"../../../Engine/Content/EngineMaterials/Substrate/Glints2/dict_0006_0026.uasset" 7495
"../../../Engine/Content/EngineMaterials/Substrate/Glints2/dict_0006_0023.uasset" 7496
"/Engine/EngineMaterials/Substrate/Glints2/dict_0006_0025" 7497
"../../../Engine/Content/EngineMaterials/Substrate/Glints2/dict_0006_0021.uasset" 7498
"/Engine/EngineMaterials/Substrate/Glints2/dict_0006_0026" 7499
"../../../Engine/Content/EngineMaterials/Substrate/Glints2/dict_0006_0022.uasset" 7500
"../../../Engine/Content/EngineMaterials/Substrate/Glints2/dict_0006_0028.uasset" 7501
"/Engine/EngineMaterials/Substrate/Glints2/dict_0006_0027" 7502
"/Engine/EngineMaterials/Substrate/Glints2/dict_0006_0023" 7503
"/Engine/EngineMaterials/Substrate/Glints2/dict_0006_0029" 7504
"/Engine/EngineMaterials/Substrate/Glints2/dict_0006_0034" 7505
"/Engine/EngineMaterials/Substrate/Glints2/dict_0006_0021" 7506
"/Engine/EngineMaterials/Substrate/Glints2/dict_0006_0022" 7507
"../../../Engine/Content/EngineMaterials/Substrate/Glints2/dict_0006_0024.uasset" 7508
"/Engine/EngineMaterials/Substrate/Glints2/dict_0006_0028" 7509
"/Engine/EngineMaterials/Substrate/Glints2/dict_0006_0024" 7510
"../../../Engine/Content/EngineMaterials/Substrate/Glints2/dict_0006_0018.uasset" 7511
"../../../Engine/Content/EngineMaterials/Substrate/Glints2/dict_0006_0020.uasset" 7512
"/Engine/EngineMaterials/Substrate/Glints2/dict_0006_0018" 7513
"../../../Engine/Content/EngineMaterials/Substrate/Glints2/dict_0006_0016.uasset" 7514
"/Engine/EngineMaterials/Substrate/Glints2/dict_0006_0020" 7515
"../../../Engine/Content/EngineMaterials/Substrate/Glints2/dict_0006_0019.uasset" 7516
"../../../Engine/Content/EngineMaterials/Substrate/Glints2/dict_0006_0017.uasset" 7517
"/Engine/EngineMaterials/Substrate/Glints2/dict_0006_0016" 7518
"/Engine/EngineMaterials/Substrate/Glints2/dict_0006_0017" 7519
"/Engine/EngineMaterials/Substrate/Glints2/dict_0006_0019" 7520
"../../../Engine/Content/EngineMaterials/Substrate/Glints2/dict_0006_0014.uasset" 7521
"../../../Engine/Content/EngineMaterials/Substrate/Glints2/dict_0006_0013.uasset" 7522
"../../../Engine/Content/EngineMaterials/Substrate/Glints2/dict_0006_0009.uasset" 7523
"../../../Engine/Content/EngineMaterials/Substrate/Glints2/dict_0006_0011.uasset" 7524
"../../../Engine/Content/EngineMaterials/Substrate/Glints2/dict_0006_0008.uasset" 7525
"../../../Engine/Content/EngineMaterials/Substrate/Glints2/dict_0006_0010.uasset" 7526
"../../../Engine/Content/EngineMaterials/Substrate/Glints2/dict_0006_0012.uasset" 7527
"../../../Engine/Content/EngineMaterials/Substrate/Glints2/dict_0006_0007.uasset" 7528
"/Engine/EngineMaterials/Substrate/Glints2/dict_0006_0012" 7529
"/Engine/EngineMaterials/Substrate/Glints2/dict_0006_0010" 7530
"/Engine/EngineMaterials/Substrate/Glints2/dict_0006_0013" 7531
"/Engine/EngineMaterials/Substrate/Glints2/dict_0006_0014" 7532
"../../../Engine/Content/EngineMaterials/Substrate/Glints2/dict_0006_0005.uasset" 7533
"/Engine/EngineMaterials/Substrate/Glints2/dict_0006_0011" 7534
"/Engine/EngineMaterials/Substrate/Glints2/dict_0006_0007" 7535
"/Engine/EngineMaterials/Substrate/Glints2/dict_0006_0008" 7536
"/Engine/EngineMaterials/Substrate/Glints2/dict_0006_0009" 7537
"/Engine/EngineMaterials/Substrate/Glints2/dict_0006_0005" 7538
"../../../Engine/Content/EngineMaterials/Substrate/Glints2/dict_0006_0006.uasset" 7539
"/Engine/EngineMaterials/Substrate/Glints2/dict_0006_0006" 7540
"../../../Engine/Content/EngineMaterials/Substrate/Glints2/dict_0006_0002.uasset" 7541
"../../../Engine/Content/EngineMaterials/Substrate/Glints2/dict_0006_0001.uasset" 7542
"../../../Engine/Content/EngineMaterials/Substrate/Glints2/dict_0006_0003.uasset" 7543
"../../../Engine/Content/EngineMaterials/Substrate/Glints2/dict_0006_0004.uasset" 7544
"../../../Engine/Content/EngineMaterials/Substrate/Glints2/dict_0006_0000.uasset" 7545
"../../../Engine/Content/EngineMaterials/Substrate/Glints2/dict_0005_0254.uasset" 7546
"../../../Engine/Content/EngineMaterials/Substrate/Glints2/dict_0005_0255.uasset" 7547
"../../../Engine/Content/EngineMaterials/Substrate/Glints2/dict_0005_0253.uasset" 7548
"/Engine/EngineMaterials/Substrate/Glints2/dict_0006_0002" 7549
"/Engine/EngineMaterials/Substrate/Glints2/dict_0005_0253" 7550
"../../../Engine/Content/EngineMaterials/Substrate/Glints2/dict_0005_0250.uasset" 7551
"../../../Engine/Content/EngineMaterials/Substrate/Glints2/dict_0005_0247.uasset" 7552
"/Engine/EngineMaterials/Substrate/Glints2/dict_0005_0254" 7553
"../../../Engine/Content/EngineMaterials/Substrate/Glints2/dict_0005_0251.uasset" 7554
"../../../Engine/Content/EngineMaterials/Substrate/Glints2/dict_0005_0252.uasset" 7555
"../../../Engine/Content/EngineMaterials/Substrate/Glints2/dict_0005_0248.uasset" 7556
"../../../Engine/Content/EngineMaterials/Substrate/Glints2/dict_0005_0249.uasset" 7557
"/Engine/EngineMaterials/Substrate/Glints2/dict_0005_0255" 7558
"/Engine/EngineMaterials/Substrate/Glints2/dict_0006_0003" 7559
"/Engine/EngineMaterials/Substrate/Glints2/dict_0006_0004" 7560
"/Engine/EngineMaterials/Substrate/Glints2/dict_0006_0000" 7561
"/Engine/EngineMaterials/Substrate/Glints2/dict_0006_0001" 7562
"/Engine/EngineMaterials/Substrate/Glints2/dict_0005_0248" 7563
"/Engine/EngineMaterials/Substrate/Glints2/dict_0005_0251" 7564
"/Engine/EngineMaterials/Substrate/Glints2/dict_0005_0252" 7565
"/Engine/EngineMaterials/Substrate/Glints2/dict_0005_0249" 7566
"/Engine/EngineMaterials/Substrate/Glints2/dict_0005_0250" 7567
"../../../Engine/Content/EngineMaterials/Substrate/Glints2/dict_0005_0246.uasset" 7568
"../../../Engine/Content/EngineMaterials/Substrate/Glints2/dict_0005_0241.uasset" 7569
"../../../Engine/Content/EngineMaterials/Substrate/Glints2/dict_0005_0245.uasset" 7570
"../../../Engine/Content/EngineMaterials/Substrate/Glints2/dict_0005_0243.uasset" 7571
"/Engine/EngineMaterials/Substrate/Glints2/dict_0005_0247" 7572
"/Engine/EngineMaterials/Substrate/Glints2/dict_0005_0245" 7573
"../../../Engine/Content/EngineMaterials/Substrate/Glints2/dict_0005_0244.uasset" 7574
"/Engine/EngineMaterials/Substrate/Glints2/dict_0005_0243" 7575
"../../../Engine/Content/EngineMaterials/Substrate/Glints2/dict_0005_0242.uasset" 7576
"/Engine/EngineMaterials/Substrate/Glints2/dict_0005_0246" 7577
"/Engine/EngineMaterials/Substrate/Glints2/dict_0005_0241" 7578
"/Engine/EngineMaterials/Substrate/Glints2/dict_0005_0242" 7579
"/Engine/EngineMaterials/Substrate/Glints2/dict_0005_0244" 7580
"../../../Engine/Content/EngineMaterials/Substrate/Glints2/dict_0005_0239.uasset" 7581
"../../../Engine/Content/EngineMaterials/Substrate/Glints2/dict_0005_0240.uasset" 7582
"../../../Engine/Content/EngineMaterials/Substrate/Glints2/dict_0005_0237.uasset" 7583
"../../../Engine/Content/EngineMaterials/Substrate/Glints2/dict_0005_0238.uasset" 7584
"/Engine/EngineMaterials/Substrate/Glints2/dict_0005_0239" 7585
"/Engine/EngineMaterials/Substrate/Glints2/dict_0005_0240" 7586
"/Engine/EngineMaterials/Substrate/Glints2/dict_0005_0237" 7587
"/Engine/EngineMaterials/Substrate/Glints2/dict_0005_0238" 7588
"../../../Engine/Content/EngineMaterials/Substrate/Glints2/dict_0005_0234.uasset" 7589
"../../../Engine/Content/EngineMaterials/Substrate/Glints2/dict_0005_0232.uasset" 7590
"../../../Engine/Content/EngineMaterials/Substrate/Glints2/dict_0005_0233.uasset" 7591
"../../../Engine/Content/EngineMaterials/Substrate/Glints2/dict_0005_0231.uasset" 7592
"../../../Engine/Content/EngineMaterials/Substrate/Glints2/dict_0005_0236.uasset" 7593
"../../../Engine/Content/EngineMaterials/Substrate/Glints2/dict_0006_0039.uasset" 7594
"../../../Engine/Content/EngineMaterials/Substrate/Glints2/dict_0005_0235.uasset" 7595
"../../../Engine/Content/EngineMaterials/Substrate/Glints2/dict_0005_0228.uasset" 7596
"../../../Engine/Content/EngineMaterials/Substrate/Glints2/dict_0005_0230.uasset" 7597
"/Engine/EngineMaterials/Substrate/Glints2/dict_0006_0039" 7598
"../../../Engine/Content/EngineMaterials/Substrate/Glints2/dict_0005_0227.uasset" 7599
"/Engine/EngineMaterials/Substrate/Glints2/dict_0005_0234" 7600
"/Engine/EngineMaterials/Substrate/Glints2/dict_0005_0235" 7601
"../../../Engine/Content/EngineMaterials/Substrate/Glints2/dict_0005_0229.uasset" 7602
"/Engine/EngineMaterials/Substrate/Glints2/dict_0005_0236" 7603
"/Engine/EngineMaterials/Substrate/Glints2/dict_0005_0228" 7604
"/Engine/EngineMaterials/Substrate/Glints2/dict_0005_0233" 7605
"/Engine/EngineMaterials/Substrate/Glints2/dict_0005_0232" 7606
"/Engine/EngineMaterials/Substrate/Glints2/dict_0005_0230" 7607
"/Engine/EngineMaterials/Substrate/Glints2/dict_0005_0231" 7608
"/Engine/EngineMaterials/Substrate/Glints2/dict_0005_0227" 7609
"/Engine/EngineMaterials/Substrate/Glints2/dict_0005_0229" 7610
"../../../Engine/Content/EngineMaterials/Substrate/Glints2/dict_0005_0225.uasset" 7611
"../../../Engine/Content/EngineMaterials/Substrate/Glints2/dict_0005_0222.uasset" 7612
"../../../Engine/Content/EngineMaterials/Substrate/Glints2/dict_0005_0220.uasset" 7613
"../../../Engine/Content/EngineMaterials/Substrate/Glints2/dict_0005_0226.uasset" 7614
"../../../Engine/Content/EngineMaterials/Substrate/Glints2/dict_0005_0223.uasset" 7615
"../../../Engine/Content/EngineMaterials/Substrate/Glints2/dict_0005_0224.uasset" 7616
"../../../Engine/Content/EngineMaterials/Substrate/Glints2/dict_0005_0221.uasset" 7617
"../../../Engine/Content/EngineMaterials/Substrate/Glints2/dict_0005_0218.uasset" 7618
"../../../Engine/Content/EngineMaterials/Substrate/Glints2/dict_0005_0219.uasset" 7619
"../../../Engine/Content/EngineMaterials/Substrate/Glints2/dict_0005_0217.uasset" 7620
"/Engine/EngineMaterials/Substrate/Glints2/dict_0005_0224" 7621
"../../../Engine/Content/EngineMaterials/Substrate/Glints2/dict_0005_0216.uasset" 7622
"/Engine/EngineMaterials/Substrate/Glints2/dict_0005_0218" 7623
"../../../Engine/Content/EngineMaterials/Substrate/Glints2/dict_0005_0215.uasset" 7624
"/Engine/EngineMaterials/Substrate/Glints2/dict_0005_0219" 7625
"/Engine/EngineMaterials/Substrate/Glints2/dict_0005_0220" 7626
"/Engine/EngineMaterials/Substrate/Glints2/dict_0005_0221" 7627
"/Engine/EngineMaterials/Substrate/Glints2/dict_0005_0225" 7628
"/Engine/EngineMaterials/Substrate/Glints2/dict_0005_0226" 7629
"/Engine/EngineMaterials/Substrate/Glints2/dict_0005_0222" 7630
"../../../Engine/Content/EngineMaterials/Substrate/Glints2/dict_0005_0209.uasset" 7631
"../../../Engine/Content/EngineMaterials/Substrate/Glints2/dict_0005_0213.uasset" 7632
"../../../Engine/Content/EngineMaterials/Substrate/Glints2/dict_0005_0211.uasset" 7633
"../../../Engine/Content/EngineMaterials/Substrate/Glints2/dict_0005_0210.uasset" 7634
"../../../Engine/Content/EngineMaterials/Substrate/Glints2/dict_0005_0212.uasset" 7635
"/Engine/EngineMaterials/Substrate/Glints2/dict_0005_0223" 7636
"/Engine/EngineMaterials/Substrate/Glints2/dict_0005_0217" 7637
"/Engine/EngineMaterials/Substrate/Glints2/dict_0005_0212" 7638
"../../../Engine/Content/EngineMaterials/Substrate/Glints2/dict_0005_0208.uasset" 7639
"/Engine/EngineMaterials/Substrate/Glints2/dict_0005_0209" 7640
"../../../Engine/Content/EngineMaterials/Substrate/Glints2/dict_0005_0214.uasset" 7641
"/Engine/EngineMaterials/Substrate/Glints2/dict_0005_0210" 7642
"../../../Engine/Content/EngineMaterials/Substrate/Glints2/dict_0005_0203.uasset" 7643
"/Engine/EngineMaterials/Substrate/Glints2/dict_0005_0215" 7644
"../../../Engine/Content/EngineMaterials/Substrate/Glints2/dict_0005_0205.uasset" 7645
"/Engine/EngineMaterials/Substrate/Glints2/dict_0005_0213" 7646
"../../../Engine/Content/EngineMaterials/Substrate/Glints2/dict_0005_0207.uasset" 7647
"../../../Engine/Content/EngineMaterials/Substrate/Glints2/dict_0005_0204.uasset" 7648
"/Engine/EngineMaterials/Substrate/Glints2/dict_0005_0211" 7649
"/Engine/EngineMaterials/Substrate/Glints2/dict_0005_0216" 7650
"/Engine/EngineMaterials/Substrate/Glints2/dict_0005_0214" 7651
"/Engine/EngineMaterials/Substrate/Glints2/dict_0005_0203" 7652
"/Engine/EngineMaterials/Substrate/Glints2/dict_0005_0208" 7653
"/Engine/EngineMaterials/Substrate/Glints2/dict_0005_0204" 7654
"/Engine/EngineMaterials/Substrate/Glints2/dict_0005_0205" 7655
"../../../Engine/Content/EngineMaterials/Substrate/Glints2/dict_0005_0206.uasset" 7656
"/Engine/EngineMaterials/Substrate/Glints2/dict_0005_0207" 7657
"../../../Engine/Content/EngineMaterials/Substrate/Glints2/dict_0005_0198.uasset" 7658
"../../../Engine/Content/EngineMaterials/Substrate/Glints2/dict_0005_0200.uasset" 7659
"../../../Engine/Content/EngineMaterials/Substrate/Glints2/dict_0005_0201.uasset" 7660
"../../../Engine/Content/EngineMaterials/Substrate/Glints2/dict_0005_0197.uasset" 7661
"../../../Engine/Content/EngineMaterials/Substrate/Glints2/dict_0005_0199.uasset" 7662
"../../../Engine/Content/EngineMaterials/Substrate/Glints2/dict_0005_0202.uasset" 7663
"../../../Engine/Content/EngineMaterials/Substrate/Glints2/dict_0005_0194.uasset" 7664
"../../../Engine/Content/EngineMaterials/Substrate/Glints2/dict_0005_0196.uasset" 7665
"../../../Engine/Content/EngineMaterials/Substrate/Glints2/dict_0005_0195.uasset" 7666
"../../../Engine/Content/EngineMaterials/Substrate/Glints2/dict_0005_0193.uasset" 7667
"/Engine/EngineMaterials/Substrate/Glints2/dict_0005_0199" 7668
"/Engine/EngineMaterials/Substrate/Glints2/dict_0005_0200" 7669
"/Engine/EngineMaterials/Substrate/Glints2/dict_0005_0201" 7670
"/Engine/EngineMaterials/Substrate/Glints2/dict_0005_0202" 7671
"../../../Engine/Content/EngineMaterials/Substrate/Glints2/dict_0005_0190.uasset" 7672
"../../../Engine/Content/EngineMaterials/Substrate/Glints2/dict_0005_0191.uasset" 7673
"../../../Engine/Content/EngineMaterials/Substrate/Glints2/dict_0005_0187.uasset" 7674
"/Engine/EngineMaterials/Substrate/Glints2/dict_0005_0193" 7675
"../../../Engine/Content/EngineMaterials/Substrate/Glints2/dict_0005_0189.uasset" 7676
"../../../Engine/Content/EngineMaterials/Substrate/Glints2/dict_0005_0192.uasset" 7677
"../../../Engine/Content/EngineMaterials/Substrate/Glints2/dict_0005_0188.uasset" 7678
"../../../Engine/Content/EngineMaterials/Substrate/Glints2/dict_0005_0186.uasset" 7679
"/Engine/EngineMaterials/Substrate/Glints2/dict_0005_0194" 7680
"/Engine/EngineMaterials/Substrate/Glints2/dict_0005_0197" 7681
"/Engine/EngineMaterials/Substrate/Glints2/dict_0005_0198" 7682
"/Engine/EngineMaterials/Substrate/Glints2/dict_0005_0195" 7683
"/Engine/EngineMaterials/Substrate/Glints2/dict_0005_0206" 7684
"/Engine/EngineMaterials/Substrate/Glints2/dict_0005_0196" 7685
"/Engine/EngineMaterials/Substrate/Glints2/dict_0005_0187" 7686
"/Engine/EngineMaterials/Substrate/Glints2/dict_0005_0188" 7687
"/Engine/EngineMaterials/Substrate/Glints2/dict_0005_0189" 7688
"/Engine/EngineMaterials/Substrate/Glints2/dict_0005_0190" 7689
"/Engine/EngineMaterials/Substrate/Glints2/dict_0005_0191" 7690
"../../../Engine/Content/EngineMaterials/Substrate/Glints2/dict_0005_0182.uasset" 7691
"/Engine/EngineMaterials/Substrate/Glints2/dict_0005_0192" 7692
"../../../Engine/Content/EngineMaterials/Substrate/Glints2/dict_0005_0183.uasset" 7693
"/Engine/EngineMaterials/Substrate/Glints2/dict_0005_0186" 7694
"../../../Engine/Content/EngineMaterials/Substrate/Glints2/dict_0005_0179.uasset" 7695
"../../../Engine/Content/EngineMaterials/Substrate/Glints2/dict_0005_0185.uasset" 7696
"/Engine/EngineMaterials/Substrate/Glints2/dict_0005_0182" 7697
"../../../Engine/Content/EngineMaterials/Substrate/Glints2/dict_0005_0181.uasset" 7698
"/Engine/EngineMaterials/Substrate/Glints2/dict_0005_0183" 7699
"/Engine/EngineMaterials/Substrate/Glints2/dict_0005_0179" 7700
"/Engine/EngineMaterials/Substrate/Glints2/dict_0005_0181" 7701
"/Engine/EngineMaterials/Substrate/Glints2/dict_0005_0185" 7702
"../../../Engine/Content/EngineMaterials/Substrate/Glints2/dict_0005_0184.uasset" 7703
"../../../Engine/Content/EngineMaterials/Substrate/Glints2/dict_0005_0180.uasset" 7704
"../../../Engine/Content/EngineMaterials/Substrate/Glints2/dict_0005_0176.uasset" 7705
"../../../Engine/Content/EngineMaterials/Substrate/Glints2/dict_0005_0177.uasset" 7706
"../../../Engine/Content/EngineMaterials/Substrate/Glints2/dict_0005_0178.uasset" 7707
"../../../Engine/Content/EngineMaterials/Substrate/Glints2/dict_0005_0174.uasset" 7708
"../../../Engine/Content/EngineMaterials/Substrate/Glints2/dict_0005_0175.uasset" 7709
"/Engine/EngineMaterials/Substrate/Glints2/dict_0005_0174" 7710
"/Engine/EngineMaterials/Substrate/Glints2/dict_0005_0180" 7711
"/Engine/EngineMaterials/Substrate/Glints2/dict_0005_0176" 7712
"../../../Engine/Content/EngineMaterials/Substrate/Glints2/dict_0005_0170.uasset" 7713
"/Engine/EngineMaterials/Substrate/Glints2/dict_0005_0177" 7714
"../../../Engine/Content/EngineMaterials/Substrate/Glints2/dict_0005_0171.uasset" 7715
"/Engine/EngineMaterials/Substrate/Glints2/dict_0005_0178" 7716
"/Engine/EngineMaterials/Substrate/Glints2/dict_0005_0184" 7717
"/Engine/EngineMaterials/Substrate/Glints2/dict_0005_0175" 7718
"../../../Engine/Content/EngineMaterials/Substrate/Glints2/dict_0005_0168.uasset" 7719
"../../../Engine/Content/EngineMaterials/Substrate/Glints2/dict_0005_0169.uasset" 7720
"/Engine/EngineMaterials/Substrate/Glints2/dict_0005_0170" 7721
"/Engine/EngineMaterials/Substrate/Glints2/dict_0005_0171" 7722
"/Engine/EngineMaterials/Substrate/Glints2/dict_0005_0168" 7723
"/Engine/EngineMaterials/Substrate/Glints2/dict_0005_0169" 7724
"../../../Engine/Content/EngineMaterials/Substrate/Glints2/dict_0005_0173.uasset" 7725
"../../../Engine/Content/EngineMaterials/Substrate/Glints2/dict_0005_0172.uasset" 7726
"../../../Engine/Content/EngineMaterials/Substrate/Glints2/dict_0005_0166.uasset" 7727
"../../../Engine/Content/EngineMaterials/Substrate/Glints2/dict_0005_0164.uasset" 7728
"../../../Engine/Content/EngineMaterials/Substrate/Glints2/dict_0005_0167.uasset" 7729
"../../../Engine/Content/EngineMaterials/Substrate/Glints2/dict_0005_0165.uasset" 7730
"/Engine/EngineMaterials/Substrate/Glints2/dict_0005_0164" 7731
"/Engine/EngineMaterials/Substrate/Glints2/dict_0005_0166" 7732
"/Engine/EngineMaterials/Substrate/Glints2/dict_0005_0167" 7733
"/Engine/EngineMaterials/Substrate/Glints2/dict_0005_0172" 7734
"/Engine/EngineMaterials/Substrate/Glints2/dict_0005_0173" 7735
"../../../Engine/Content/EngineMaterials/Substrate/Glints2/dict_0005_0160.uasset" 7736
"../../../Engine/Content/EngineMaterials/Substrate/Glints2/dict_0005_0158.uasset" 7737
"../../../Engine/Content/EngineMaterials/Substrate/Glints2/dict_0005_0159.uasset" 7738
"../../../Engine/Content/EngineMaterials/Substrate/Glints2/dict_0005_0163.uasset" 7739
"../../../Engine/Content/EngineMaterials/Substrate/Glints2/dict_0005_0162.uasset" 7740
"../../../Engine/Content/EngineMaterials/Substrate/Glints2/dict_0005_0157.uasset" 7741
"../../../Engine/Content/EngineMaterials/Substrate/Glints2/dict_0005_0156.uasset" 7742
"../../../Engine/Content/EngineMaterials/Substrate/Glints2/dict_0005_0161.uasset" 7743
"/Engine/EngineMaterials/Substrate/Glints2/dict_0005_0163" 7744
"../../../Engine/Content/EngineMaterials/Substrate/Glints2/dict_0005_0154.uasset" 7745
"/Engine/EngineMaterials/Substrate/Glints2/dict_0005_0156" 7746
"/Engine/EngineMaterials/Substrate/Glints2/dict_0005_0165" 7747
"/Engine/EngineMaterials/Substrate/Glints2/dict_0005_0157" 7748
"/Engine/EngineMaterials/Substrate/Glints2/dict_0005_0158" 7749
"/Engine/EngineMaterials/Substrate/Glints2/dict_0005_0159" 7750
"/Engine/EngineMaterials/Substrate/Glints2/dict_0005_0160" 7751
"/Engine/EngineMaterials/Substrate/Glints2/dict_0005_0161" 7752
"/Engine/EngineMaterials/Substrate/Glints2/dict_0005_0162" 7753
"/Engine/EngineMaterials/Substrate/Glints2/dict_0005_0154" 7754
"../../../Engine/Content/EngineMaterials/Substrate/Glints2/dict_0005_0151.uasset" 7755
"/Engine/EngineMaterials/Substrate/Glints2/dict_0005_0151" 7756
"../../../Engine/Content/EngineMaterials/Substrate/Glints2/dict_0005_0150.uasset" 7757
"../../../Engine/Content/EngineMaterials/Substrate/Glints2/dict_0005_0148.uasset" 7758
"../../../Engine/Content/EngineMaterials/Substrate/Glints2/dict_0005_0152.uasset" 7759
"../../../Engine/Content/EngineMaterials/Substrate/Glints2/dict_0005_0155.uasset" 7760
"../../../Engine/Content/EngineMaterials/Substrate/Glints2/dict_0005_0149.uasset" 7761
"../../../Engine/Content/EngineMaterials/Substrate/Glints2/dict_0005_0147.uasset" 7762
"../../../Engine/Content/EngineMaterials/Substrate/Glints2/dict_0005_0146.uasset" 7763
"../../../Engine/Content/EngineMaterials/Substrate/Glints2/dict_0005_0153.uasset" 7764
"../../../Engine/Content/EngineMaterials/Substrate/Glints2/dict_0005_0145.uasset" 7765
"/Engine/EngineMaterials/Substrate/Glints2/dict_0005_0145" 7766
"/Engine/EngineMaterials/Substrate/Glints2/dict_0005_0146" 7767
"/Engine/EngineMaterials/Substrate/Glints2/dict_0005_0147" 7768
"/Engine/EngineMaterials/Substrate/Glints2/dict_0005_0148" 7769
"/Engine/EngineMaterials/Substrate/Glints2/dict_0005_0149" 7770
"/Engine/EngineMaterials/Substrate/Glints2/dict_0005_0153" 7771
"/Engine/EngineMaterials/Substrate/Glints2/dict_0005_0150" 7772
"/Engine/EngineMaterials/Substrate/Glints2/dict_0005_0152" 7773
"../../../Engine/Content/EngineMaterials/Substrate/Glints2/dict_0005_0139.uasset" 7774
"/Engine/EngineMaterials/Substrate/Glints2/dict_0005_0155" 7775
"../../../Engine/Content/EngineMaterials/Substrate/Glints2/dict_0005_0141.uasset" 7776
"/Engine/EngineMaterials/Substrate/Glints2/dict_0005_0139" 7777
"/Engine/EngineMaterials/Substrate/Glints2/dict_0005_0141" 7778
"../../../Engine/Content/EngineMaterials/Substrate/Glints2/dict_0005_0138.uasset" 7779
"../../../Engine/Content/EngineMaterials/Substrate/Glints2/dict_0005_0142.uasset" 7780
"../../../Engine/Content/EngineMaterials/Substrate/Glints2/dict_0005_0136.uasset" 7781
"../../../Engine/Content/EngineMaterials/Substrate/Glints2/dict_0005_0137.uasset" 7782
"../../../Engine/Content/EngineMaterials/Substrate/Glints2/dict_0005_0140.uasset" 7783
"../../../Engine/Content/EngineMaterials/Substrate/Glints2/dict_0005_0135.uasset" 7784
"/Engine/EngineMaterials/Substrate/Glints2/dict_0005_0135" 7785
"/Engine/EngineMaterials/Substrate/Glints2/dict_0005_0136" 7786
"/Engine/EngineMaterials/Substrate/Glints2/dict_0005_0137" 7787
"/Engine/EngineMaterials/Substrate/Glints2/dict_0005_0140" 7788
"/Engine/EngineMaterials/Substrate/Glints2/dict_0005_0142" 7789
"/Engine/EngineMaterials/Substrate/Glints2/dict_0005_0138" 7790
"../../../Engine/Content/EngineMaterials/Substrate/Glints2/dict_0005_0132.uasset" 7791
"../../../Engine/Content/EngineMaterials/Substrate/Glints2/dict_0005_0131.uasset" 7792
"../../../Engine/Content/EngineMaterials/Substrate/Glints2/dict_0005_0130.uasset" 7793
"../../../Engine/Content/EngineMaterials/Substrate/Glints2/dict_0005_0133.uasset" 7794
"../../../Engine/Content/EngineMaterials/Substrate/Glints2/dict_0005_0144.uasset" 7795
"../../../Engine/Content/EngineMaterials/Substrate/Glints2/dict_0005_0143.uasset" 7796
"../../../Engine/Content/EngineMaterials/Substrate/Glints2/dict_0005_0134.uasset" 7797
"../../../Engine/Content/EngineMaterials/Substrate/Glints2/dict_0005_0127.uasset" 7798
"../../../Engine/Content/EngineMaterials/Substrate/Glints2/dict_0005_0126.uasset" 7799
"../../../Engine/Content/EngineMaterials/Substrate/Glints2/dict_0005_0128.uasset" 7800
"../../../Engine/Content/EngineMaterials/Substrate/Glints2/dict_0005_0129.uasset" 7801
"/Engine/EngineMaterials/Substrate/Glints2/dict_0005_0126" 7802
"/Engine/EngineMaterials/Substrate/Glints2/dict_0005_0127" 7803
"/Engine/EngineMaterials/Substrate/Glints2/dict_0005_0128" 7804
"/Engine/EngineMaterials/Substrate/Glints2/dict_0005_0129" 7805
"/Engine/EngineMaterials/Substrate/Glints2/dict_0005_0130" 7806
"/Engine/EngineMaterials/Substrate/Glints2/dict_0005_0131" 7807
"/Engine/EngineMaterials/Substrate/Glints2/dict_0005_0132" 7808
"../../../Engine/Content/EngineMaterials/Substrate/Glints2/dict_0005_0119.uasset" 7809
"/Engine/EngineMaterials/Substrate/Glints2/dict_0005_0133" 7810
"../../../Engine/Content/EngineMaterials/Substrate/Glints2/dict_0005_0120.uasset" 7811
"../../../Engine/Content/EngineMaterials/Substrate/Glints2/dict_0005_0121.uasset" 7812
"../../../Engine/Content/EngineMaterials/Substrate/Glints2/dict_0005_0122.uasset" 7813
"../../../Engine/Content/EngineMaterials/Substrate/Glints2/dict_0005_0123.uasset" 7814
"/Engine/EngineMaterials/Substrate/Glints2/dict_0005_0143" 7815
"../../../Engine/Content/EngineMaterials/Substrate/Glints2/dict_0005_0124.uasset" 7816
"/Engine/EngineMaterials/Substrate/Glints2/dict_0005_0144" 7817
"/Engine/EngineMaterials/Substrate/Glints2/dict_0005_0134" 7818
"/Engine/EngineMaterials/Substrate/Glints2/dict_0005_0119" 7819
"/Engine/EngineMaterials/Substrate/Glints2/dict_0005_0124" 7820
"/Engine/EngineMaterials/Substrate/Glints2/dict_0005_0120" 7821
"/Engine/EngineMaterials/Substrate/Glints2/dict_0005_0121" 7822
"/Engine/EngineMaterials/Substrate/Glints2/dict_0005_0122" 7823
"/Engine/EngineMaterials/Substrate/Glints2/dict_0005_0123" 7824
"../../../Engine/Content/EngineMaterials/Substrate/Glints2/dict_0005_0118.uasset" 7825
"../../../Engine/Content/EngineMaterials/Substrate/Glints2/dict_0005_0115.uasset" 7826
"../../../Engine/Content/EngineMaterials/Substrate/Glints2/dict_0005_0117.uasset" 7827
"../../../Engine/Content/EngineMaterials/Substrate/Glints2/dict_0005_0114.uasset" 7828
"../../../Engine/Content/EngineMaterials/Substrate/Glints2/dict_0005_0116.uasset" 7829
"../../../Engine/Content/EngineMaterials/Substrate/Glints2/dict_0005_0112.uasset" 7830
"../../../Engine/Content/EngineMaterials/Substrate/Glints2/dict_0005_0113.uasset" 7831
"../../../Engine/Content/EngineMaterials/Substrate/Glints2/dict_0005_0111.uasset" 7832
"/Engine/EngineMaterials/Substrate/Glints2/dict_0005_0115" 7833
"../../../Engine/Content/EngineMaterials/Substrate/Glints2/dict_0005_0109.uasset" 7834
"../../../Engine/Content/EngineMaterials/Substrate/Glints2/dict_0005_0110.uasset" 7835
"/Engine/EngineMaterials/Substrate/Glints2/dict_0005_0116" 7836
"/Engine/EngineMaterials/Substrate/Glints2/dict_0005_0113" 7837
"/Engine/EngineMaterials/Substrate/Glints2/dict_0005_0111" 7838
"/Engine/EngineMaterials/Substrate/Glints2/dict_0005_0117" 7839
"/Engine/EngineMaterials/Substrate/Glints2/dict_0005_0118" 7840
"/Engine/EngineMaterials/Substrate/Glints2/dict_0005_0112" 7841
"/Engine/EngineMaterials/Substrate/Glints2/dict_0005_0114" 7842
"../../../Engine/Content/EngineMaterials/Substrate/Glints2/dict_0005_0105.uasset" 7843
"/Engine/EngineMaterials/Substrate/Glints2/dict_0005_0109" 7844
"../../../Engine/Content/EngineMaterials/Substrate/Glints2/dict_0005_0107.uasset" 7845
"/Engine/EngineMaterials/Substrate/Glints2/dict_0005_0110" 7846
"../../../Engine/Content/EngineMaterials/Substrate/Glints2/dict_0005_0104.uasset" 7847
"/Engine/EngineMaterials/Substrate/Glints2/dict_0005_0107" 7848
"/Engine/EngineMaterials/Substrate/Glints2/dict_0005_0104" 7849
"/Engine/EngineMaterials/Substrate/Glints2/dict_0005_0105" 7850
"../../../Engine/Content/EngineMaterials/Substrate/Glints2/dict_0005_0103.uasset" 7851
"/Engine/EngineMaterials/Substrate/Glints2/dict_0005_0103" 7852
"../../../Engine/Content/EngineMaterials/Substrate/Glints2/dict_0005_0108.uasset" 7853
"../../../Engine/Content/EngineMaterials/Substrate/Glints2/dict_0005_0106.uasset" 7854
"../../../Engine/Content/EngineMaterials/Substrate/Glints2/dict_0006_0060.uasset" 7855
"../../../Engine/Content/EngineMaterials/Substrate/Glints2/dict_0005_0101.uasset" 7856
"../../../Engine/Content/EngineMaterials/Substrate/Glints2/dict_0005_0102.uasset" 7857
"../../../Engine/Content/EngineMaterials/Substrate/Glints2/dict_0005_0100.uasset" 7858
"../../../Engine/Content/EngineMaterials/Substrate/Glints2/dict_0005_0096.uasset" 7859
"../../../Engine/Content/EngineMaterials/Substrate/Glints2/dict_0005_0099.uasset" 7860
"../../../Engine/Content/EngineMaterials/Substrate/Glints2/dict_0005_0097.uasset" 7861
"../../../Engine/Content/EngineMaterials/Substrate/Glints2/dict_0005_0098.uasset" 7862
"/Engine/EngineMaterials/Substrate/Glints2/dict_0005_0096" 7863
"/Engine/EngineMaterials/Substrate/Glints2/dict_0005_0097" 7864
"../../../Engine/Content/EngineMaterials/Substrate/Glints2/dict_0005_0092.uasset" 7865
"/Engine/EngineMaterials/Substrate/Glints2/dict_0005_0098" 7866
"../../../Engine/Content/EngineMaterials/Substrate/Glints2/dict_0005_0095.uasset" 7867
"../../../Engine/Content/EngineMaterials/Substrate/Glints2/dict_0005_0094.uasset" 7868
"/Engine/EngineMaterials/Substrate/Glints2/dict_0005_0099" 7869
"/Engine/EngineMaterials/Substrate/Glints2/dict_0005_0100" 7870
"../../../Engine/Content/EngineMaterials/Substrate/Glints2/dict_0005_0093.uasset" 7871
"/Engine/EngineMaterials/Substrate/Glints2/dict_0005_0108" 7872
"/Engine/EngineMaterials/Substrate/Glints2/dict_0005_0101" 7873
"/Engine/EngineMaterials/Substrate/Glints2/dict_0005_0102" 7874
"/Engine/EngineMaterials/Substrate/Glints2/dict_0006_0060" 7875
"/Engine/EngineMaterials/Substrate/Glints2/dict_0005_0106" 7876
"/Engine/EngineMaterials/Substrate/Glints2/dict_0005_0092" 7877
"../../../Engine/Content/EngineMaterials/Substrate/Glints2/dict_0005_0091.uasset" 7878
"../../../Engine/Content/EngineMaterials/Substrate/Glints2/dict_0005_0088.uasset" 7879
"/Engine/EngineMaterials/Substrate/Glints2/dict_0005_0093" 7880
"../../../Engine/Content/EngineMaterials/Substrate/Glints2/dict_0005_0090.uasset" 7881
"/Engine/EngineMaterials/Substrate/Glints2/dict_0005_0094" 7882
"../../../Engine/Content/EngineMaterials/Substrate/Glints2/dict_0005_0089.uasset" 7883
"/Engine/EngineMaterials/Substrate/Glints2/dict_0005_0095" 7884
"../../../Engine/Content/EngineMaterials/Substrate/Glints2/dict_0005_0085.uasset" 7885
"/Engine/EngineMaterials/Substrate/Glints2/dict_0005_0085" 7886
"../../../Engine/Content/EngineMaterials/Substrate/Glints2/dict_0005_0086.uasset" 7887
"../../../Engine/Content/EngineMaterials/Substrate/Glints2/dict_0005_0087.uasset" 7888
"../../../Engine/Content/EngineMaterials/Substrate/Glints2/dict_0005_0083.uasset" 7889
"/Engine/EngineMaterials/Substrate/Glints2/dict_0005_0090" 7890
"/Engine/EngineMaterials/Substrate/Glints2/dict_0005_0091" 7891
"/Engine/EngineMaterials/Substrate/Glints2/dict_0005_0088" 7892
"/Engine/EngineMaterials/Substrate/Glints2/dict_0005_0089" 7893
"/Engine/EngineMaterials/Substrate/Glints2/dict_0005_0083" 7894
"/Engine/EngineMaterials/Substrate/Glints2/dict_0005_0086" 7895
"../../../Engine/Content/EngineMaterials/Substrate/Glints2/dict_0005_0080.uasset" 7896
"../../../Engine/Content/EngineMaterials/Substrate/Glints2/dict_0005_0077.uasset" 7897
"../../../Engine/Content/EngineMaterials/Substrate/Glints2/dict_0005_0084.uasset" 7898
"/Engine/EngineMaterials/Substrate/Glints2/dict_0005_0087" 7899
"/Engine/EngineMaterials/Substrate/Glints2/dict_0005_0077" 7900
"/Engine/EngineMaterials/Substrate/Glints2/dict_0005_0080" 7901
"../../../Engine/Content/EngineMaterials/Substrate/Glints2/dict_0005_0078.uasset" 7902
"../../../Engine/Content/EngineMaterials/Substrate/Glints2/dict_0005_0082.uasset" 7903
"/Engine/EngineMaterials/Substrate/Glints2/dict_0005_0084" 7904
"/Engine/EngineMaterials/Substrate/Glints2/dict_0005_0078" 7905
"/Engine/EngineMaterials/Substrate/Glints2/dict_0005_0082" 7906
"../../../Engine/Content/EngineMaterials/Substrate/Glints2/dict_0005_0081.uasset" 7907
"../../../Engine/Content/EngineMaterials/Substrate/Glints2/dict_0005_0075.uasset" 7908
"../../../Engine/Content/EngineMaterials/Substrate/Glints2/dict_0006_0015.uasset" 7909
"../../../Engine/Content/EngineMaterials/Substrate/Glints2/dict_0005_0076.uasset" 7910
"../../../Engine/Content/EngineMaterials/Substrate/Glints2/dict_0005_0079.uasset" 7911
"../../../Engine/Content/EngineMaterials/Substrate/Glints2/dict_0005_0073.uasset" 7912
"../../../Engine/Content/EngineMaterials/Substrate/Glints2/dict_0005_0074.uasset" 7913
"/Engine/EngineMaterials/Substrate/Glints2/dict_0005_0073" 7914
"/Engine/EngineMaterials/Substrate/Glints2/dict_0005_0076" 7915
"/Engine/EngineMaterials/Substrate/Glints2/dict_0005_0081" 7916
"/Engine/EngineMaterials/Substrate/Glints2/dict_0005_0079" 7917
"/Engine/EngineMaterials/Substrate/Glints2/dict_0006_0015" 7918
"/Engine/EngineMaterials/Substrate/Glints2/dict_0005_0075" 7919
"../../../Engine/Content/EngineMaterials/Substrate/Glints2/dict_0005_0071.uasset" 7920
"../../../Engine/Content/EngineMaterials/Substrate/Glints2/dict_0005_0070.uasset" 7921
"/Engine/EngineMaterials/Substrate/Glints2/dict_0005_0071" 7922
"/Engine/EngineMaterials/Substrate/Glints2/dict_0005_0074" 7923
"/Engine/EngineMaterials/Substrate/Glints2/dict_0005_0070" 7924
"../../../Engine/Content/EngineMaterials/Substrate/Glints2/dict_0005_0068.uasset" 7925
"/Engine/EngineMaterials/Substrate/Glints2/dict_0005_0068" 7926
"../../../Engine/Content/EngineMaterials/Substrate/Glints2/dict_0005_0072.uasset" 7927
"../../../Engine/Content/EngineMaterials/Substrate/Glints2/dict_0005_0066.uasset" 7928
"../../../Engine/Content/EngineMaterials/Substrate/Glints2/dict_0005_0065.uasset" 7929
"../../../Engine/Content/EngineMaterials/Substrate/Glints2/dict_0005_0069.uasset" 7930
"../../../Engine/Content/EngineMaterials/Substrate/Glints2/dict_0005_0064.uasset" 7931
"../../../Engine/Content/EngineMaterials/Substrate/Glints2/dict_0005_0061.uasset" 7932
"/Engine/EngineMaterials/Substrate/Glints2/dict_0005_0066" 7933
"../../../Engine/Content/EngineMaterials/Substrate/Glints2/dict_0005_0060.uasset" 7934
"/Engine/EngineMaterials/Substrate/Glints2/dict_0005_0069" 7935
"/Engine/EngineMaterials/Substrate/Glints2/dict_0005_0072" 7936
"../../../Engine/Content/EngineMaterials/Substrate/Glints2/dict_0005_0058.uasset" 7937
"/Engine/EngineMaterials/Substrate/Glints2/dict_0005_0064" 7938
"/Engine/EngineMaterials/Substrate/Glints2/dict_0005_0065" 7939
"/Engine/EngineMaterials/Substrate/Glints2/dict_0005_0061" 7940
"/Engine/EngineMaterials/Substrate/Glints2/dict_0005_0058" 7941
"../../../Engine/Content/EngineMaterials/Substrate/Glints2/dict_0005_0062.uasset" 7942
"../../../Engine/Content/EngineMaterials/Substrate/Glints2/dict_0005_0067.uasset" 7943
"/Engine/EngineMaterials/Substrate/Glints2/dict_0005_0060" 7944
"/Engine/EngineMaterials/Substrate/Glints2/dict_0005_0067" 7945
"../../../Engine/Content/EngineMaterials/Substrate/Glints2/dict_0005_0056.uasset" 7946
"/Engine/EngineMaterials/Substrate/Glints2/dict_0005_0062" 7947
"../../../Engine/Content/EngineMaterials/Substrate/Glints2/dict_0005_0055.uasset" 7948
"../../../Engine/Content/EngineMaterials/Substrate/Glints2/dict_0005_0057.uasset" 7949
"/Engine/EngineMaterials/Substrate/Glints2/dict_0005_0057" 7950
"/Engine/EngineMaterials/Substrate/Glints2/dict_0005_0055" 7951
"/Engine/EngineMaterials/Substrate/Glints2/dict_0005_0056" 7952
"../../../Engine/Content/EngineMaterials/Substrate/Glints2/dict_0005_0054.uasset" 7953
"../../../Engine/Content/EngineMaterials/Substrate/Glints2/dict_0005_0063.uasset" 7954
"../../../Engine/Content/EngineMaterials/Substrate/Glints2/dict_0005_0059.uasset" 7955
"../../../Engine/Content/EngineMaterials/Substrate/Glints2/dict_0005_0050.uasset" 7956
"../../../Engine/Content/EngineMaterials/Substrate/Glints2/dict_0005_0051.uasset" 7957
"../../../Engine/Content/EngineMaterials/Substrate/Glints2/dict_0005_0053.uasset" 7958
"../../../Engine/Content/EngineMaterials/Substrate/Glints2/dict_0005_0049.uasset" 7959
"../../../Engine/Content/EngineMaterials/Substrate/Glints2/dict_0005_0048.uasset" 7960
"/Engine/EngineMaterials/Substrate/Glints2/dict_0005_0049" 7961
"/Engine/EngineMaterials/Substrate/Glints2/dict_0005_0054" 7962
"/Engine/EngineMaterials/Substrate/Glints2/dict_0005_0053" 7963
"/Engine/EngineMaterials/Substrate/Glints2/dict_0005_0050" 7964
"/Engine/EngineMaterials/Substrate/Glints2/dict_0005_0051" 7965
"/Engine/EngineMaterials/Substrate/Glints2/dict_0005_0059" 7966
"/Engine/EngineMaterials/Substrate/Glints2/dict_0005_0063" 7967
"../../../Engine/Content/EngineMaterials/Substrate/Glints2/dict_0005_0044.uasset" 7968
"/Engine/EngineMaterials/Substrate/Glints2/dict_0005_0048" 7969
"/Engine/EngineMaterials/Substrate/Glints2/dict_0005_0044" 7970
"../../../Engine/Content/EngineMaterials/Substrate/Glints2/dict_0005_0045.uasset" 7971
"../../../Engine/Content/EngineMaterials/Substrate/Glints2/dict_0005_0042.uasset" 7972
"../../../Engine/Content/EngineMaterials/Substrate/Glints2/dict_0005_0043.uasset" 7973
"../../../Engine/Content/EngineMaterials/Substrate/Glints2/dict_0005_0041.uasset" 7974
"/Engine/EngineMaterials/Substrate/Glints2/dict_0005_0041" 7975
"/Engine/EngineMaterials/Substrate/Glints2/dict_0005_0043" 7976
"/Engine/EngineMaterials/Substrate/Glints2/dict_0005_0045" 7977
"../../../Engine/Content/EngineMaterials/Substrate/Glints2/dict_0005_0047.uasset" 7978
"../../../Engine/Content/EngineMaterials/Substrate/Glints2/dict_0005_0046.uasset" 7979
"/Engine/EngineMaterials/Substrate/Glints2/dict_0005_0042" 7980
"/Engine/EngineMaterials/Substrate/Glints2/dict_0005_0046" 7981
"/Engine/EngineMaterials/Substrate/Glints2/dict_0005_0047" 7982
"../../../Engine/Content/EngineMaterials/Substrate/Glints2/dict_0005_0038.uasset" 7983
"../../../Engine/Content/EngineMaterials/Substrate/Glints2/dict_0005_0037.uasset" 7984
"../../../Engine/Content/EngineMaterials/Substrate/Glints2/dict_0005_0039.uasset" 7985
"../../../Engine/Content/EngineMaterials/Substrate/Glints2/dict_0005_0036.uasset" 7986
"../../../Engine/Content/EngineMaterials/Substrate/Glints2/dict_0005_0040.uasset" 7987
"../../../Engine/Content/EngineMaterials/Substrate/Glints2/dict_0005_0035.uasset" 7988
"../../../Engine/Content/EngineMaterials/Substrate/Glints2/dict_0005_0033.uasset" 7989
"../../../Engine/Content/EngineMaterials/Substrate/Glints2/dict_0005_0034.uasset" 7990
"../../../Engine/Content/EngineMaterials/Substrate/Glints2/dict_0005_0032.uasset" 7991
"/Engine/EngineMaterials/Substrate/Glints2/dict_0005_0033" 7992
"../../../Engine/Content/EngineMaterials/Substrate/Glints2/dict_0005_0031.uasset" 7993
"/Engine/EngineMaterials/Substrate/Glints2/dict_0005_0039" 7994
"../../../Engine/Content/EngineMaterials/Substrate/Glints2/dict_0005_0030.uasset" 7995
"/Engine/EngineMaterials/Substrate/Glints2/dict_0005_0034" 7996
"/Engine/EngineMaterials/Substrate/Glints2/dict_0005_0040" 7997
"/Engine/EngineMaterials/Substrate/Glints2/dict_0005_0035" 7998
"/Engine/EngineMaterials/Substrate/Glints2/dict_0005_0032" 7999
"/Engine/EngineMaterials/Substrate/Glints2/dict_0005_0036" 8000
"/Engine/EngineMaterials/Substrate/Glints2/dict_0005_0037" 8001
"/Engine/EngineMaterials/Substrate/Glints2/dict_0005_0038" 8002
"/Engine/EngineMaterials/Substrate/Glints2/dict_0005_0031" 8003
"/Engine/EngineMaterials/Substrate/Glints2/dict_0005_0030" 8004
"../../../Engine/Content/EngineMaterials/Substrate/Glints2/dict_0005_0027.uasset" 8005
"../../../Engine/Content/EngineMaterials/Substrate/Glints2/dict_0005_0025.uasset" 8006
"/Engine/EngineMaterials/Substrate/Glints2/dict_0005_0027" 8007
"/Engine/EngineMaterials/Substrate/Glints2/dict_0005_0025" 8008
"../../../Engine/Content/EngineMaterials/Substrate/Glints2/dict_0005_0028.uasset" 8009
"../../../Engine/Content/EngineMaterials/Substrate/Glints2/dict_0005_0024.uasset" 8010
"../../../Engine/Content/EngineMaterials/Substrate/Glints2/dict_0005_0026.uasset" 8011
"../../../Engine/Content/EngineMaterials/Substrate/Glints2/dict_0005_0023.uasset" 8012
"../../../Engine/Content/EngineMaterials/Substrate/Glints2/dict_0005_0029.uasset" 8013
"../../../Engine/Content/EngineMaterials/Substrate/Glints2/dict_0005_0021.uasset" 8014
"../../../Engine/Content/EngineMaterials/Substrate/Glints2/dict_0005_0022.uasset" 8015
"/Engine/EngineMaterials/Substrate/Glints2/dict_0005_0029" 8016
"../../../Engine/Content/EngineMaterials/Substrate/Glints2/dict_0005_0019.uasset" 8017
"/Engine/EngineMaterials/Substrate/Glints2/dict_0005_0021" 8018
"/Engine/EngineMaterials/Substrate/Glints2/dict_0005_0026" 8019
"../../../Engine/Content/EngineMaterials/Substrate/Glints2/dict_0005_0016.uasset" 8020
"/Engine/EngineMaterials/Substrate/Glints2/dict_0005_0022" 8021
"/Engine/EngineMaterials/Substrate/Glints2/dict_0005_0028" 8022
"/Engine/EngineMaterials/Substrate/Glints2/dict_0005_0023" 8023
"../../../Engine/Content/EngineMaterials/Substrate/Glints2/dict_0005_0020.uasset" 8024
"/Engine/EngineMaterials/Substrate/Glints2/dict_0005_0024" 8025
"/Engine/EngineMaterials/Substrate/Glints2/dict_0005_0019" 8026
"/Engine/EngineMaterials/Substrate/Glints2/dict_0005_0020" 8027
"../../../Engine/Content/EngineMaterials/Substrate/Glints2/dict_0005_0018.uasset" 8028
"/Engine/EngineMaterials/Substrate/Glints2/dict_0005_0016" 8029
"../../../Engine/Content/EngineMaterials/Substrate/Glints2/dict_0005_0017.uasset" 8030
"/Engine/EngineMaterials/Substrate/Glints2/dict_0005_0018" 8031
"../../../Engine/Content/EngineMaterials/Substrate/Glints2/dict_0005_0013.uasset" 8032
"../../../Engine/Content/EngineMaterials/Substrate/Glints2/dict_0005_0014.uasset" 8033
"/Engine/EngineMaterials/Substrate/Glints2/dict_0005_0017" 8034
"/Engine/EngineMaterials/Substrate/Glints2/dict_0005_0013" 8035
"../../../Engine/Content/EngineMaterials/Substrate/Glints2/dict_0005_0015.uasset" 8036
"/Engine/EngineMaterials/Substrate/Glints2/dict_0005_0014" 8037
"/Engine/EngineMaterials/Substrate/Glints2/dict_0005_0015" 8038
"../../../Engine/Content/EngineMaterials/Substrate/Glints2/dict_0005_0012.uasset" 8039
"../../../Engine/Content/EngineMaterials/Substrate/Glints2/dict_0005_0011.uasset" 8040
"../../../Engine/Content/EngineMaterials/Substrate/Glints2/dict_0005_0008.uasset" 8041
"../../../Engine/Content/EngineMaterials/Substrate/Glints2/dict_0005_0010.uasset" 8042
"../../../Engine/Content/EngineMaterials/Substrate/Glints2/dict_0005_0007.uasset" 8043
"../../../Engine/Content/EngineMaterials/Substrate/Glints2/dict_0005_0006.uasset" 8044
"../../../Engine/Content/EngineMaterials/Substrate/Glints2/dict_0005_0005.uasset" 8045
"/Engine/EngineMaterials/Substrate/Glints2/dict_0005_0005" 8046
"/Engine/EngineMaterials/Substrate/Glints2/dict_0005_0006" 8047
"/Engine/EngineMaterials/Substrate/Glints2/dict_0005_0011" 8048
"../../../Engine/Content/EngineMaterials/Substrate/Glints2/dict_0005_0004.uasset" 8049
"../../../Engine/Content/EngineMaterials/Substrate/Glints2/dict_0005_0009.uasset" 8050
"/Engine/EngineMaterials/Substrate/Glints2/dict_0005_0012" 8051
"/Engine/EngineMaterials/Substrate/Glints2/dict_0005_0007" 8052
"/Engine/EngineMaterials/Substrate/Glints2/dict_0005_0008" 8053
"/Engine/EngineMaterials/Substrate/Glints2/dict_0005_0010" 8054
"/Engine/EngineMaterials/Substrate/Glints2/dict_0005_0004" 8055
"/Engine/EngineMaterials/Substrate/Glints2/dict_0005_0009" 8056
"../../../Engine/Content/EngineMaterials/Substrate/Glints2/dict_0005_0001.uasset" 8057
"../../../Engine/Content/EngineMaterials/Substrate/Glints2/dict_0005_0000.uasset" 8058
"../../../Engine/Content/EngineMaterials/Substrate/Glints2/dict_0004_0255.uasset" 8059
"../../../Engine/Content/EngineMaterials/Substrate/Glints2/dict_0005_0003.uasset" 8060
"../../../Engine/Content/EngineMaterials/Substrate/Glints2/dict_0004_0253.uasset" 8061
"../../../Engine/Content/EngineMaterials/Substrate/Glints2/dict_0004_0254.uasset" 8062
"../../../Engine/Content/EngineMaterials/Substrate/Glints2/dict_0005_0002.uasset" 8063
"../../../Engine/Content/EngineMaterials/Substrate/Glints2/dict_0005_0052.uasset" 8064
"../../../Engine/Content/EngineMaterials/Substrate/Glints2/dict_0004_0249.uasset" 8065
"/Engine/EngineMaterials/Substrate/Glints2/dict_0005_0002" 8066
"../../../Engine/Content/EngineMaterials/Substrate/Glints2/dict_0004_0251.uasset" 8067
"/Engine/EngineMaterials/Substrate/Glints2/dict_0005_0052" 8068
"../../../Engine/Content/EngineMaterials/Substrate/Glints2/dict_0004_0252.uasset" 8069
"/Engine/EngineMaterials/Substrate/Glints2/dict_0005_0003" 8070
"/Engine/EngineMaterials/Substrate/Glints2/dict_0004_0254" 8071
"/Engine/EngineMaterials/Substrate/Glints2/dict_0005_0000" 8072
"/Engine/EngineMaterials/Substrate/Glints2/dict_0005_0001" 8073
"/Engine/EngineMaterials/Substrate/Glints2/dict_0004_0253" 8074
"../../../Engine/Content/EngineMaterials/Substrate/Glints2/dict_0004_0248.uasset" 8075
"/Engine/EngineMaterials/Substrate/Glints2/dict_0004_0255" 8076
"../../../Engine/Content/EngineMaterials/Substrate/Glints2/dict_0004_0247.uasset" 8077
"../../../Engine/Content/EngineMaterials/Substrate/Glints2/dict_0004_0244.uasset" 8078
"../../../Engine/Content/EngineMaterials/Substrate/Glints2/dict_0004_0243.uasset" 8079
"../../../Engine/Content/EngineMaterials/Substrate/Glints2/dict_0004_0250.uasset" 8080
"/Engine/EngineMaterials/Substrate/Glints2/dict_0004_0247" 8081
"/Engine/EngineMaterials/Substrate/Glints2/dict_0004_0244" 8082
"/Engine/EngineMaterials/Substrate/Glints2/dict_0004_0243" 8083
"/Engine/EngineMaterials/Substrate/Glints2/dict_0004_0248" 8084
"../../../Engine/Content/EngineMaterials/Substrate/Glints2/dict_0004_0246.uasset" 8085
"../../../Engine/Content/EngineMaterials/Substrate/Glints2/dict_0004_0242.uasset" 8086
"/Engine/EngineMaterials/Substrate/Glints2/dict_0004_0249" 8087
"/Engine/EngineMaterials/Substrate/Glints2/dict_0004_0251" 8088
"/Engine/EngineMaterials/Substrate/Glints2/dict_0004_0252" 8089
"/Engine/EngineMaterials/Substrate/Glints2/dict_0004_0242" 8090
"/Engine/EngineMaterials/Substrate/Glints2/dict_0004_0250" 8091
"../../../Engine/Content/EngineMaterials/Substrate/Glints2/dict_0004_0241.uasset" 8092
"../../../Engine/Content/EngineMaterials/Substrate/Glints2/dict_0004_0240.uasset" 8093
"../../../Engine/Content/EngineMaterials/Substrate/Glints2/dict_0004_0239.uasset" 8094
"/Engine/EngineMaterials/Substrate/Glints2/dict_0004_0246" 8095
"../../../Engine/Content/EngineMaterials/Substrate/Glints2/dict_0004_0237.uasset" 8096
"/Engine/EngineMaterials/Substrate/Glints2/dict_0004_0240" 8097
"/Engine/EngineMaterials/Substrate/Glints2/dict_0004_0241" 8098
"/Engine/EngineMaterials/Substrate/Glints2/dict_0004_0239" 8099
"/Engine/EngineMaterials/Substrate/Glints2/dict_0004_0237" 8100
"../../../Engine/Content/EngineMaterials/Substrate/Glints2/dict_0004_0238.uasset" 8101
"../../../Engine/Content/EngineMaterials/Substrate/Glints2/dict_0004_0235.uasset" 8102
"../../../Engine/Content/EngineMaterials/Substrate/Glints2/dict_0004_0231.uasset" 8103
"../../../Engine/Content/EngineMaterials/Substrate/Glints2/dict_0004_0234.uasset" 8104
"../../../Engine/Content/EngineMaterials/Substrate/Glints2/dict_0004_0233.uasset" 8105
"../../../Engine/Content/EngineMaterials/Substrate/Glints2/dict_0004_0236.uasset" 8106
"../../../Engine/Content/EngineMaterials/Substrate/Glints2/dict_0004_0232.uasset" 8107
"../../../Engine/Content/EngineMaterials/Substrate/Glints2/dict_0004_0230.uasset" 8108
"/Engine/EngineMaterials/Substrate/Glints2/dict_0004_0230" 8109
"/Engine/EngineMaterials/Substrate/Glints2/dict_0004_0232" 8110
"/Engine/EngineMaterials/Substrate/Glints2/dict_0004_0233" 8111
"../../../Engine/Content/EngineMaterials/Substrate/Glints2/dict_0004_0229.uasset" 8112
"/Engine/EngineMaterials/Substrate/Glints2/dict_0004_0234" 8113
"../../../Engine/Content/EngineMaterials/Substrate/Glints2/dict_0004_0226.uasset" 8114
"../../../Engine/Content/EngineMaterials/Substrate/Glints2/dict_0004_0227.uasset" 8115
"../../../Engine/Content/EngineMaterials/Substrate/Glints2/dict_0004_0228.uasset" 8116
"/Engine/EngineMaterials/Substrate/Glints2/dict_0004_0235" 8117
"/Engine/EngineMaterials/Substrate/Glints2/dict_0004_0236" 8118
"/Engine/EngineMaterials/Substrate/Glints2/dict_0004_0231" 8119
"/Engine/EngineMaterials/Substrate/Glints2/dict_0004_0238" 8120
"/Engine/EngineMaterials/Substrate/Glints2/dict_0004_0226" 8121
"../../../Engine/Content/EngineMaterials/Substrate/Glints2/dict_0004_0223.uasset" 8122
"/Engine/EngineMaterials/Substrate/Glints2/dict_0004_0227" 8123
"/Engine/EngineMaterials/Substrate/Glints2/dict_0004_0228" 8124
"/Engine/EngineMaterials/Substrate/Glints2/dict_0004_0223" 8125
"/Engine/EngineMaterials/Substrate/Glints2/dict_0004_0229" 8126
"../../../Engine/Content/EngineMaterials/Substrate/Glints2/dict_0004_0225.uasset" 8127
"../../../Engine/Content/EngineMaterials/Substrate/Glints2/dict_0004_0224.uasset" 8128
"../../../Engine/Content/EngineMaterials/Substrate/Glints2/dict_0004_0220.uasset" 8129
"../../../Engine/Content/EngineMaterials/Substrate/Glints2/dict_0004_0222.uasset" 8130
"../../../Engine/Content/EngineMaterials/Substrate/Glints2/dict_0004_0221.uasset" 8131
"../../../Engine/Content/EngineMaterials/Substrate/Glints2/dict_0004_0219.uasset" 8132
"/Engine/EngineMaterials/Substrate/Glints2/dict_0004_0222" 8133
"/Engine/EngineMaterials/Substrate/Glints2/dict_0004_0224" 8134
"../../../Engine/Content/EngineMaterials/Substrate/Glints2/dict_0004_0215.uasset" 8135
"../../../Engine/Content/EngineMaterials/Substrate/Glints2/dict_0004_0216.uasset" 8136
"../../../Engine/Content/EngineMaterials/Substrate/Glints2/dict_0004_0214.uasset" 8137
"/Engine/EngineMaterials/Substrate/Glints2/dict_0004_0219" 8138
"/Engine/EngineMaterials/Substrate/Glints2/dict_0004_0225" 8139
"/Engine/EngineMaterials/Substrate/Glints2/dict_0004_0220" 8140
"/Engine/EngineMaterials/Substrate/Glints2/dict_0004_0221" 8141
"../../../Engine/Content/EngineMaterials/Substrate/Glints2/dict_0004_0212.uasset" 8142
"/Engine/EngineMaterials/Substrate/Glints2/dict_0004_0215" 8143
"/Engine/EngineMaterials/Substrate/Glints2/dict_0004_0212" 8144
"../../../Engine/Content/EngineMaterials/Substrate/Glints2/dict_0004_0218.uasset" 8145
"../../../Engine/Content/EngineMaterials/Substrate/Glints2/dict_0004_0217.uasset" 8146
"/Engine/EngineMaterials/Substrate/Glints2/dict_0004_0216" 8147
"../../../Engine/Content/EngineMaterials/Substrate/Glints2/dict_0004_0209.uasset" 8148
"/Engine/EngineMaterials/Substrate/Glints2/dict_0004_0214" 8149
"../../../Engine/Content/EngineMaterials/Substrate/Glints2/dict_0004_0213.uasset" 8150
"../../../Engine/Content/EngineMaterials/Substrate/Glints2/dict_0004_0211.uasset" 8151
"../../../Engine/Content/EngineMaterials/Substrate/Glints2/dict_0004_0210.uasset" 8152
"/Engine/EngineMaterials/Substrate/Glints2/dict_0004_0209" 8153
"/Engine/EngineMaterials/Substrate/Glints2/dict_0004_0217" 8154
"/Engine/EngineMaterials/Substrate/Glints2/dict_0004_0210" 8155
"/Engine/EngineMaterials/Substrate/Glints2/dict_0004_0218" 8156
"/Engine/EngineMaterials/Substrate/Glints2/dict_0004_0213" 8157
"../../../Engine/Content/EngineMaterials/Substrate/Glints2/dict_0004_0208.uasset" 8158
"/Engine/EngineMaterials/Substrate/Glints2/dict_0004_0211" 8159
"/Engine/EngineMaterials/Substrate/Glints2/dict_0004_0208" 8160
"../../../Engine/Content/EngineMaterials/Substrate/Glints2/dict_0004_0202.uasset" 8161
"../../../Engine/Content/EngineMaterials/Substrate/Glints2/dict_0004_0205.uasset" 8162
"../../../Engine/Content/EngineMaterials/Substrate/Glints2/dict_0004_0207.uasset" 8163
"../../../Engine/Content/EngineMaterials/Substrate/Glints2/dict_0004_0206.uasset" 8164
"../../../Engine/Content/EngineMaterials/Substrate/Glints2/dict_0004_0203.uasset" 8165
"../../../Engine/Content/EngineMaterials/Substrate/Glints2/dict_0004_0201.uasset" 8166
"../../../Engine/Content/EngineMaterials/Substrate/Glints2/dict_0004_0204.uasset" 8167
"../../../Engine/Content/EngineMaterials/Substrate/Glints2/dict_0004_0200.uasset" 8168
"/Engine/EngineMaterials/Substrate/Glints2/dict_0004_0201" 8169
"/Engine/EngineMaterials/Substrate/Glints2/dict_0004_0202" 8170
"../../../Engine/Content/EngineMaterials/Substrate/Glints2/dict_0004_0199.uasset" 8171
"/Engine/EngineMaterials/Substrate/Glints2/dict_0004_0203" 8172
"/Engine/EngineMaterials/Substrate/Glints2/dict_0004_0204" 8173
"/Engine/EngineMaterials/Substrate/Glints2/dict_0004_0205" 8174
"/Engine/EngineMaterials/Substrate/Glints2/dict_0004_0206" 8175
"/Engine/EngineMaterials/Substrate/Glints2/dict_0004_0207" 8176
"/Engine/EngineMaterials/Substrate/Glints2/dict_0004_0200" 8177
"../../../Engine/Content/EngineMaterials/Substrate/Glints2/dict_0004_0195.uasset" 8178
"/Engine/EngineMaterials/Substrate/Glints2/dict_0004_0199" 8179
"../../../Engine/Content/EngineMaterials/Substrate/Glints2/dict_0004_0196.uasset" 8180
"../../../Engine/Content/EngineMaterials/Substrate/Glints2/dict_0004_0197.uasset" 8181
"../../../Engine/Content/EngineMaterials/Substrate/Glints2/dict_0004_0198.uasset" 8182
"/Engine/EngineMaterials/Substrate/Glints2/dict_0004_0195" 8183
"/Engine/EngineMaterials/Substrate/Glints2/dict_0004_0197" 8184
"/Engine/EngineMaterials/Substrate/Glints2/dict_0004_0198" 8185
"/Engine/EngineMaterials/Substrate/Glints2/dict_0004_0196" 8186
"../../../Engine/Content/EngineMaterials/Substrate/Glints2/dict_0004_0192.uasset" 8187
"../../../Engine/Content/EngineMaterials/Substrate/Glints2/dict_0004_0193.uasset" 8188
"../../../Engine/Content/EngineMaterials/Substrate/Glints2/dict_0004_0190.uasset" 8189
"../../../Engine/Content/EngineMaterials/Substrate/Glints2/dict_0004_0194.uasset" 8190
"../../../Engine/Content/EngineMaterials/Substrate/Glints2/dict_0004_0189.uasset" 8191
"../../../Engine/Content/EngineMaterials/Substrate/Glints2/dict_0004_0191.uasset" 8192
"../../../Engine/Content/EngineMaterials/Substrate/Glints2/dict_0004_0186.uasset" 8193
"../../../Engine/Content/EngineMaterials/Substrate/Glints2/dict_0004_0187.uasset" 8194
"../../../Engine/Content/EngineMaterials/Substrate/Glints2/dict_0004_0188.uasset" 8195
"/Engine/EngineMaterials/Substrate/Glints2/dict_0004_0189" 8196
"/Engine/EngineMaterials/Substrate/Glints2/dict_0004_0186" 8197
"/Engine/EngineMaterials/Substrate/Glints2/dict_0004_0187" 8198
"/Engine/EngineMaterials/Substrate/Glints2/dict_0004_0190" 8199
"../../../Engine/Content/EngineMaterials/Substrate/Glints2/dict_0004_0185.uasset" 8200
"/Engine/EngineMaterials/Substrate/Glints2/dict_0004_0191" 8201
"/Engine/EngineMaterials/Substrate/Glints2/dict_0004_0192" 8202
"/Engine/EngineMaterials/Substrate/Glints2/dict_0004_0193" 8203
"/Engine/EngineMaterials/Substrate/Glints2/dict_0004_0194" 8204
"/Engine/EngineMaterials/Substrate/Glints2/dict_0004_0188" 8205
"/Engine/EngineMaterials/Substrate/Glints2/dict_0004_0185" 8206
"../../../Engine/Content/EngineMaterials/Substrate/Glints2/dict_0004_0181.uasset" 8207
"../../../Engine/Content/EngineMaterials/Substrate/Glints2/dict_0004_0183.uasset" 8208
"../../../Engine/Content/EngineMaterials/Substrate/Glints2/dict_0005_0125.uasset" 8209
"../../../Engine/Content/EngineMaterials/Substrate/Glints2/dict_0004_0179.uasset" 8210
"../../../Engine/Content/EngineMaterials/Substrate/Glints2/dict_0004_0182.uasset" 8211
"../../../Engine/Content/EngineMaterials/Substrate/Glints2/dict_0004_0178.uasset" 8212
"../../../Engine/Content/EngineMaterials/Substrate/Glints2/dict_0004_0180.uasset" 8213
"../../../Engine/Content/EngineMaterials/Substrate/Glints2/dict_0004_0177.uasset" 8214
"/Engine/EngineMaterials/Substrate/Glints2/dict_0004_0178" 8215
"../../../Engine/Content/EngineMaterials/Substrate/Glints2/dict_0004_0171.uasset" 8216
"../../../Engine/Content/EngineMaterials/Substrate/Glints2/dict_0004_0172.uasset" 8217
"/Engine/EngineMaterials/Substrate/Glints2/dict_0004_0179" 8218
"../../../Engine/Content/EngineMaterials/Substrate/Glints2/dict_0004_0173.uasset" 8219
"/Engine/EngineMaterials/Substrate/Glints2/dict_0004_0180" 8220
"../../../Engine/Content/EngineMaterials/Substrate/Glints2/dict_0004_0176.uasset" 8221
"/Engine/EngineMaterials/Substrate/Glints2/dict_0004_0181" 8222
"../../../Engine/Content/EngineMaterials/Substrate/Glints2/dict_0004_0174.uasset" 8223
"/Engine/EngineMaterials/Substrate/Glints2/dict_0004_0182" 8224
"/Engine/EngineMaterials/Substrate/Glints2/dict_0004_0183" 8225
"../../../Engine/Content/EngineMaterials/Substrate/Glints2/dict_0004_0167.uasset" 8226
"../../../Engine/Content/EngineMaterials/Substrate/Glints2/dict_0004_0170.uasset" 8227
"../../../Engine/Content/EngineMaterials/Substrate/Glints2/dict_0004_0168.uasset" 8228
"/Engine/EngineMaterials/Substrate/Glints2/dict_0005_0125" 8229
"../../../Engine/Content/EngineMaterials/Substrate/Glints2/dict_0004_0169.uasset" 8230
"/Engine/EngineMaterials/Substrate/Glints2/dict_0004_0177" 8231
"/Engine/EngineMaterials/Substrate/Glints2/dict_0004_0169" 8232
"/Engine/EngineMaterials/Substrate/Glints2/dict_0004_0171" 8233
"/Engine/EngineMaterials/Substrate/Glints2/dict_0004_0172" 8234
"/Engine/EngineMaterials/Substrate/Glints2/dict_0004_0173" 8235
"/Engine/EngineMaterials/Substrate/Glints2/dict_0004_0174" 8236
"/Engine/EngineMaterials/Substrate/Glints2/dict_0004_0167" 8237
"/Engine/EngineMaterials/Substrate/Glints2/dict_0004_0170" 8238
"/Engine/EngineMaterials/Substrate/Glints2/dict_0004_0168" 8239
"/Engine/EngineMaterials/Substrate/Glints2/dict_0004_0176" 8240
"../../../Engine/Content/EngineMaterials/Substrate/Glints2/dict_0004_0162.uasset" 8241
"../../../Engine/Content/EngineMaterials/Substrate/Glints2/dict_0004_0164.uasset" 8242
"../../../Engine/Content/EngineMaterials/Substrate/Glints2/dict_0004_0161.uasset" 8243
"../../../Engine/Content/EngineMaterials/Substrate/Glints2/dict_0004_0165.uasset" 8244
"../../../Engine/Content/EngineMaterials/Substrate/Glints2/dict_0004_0163.uasset" 8245
"../../../Engine/Content/EngineMaterials/Substrate/Glints2/dict_0004_0166.uasset" 8246
"../../../Engine/Content/EngineMaterials/Substrate/Glints2/dict_0004_0160.uasset" 8247
"../../../Engine/Content/EngineMaterials/Substrate/Glints2/dict_0004_0159.uasset" 8248
"../../../Engine/Content/EngineMaterials/Substrate/Glints2/dict_0004_0156.uasset" 8249
"../../../Engine/Content/EngineMaterials/Substrate/Glints2/dict_0004_0157.uasset" 8250
"../../../Engine/Content/EngineMaterials/Substrate/Glints2/dict_0004_0158.uasset" 8251
"/Engine/EngineMaterials/Substrate/Glints2/dict_0004_0156" 8252
"/Engine/EngineMaterials/Substrate/Glints2/dict_0004_0157" 8253
"../../../Engine/Content/EngineMaterials/Substrate/Glints2/dict_0004_0245.uasset" 8254
"/Engine/EngineMaterials/Substrate/Glints2/dict_0004_0158" 8255
"/Engine/EngineMaterials/Substrate/Glints2/dict_0004_0165" 8256
"/Engine/EngineMaterials/Substrate/Glints2/dict_0004_0159" 8257
"/Engine/EngineMaterials/Substrate/Glints2/dict_0004_0160" 8258
"../../../Engine/Content/EngineMaterials/Substrate/Glints2/dict_0004_0152.uasset" 8259
"../../../Engine/Content/EngineMaterials/Substrate/Glints2/dict_0004_0155.uasset" 8260
"/Engine/EngineMaterials/Substrate/Glints2/dict_0004_0161" 8261
"../../../Engine/Content/EngineMaterials/Substrate/Glints2/dict_0004_0154.uasset" 8262
"/Engine/EngineMaterials/Substrate/Glints2/dict_0004_0162" 8263
"../../../Engine/Content/EngineMaterials/Substrate/Glints2/dict_0004_0150.uasset" 8264
"/Engine/EngineMaterials/Substrate/Glints2/dict_0004_0166" 8265
"/Engine/EngineMaterials/Substrate/Glints2/dict_0004_0163" 8266
"../../../Engine/Content/EngineMaterials/Substrate/Glints2/dict_0004_0151.uasset" 8267
"/Engine/EngineMaterials/Substrate/Glints2/dict_0004_0164" 8268
"/Engine/EngineMaterials/Substrate/Glints2/dict_0004_0155" 8269
"/Engine/EngineMaterials/Substrate/Glints2/dict_0004_0245" 8270
"/Engine/EngineMaterials/Substrate/Glints2/dict_0004_0150" 8271
"../../../Engine/Content/EngineMaterials/Substrate/Glints2/dict_0004_0153.uasset" 8272
"/Engine/EngineMaterials/Substrate/Glints2/dict_0004_0151" 8273
"/Engine/EngineMaterials/Substrate/Glints2/dict_0004_0152" 8274
"/Engine/EngineMaterials/Substrate/Glints2/dict_0004_0154" 8275
"../../../Engine/Content/EngineMaterials/Substrate/Glints2/dict_0004_0145.uasset" 8276
"../../../Engine/Content/EngineMaterials/Substrate/Glints2/dict_0004_0148.uasset" 8277
"../../../Engine/Content/EngineMaterials/Substrate/Glints2/dict_0004_0146.uasset" 8278
"/Engine/EngineMaterials/Substrate/Glints2/dict_0004_0148" 8279
"/Engine/EngineMaterials/Substrate/Glints2/dict_0004_0153" 8280
"/Engine/EngineMaterials/Substrate/Glints2/dict_0004_0145" 8281
"../../../Engine/Content/EngineMaterials/Substrate/Glints2/dict_0004_0147.uasset" 8282
"/Engine/EngineMaterials/Substrate/Glints2/dict_0004_0147" 8283
"/Engine/EngineMaterials/Substrate/Glints2/dict_0004_0146" 8284
"../../../Engine/Content/EngineMaterials/Substrate/Glints2/dict_0004_0142.uasset" 8285
"../../../Engine/Content/EngineMaterials/Substrate/Glints2/dict_0004_0141.uasset" 8286
"../../../Engine/Content/EngineMaterials/Substrate/Glints2/dict_0004_0144.uasset" 8287
"../../../Engine/Content/EngineMaterials/Substrate/Glints2/dict_0004_0140.uasset" 8288
"../../../Engine/Content/EngineMaterials/Substrate/Glints2/dict_0004_0143.uasset" 8289
"../../../Engine/Content/EngineMaterials/Substrate/Glints2/dict_0004_0139.uasset" 8290
"/Engine/EngineMaterials/Substrate/Glints2/dict_0004_0139" 8291
"/Engine/EngineMaterials/Substrate/Glints2/dict_0004_0140" 8292
"/Engine/EngineMaterials/Substrate/Glints2/dict_0004_0141" 8293
"/Engine/EngineMaterials/Substrate/Glints2/dict_0004_0142" 8294
"../../../Engine/Content/EngineMaterials/Substrate/Glints2/dict_0004_0137.uasset" 8295
"/Engine/EngineMaterials/Substrate/Glints2/dict_0004_0143" 8296
"/Engine/EngineMaterials/Substrate/Glints2/dict_0004_0144" 8297
"../../../Engine/Content/EngineMaterials/Substrate/Glints2/dict_0004_0138.uasset" 8298
"/Engine/EngineMaterials/Substrate/Glints2/dict_0004_0137" 8299
"../../../Engine/Content/EngineMaterials/Substrate/Glints2/dict_0004_0135.uasset" 8300
"/Engine/EngineMaterials/Substrate/Glints2/dict_0004_0138" 8301
"/Engine/EngineMaterials/Substrate/Glints2/dict_0004_0135" 8302
"../../../Engine/Content/EngineMaterials/Substrate/Glints2/dict_0004_0136.uasset" 8303
"../../../Engine/Content/EngineMaterials/Substrate/Glints2/dict_0004_0133.uasset" 8304
"../../../Engine/Content/EngineMaterials/Substrate/Glints2/dict_0004_0134.uasset" 8305
"../../../Engine/Content/EngineMaterials/Substrate/Glints2/dict_0004_0132.uasset" 8306
"../../../Engine/Content/EngineMaterials/Substrate/Glints2/dict_0004_0130.uasset" 8307
"../../../Engine/Content/EngineMaterials/Substrate/Glints2/dict_0004_0131.uasset" 8308
"/Engine/EngineMaterials/Substrate/Glints2/dict_0004_0130" 8309
"/Engine/EngineMaterials/Substrate/Glints2/dict_0004_0131" 8310
"/Engine/EngineMaterials/Substrate/Glints2/dict_0004_0132" 8311
"/Engine/EngineMaterials/Substrate/Glints2/dict_0004_0133" 8312
"/Engine/EngineMaterials/Substrate/Glints2/dict_0004_0134" 8313
"/Engine/EngineMaterials/Substrate/Glints2/dict_0004_0136" 8314
"../../../Engine/Content/EngineMaterials/Substrate/Glints2/dict_0004_0127.uasset" 8315
"../../../Engine/Content/EngineMaterials/Substrate/Glints2/dict_0004_0124.uasset" 8316
"../../../Engine/Content/EngineMaterials/Substrate/Glints2/dict_0004_0126.uasset" 8317
"../../../Engine/Content/EngineMaterials/Substrate/Glints2/dict_0004_0125.uasset" 8318
"../../../Engine/Content/EngineMaterials/Substrate/Glints2/dict_0004_0129.uasset" 8319
"../../../Engine/Content/EngineMaterials/Substrate/Glints2/dict_0004_0128.uasset" 8320
"../../../Engine/Content/EngineMaterials/Substrate/Glints2/dict_0004_0123.uasset" 8321
"/Engine/EngineMaterials/Substrate/Glints2/dict_0004_0127" 8322
"../../../Engine/Content/EngineMaterials/Substrate/Glints2/dict_0004_0122.uasset" 8323
"/Engine/EngineMaterials/Substrate/Glints2/dict_0004_0128" 8324
"../../../Engine/Content/EngineMaterials/Substrate/Glints2/dict_0004_0120.uasset" 8325
"/Engine/EngineMaterials/Substrate/Glints2/dict_0004_0129" 8326
"/Engine/EngineMaterials/Substrate/Glints2/dict_0004_0123" 8327
"../../../Engine/Content/EngineMaterials/Substrate/Glints2/dict_0004_0119.uasset" 8328
"/Engine/EngineMaterials/Substrate/Glints2/dict_0004_0124" 8329
"/Engine/EngineMaterials/Substrate/Glints2/dict_0004_0125" 8330
"/Engine/EngineMaterials/Substrate/Glints2/dict_0004_0126" 8331
"/Engine/EngineMaterials/Substrate/Glints2/dict_0004_0122" 8332
"/Engine/EngineMaterials/Substrate/Glints2/dict_0004_0119" 8333
"/Engine/EngineMaterials/Substrate/Glints2/dict_0004_0120" 8334
"../../../Engine/Content/EngineMaterials/Substrate/Glints2/dict_0004_0118.uasset" 8335
"../../../Engine/Content/EngineMaterials/Substrate/Glints2/dict_0004_0121.uasset" 8336
"../../../Engine/Content/EngineMaterials/Substrate/Glints2/dict_0004_0117.uasset" 8337
"../../../Engine/Content/EngineMaterials/Substrate/Glints2/dict_0004_0116.uasset" 8338
"../../../Engine/Content/EngineMaterials/Substrate/Glints2/dict_0004_0115.uasset" 8339
"../../../Engine/Content/EngineMaterials/Substrate/Glints2/dict_0004_0114.uasset" 8340
"/Engine/EngineMaterials/Substrate/Glints2/dict_0004_0121" 8341
"/Engine/EngineMaterials/Substrate/Glints2/dict_0004_0116" 8342
"/Engine/EngineMaterials/Substrate/Glints2/dict_0004_0118" 8343
"../../../Engine/Content/EngineMaterials/Substrate/Glints2/dict_0004_0113.uasset" 8344
"/Engine/EngineMaterials/Substrate/Glints2/dict_0004_0114" 8345
"../../../Engine/Content/EngineMaterials/Substrate/Glints2/dict_0004_0112.uasset" 8346
"/Engine/EngineMaterials/Substrate/Glints2/dict_0004_0115" 8347
"../../../Engine/Content/EngineMaterials/Substrate/Glints2/dict_0004_0111.uasset" 8348
"/Engine/EngineMaterials/Substrate/Glints2/dict_0004_0117" 8349
"/Engine/EngineMaterials/Substrate/Glints2/dict_0004_0111" 8350
"../../../Engine/Content/EngineMaterials/Substrate/Glints2/dict_0004_0110.uasset" 8351
"../../../Engine/Content/EngineMaterials/Substrate/Glints2/dict_0004_0109.uasset" 8352
"../../../Engine/Content/EngineMaterials/Substrate/Glints2/dict_0004_0108.uasset" 8353
"/Engine/EngineMaterials/Substrate/Glints2/dict_0004_0112" 8354
"/Engine/EngineMaterials/Substrate/Glints2/dict_0004_0113" 8355
"/Engine/EngineMaterials/Substrate/Glints2/dict_0004_0110" 8356
"/Engine/EngineMaterials/Substrate/Glints2/dict_0004_0108" 8357
"/Engine/EngineMaterials/Substrate/Glints2/dict_0004_0109" 8358
"../../../Engine/Content/EngineMaterials/Substrate/Glints2/dict_0004_0107.uasset" 8359
"../../../Engine/Content/EngineMaterials/Substrate/Glints2/dict_0004_0103.uasset" 8360
"../../../Engine/Content/EngineMaterials/Substrate/Glints2/dict_0004_0102.uasset" 8361
"../../../Engine/Content/EngineMaterials/Substrate/Glints2/dict_0004_0105.uasset" 8362
"../../../Engine/Content/EngineMaterials/Substrate/Glints2/dict_0004_0106.uasset" 8363
"../../../Engine/Content/EngineMaterials/Substrate/Glints2/dict_0004_0104.uasset" 8364
"/Engine/EngineMaterials/Substrate/Glints2/dict_0004_0102" 8365
"../../../Engine/Content/EngineMaterials/Substrate/Glints2/dict_0004_0101.uasset" 8366
"/Engine/EngineMaterials/Substrate/Glints2/dict_0004_0107" 8367
"/Engine/EngineMaterials/Substrate/Glints2/dict_0004_0103" 8368
"/Engine/EngineMaterials/Substrate/Glints2/dict_0004_0104" 8369
"/Engine/EngineMaterials/Substrate/Glints2/dict_0004_0105" 8370
"/Engine/EngineMaterials/Substrate/Glints2/dict_0004_0106" 8371
"../../../Engine/Content/EngineMaterials/Substrate/Glints2/dict_0004_0100.uasset" 8372
"/Engine/EngineMaterials/Substrate/Glints2/dict_0004_0101" 8373
"../../../Engine/Content/EngineMaterials/Substrate/Glints2/dict_0004_0096.uasset" 8374
"/Engine/EngineMaterials/Substrate/Glints2/dict_0004_0100" 8375
"../../../Engine/Content/EngineMaterials/Substrate/Glints2/dict_0004_0098.uasset" 8376
"/Engine/EngineMaterials/Substrate/Glints2/dict_0004_0096" 8377
"../../../Engine/Content/EngineMaterials/Substrate/Glints2/dict_0004_0099.uasset" 8378
"../../../Engine/Content/EngineMaterials/Substrate/Glints2/dict_0004_0097.uasset" 8379
"/Engine/EngineMaterials/Substrate/Glints2/dict_0004_0097" 8380
"/Engine/EngineMaterials/Substrate/Glints2/dict_0004_0098" 8381
"/Engine/EngineMaterials/Substrate/Glints2/dict_0004_0099" 8382
"../../../Engine/Content/EngineMaterials/Substrate/Glints2/dict_0004_0095.uasset" 8383
"../../../Engine/Content/EngineMaterials/Substrate/Glints2/dict_0004_0094.uasset" 8384
"../../../Engine/Content/EngineMaterials/Substrate/Glints2/dict_0004_0093.uasset" 8385
"../../../Engine/Content/EngineMaterials/Substrate/Glints2/dict_0004_0090.uasset" 8386
"../../../Engine/Content/EngineMaterials/Substrate/Glints2/dict_0004_0092.uasset" 8387
"/Engine/EngineMaterials/Substrate/Glints2/dict_0004_0094" 8388
"/Engine/EngineMaterials/Substrate/Glints2/dict_0004_0095" 8389
"../../../Engine/Content/EngineMaterials/Substrate/Glints2/dict_0004_0091.uasset" 8390
"/Engine/EngineMaterials/Substrate/Glints2/dict_0004_0092" 8391
"../../../Engine/Content/EngineMaterials/Substrate/Glints2/dict_0004_0088.uasset" 8392
"../../../Engine/Content/EngineMaterials/Substrate/Glints2/dict_0004_0087.uasset" 8393
"/Engine/EngineMaterials/Substrate/Glints2/dict_0004_0093" 8394
"../../../Engine/Content/EngineMaterials/Substrate/Glints2/dict_0004_0086.uasset" 8395
"/Engine/EngineMaterials/Substrate/Glints2/dict_0004_0090" 8396
"/Engine/EngineMaterials/Substrate/Glints2/dict_0004_0086" 8397
"/Engine/EngineMaterials/Substrate/Glints2/dict_0004_0087" 8398
"/Engine/EngineMaterials/Substrate/Glints2/dict_0004_0091" 8399
"/Engine/EngineMaterials/Substrate/Glints2/dict_0004_0088" 8400
"../../../Engine/Content/EngineMaterials/Substrate/Glints2/dict_0004_0089.uasset" 8401
"/Engine/EngineMaterials/Substrate/Glints2/dict_0004_0089" 8402
"../../../Engine/Content/EngineMaterials/Substrate/Glints2/dict_0004_0080.uasset" 8403
"../../../Engine/Content/EngineMaterials/Substrate/Glints2/dict_0004_0085.uasset" 8404
"../../../Engine/Content/EngineMaterials/Substrate/Glints2/dict_0004_0083.uasset" 8405
"../../../Engine/Content/EngineMaterials/Substrate/Glints2/dict_0004_0082.uasset" 8406
"../../../Engine/Content/EngineMaterials/Substrate/Glints2/dict_0004_0081.uasset" 8407
"/Engine/EngineMaterials/Substrate/Glints2/dict_0004_0085" 8408
"/Engine/EngineMaterials/Substrate/Glints2/dict_0004_0082" 8409
"../../../Engine/Content/EngineMaterials/Substrate/Glints2/dict_0004_0084.uasset" 8410
"../../../Engine/Content/EngineMaterials/Substrate/Glints2/dict_0004_0077.uasset" 8411
"../../../Engine/Content/EngineMaterials/Substrate/Glints2/dict_0004_0078.uasset" 8412
"../../../Engine/Content/EngineMaterials/Substrate/Glints2/dict_0004_0075.uasset" 8413
"../../../Engine/Content/EngineMaterials/Substrate/Glints2/dict_0004_0076.uasset" 8414
"/Engine/EngineMaterials/Substrate/Glints2/dict_0004_0080" 8415
"../../../Engine/Content/EngineMaterials/Substrate/Glints2/dict_0004_0079.uasset" 8416
"/Engine/EngineMaterials/Substrate/Glints2/dict_0004_0083" 8417
"/Engine/EngineMaterials/Substrate/Glints2/dict_0004_0081" 8418
"/Engine/EngineMaterials/Substrate/Glints2/dict_0004_0079" 8419
"/Engine/EngineMaterials/Substrate/Glints2/dict_0004_0075" 8420
"/Engine/EngineMaterials/Substrate/Glints2/dict_0004_0076" 8421
"/Engine/EngineMaterials/Substrate/Glints2/dict_0004_0077" 8422
"/Engine/EngineMaterials/Substrate/Glints2/dict_0004_0078" 8423
"/Engine/EngineMaterials/Substrate/Glints2/dict_0004_0084" 8424
"../../../Engine/Content/EngineMaterials/Substrate/Glints2/dict_0004_0072.uasset" 8425
"../../../Engine/Content/EngineMaterials/Substrate/Glints2/dict_0004_0074.uasset" 8426
"../../../Engine/Content/EngineMaterials/Substrate/Glints2/dict_0004_0073.uasset" 8427
"/Engine/EngineMaterials/Substrate/Glints2/dict_0004_0073" 8428
"/Engine/EngineMaterials/Substrate/Glints2/dict_0004_0074" 8429
"/Engine/EngineMaterials/Substrate/Glints2/dict_0004_0072" 8430
"../../../Engine/Content/EngineMaterials/Substrate/Glints2/dict_0004_0070.uasset" 8431
"../../../Engine/Content/EngineMaterials/Substrate/Glints2/dict_0004_0071.uasset" 8432
"../../../Engine/Content/EngineMaterials/Substrate/Glints2/dict_0004_0068.uasset" 8433
"../../../Engine/Content/EngineMaterials/Substrate/Glints2/dict_0004_0066.uasset" 8434
"../../../Engine/Content/EngineMaterials/Substrate/Glints2/dict_0004_0067.uasset" 8435
"../../../Engine/Content/EngineMaterials/Substrate/Glints2/dict_0004_0064.uasset" 8436
"../../../Engine/Content/EngineMaterials/Substrate/Glints2/dict_0004_0069.uasset" 8437
"/Engine/EngineMaterials/Substrate/Glints2/dict_0004_0070" 8438
"/Engine/EngineMaterials/Substrate/Glints2/dict_0004_0071" 8439
"../../../Engine/Content/EngineMaterials/Substrate/Glints2/dict_0004_0063.uasset" 8440
"/Engine/EngineMaterials/Substrate/Glints2/dict_0004_0067" 8441
"../../../Engine/Content/EngineMaterials/Substrate/Glints2/dict_0004_0065.uasset" 8442
"/Engine/EngineMaterials/Substrate/Glints2/dict_0004_0068" 8443
"../../../Engine/Content/EngineMaterials/Substrate/Glints2/dict_0004_0061.uasset" 8444
"../../../Engine/Content/EngineMaterials/Substrate/Glints2/dict_0004_0062.uasset" 8445
"/Engine/EngineMaterials/Substrate/Glints2/dict_0004_0069" 8446
"../../../Engine/Content/EngineMaterials/Substrate/Glints2/dict_0004_0060.uasset" 8447
"/Engine/EngineMaterials/Substrate/Glints2/dict_0004_0064" 8448
"/Engine/EngineMaterials/Substrate/Glints2/dict_0004_0066" 8449
"../../../Engine/Content/EngineMaterials/Substrate/Glints2/dict_0004_0184.uasset" 8450
"../../../Engine/Content/EngineMaterials/Substrate/Glints2/dict_0004_0175.uasset" 8451
"/Engine/EngineMaterials/Substrate/Glints2/dict_0004_0062" 8452
"/Engine/EngineMaterials/Substrate/Glints2/dict_0004_0063" 8453
"/Engine/EngineMaterials/Substrate/Glints2/dict_0004_0060" 8454
"/Engine/EngineMaterials/Substrate/Glints2/dict_0004_0175" 8455
"../../../Engine/Content/EngineMaterials/Substrate/Glints2/dict_0004_0059.uasset" 8456
"/Engine/EngineMaterials/Substrate/Glints2/dict_0004_0061" 8457
"../../../Engine/Content/EngineMaterials/Substrate/Glints2/dict_0004_0058.uasset" 8458
"../../../Engine/Content/EngineMaterials/Substrate/Glints2/dict_0004_0056.uasset" 8459
"/Engine/EngineMaterials/Substrate/Glints2/dict_0004_0184" 8460
"/Engine/EngineMaterials/Substrate/Glints2/dict_0004_0065" 8461
"../../../Engine/Content/EngineMaterials/Substrate/Glints2/dict_0004_0057.uasset" 8462
"/Engine/EngineMaterials/Substrate/Glints2/dict_0004_0058" 8463
"/Engine/EngineMaterials/Substrate/Glints2/dict_0004_0059" 8464
"../../../Engine/Content/EngineMaterials/Substrate/Glints2/dict_0004_0054.uasset" 8465
"/Engine/EngineMaterials/Substrate/Glints2/dict_0004_0057" 8466
"/Engine/EngineMaterials/Substrate/Glints2/dict_0004_0056" 8467
"/Engine/EngineMaterials/Substrate/Glints2/dict_0004_0054" 8468
"../../../Engine/Content/EngineMaterials/Substrate/Glints2/dict_0004_0055.uasset" 8469
"../../../Engine/Content/EngineMaterials/Substrate/Glints2/dict_0004_0049.uasset" 8470
"../../../Engine/Content/EngineMaterials/Substrate/Glints2/dict_0004_0050.uasset" 8471
"../../../Engine/Content/EngineMaterials/Substrate/Glints2/dict_0004_0048.uasset" 8472
"../../../Engine/Content/EngineMaterials/Substrate/Glints2/dict_0004_0047.uasset" 8473
"../../../Engine/Content/EngineMaterials/Substrate/Glints2/dict_0004_0051.uasset" 8474
"../../../Engine/Content/EngineMaterials/Substrate/Glints2/dict_0004_0045.uasset" 8475
"/Engine/EngineMaterials/Substrate/Glints2/dict_0004_0047" 8476
"../../../Engine/Content/EngineMaterials/Substrate/Glints2/dict_0004_0044.uasset" 8477
"../../../Engine/Content/EngineMaterials/Substrate/Glints2/dict_0004_0043.uasset" 8478
"../../../Engine/Content/EngineMaterials/Substrate/Glints2/dict_0004_0042.uasset" 8479
"../../../Engine/Content/EngineMaterials/Substrate/Glints2/dict_0004_0046.uasset" 8480
"/Engine/EngineMaterials/Substrate/Glints2/dict_0004_0048" 8481
"../../../Engine/Content/EngineMaterials/Substrate/Glints2/dict_0004_0149.uasset" 8482
"/Engine/EngineMaterials/Substrate/Glints2/dict_0004_0049" 8483
"/Engine/EngineMaterials/Substrate/Glints2/dict_0004_0055" 8484
"/Engine/EngineMaterials/Substrate/Glints2/dict_0004_0050" 8485
"../../../Engine/Content/EngineMaterials/Substrate/Glints2/dict_0004_0040.uasset" 8486
"../../../Engine/Content/EngineMaterials/Substrate/Glints2/dict_0004_0037.uasset" 8487
"/Engine/EngineMaterials/Substrate/Glints2/dict_0004_0051" 8488
"../../../Engine/Content/EngineMaterials/Substrate/Glints2/dict_0004_0038.uasset" 8489
"../../../Engine/Content/EngineMaterials/Substrate/Glints2/dict_0004_0039.uasset" 8490
"/Engine/EngineMaterials/Substrate/Glints2/dict_0004_0037" 8491
"/Engine/EngineMaterials/Substrate/Glints2/dict_0004_0043" 8492
"../../../Engine/Content/EngineMaterials/Substrate/Glints2/dict_0004_0041.uasset" 8493
"/Engine/EngineMaterials/Substrate/Glints2/dict_0004_0044" 8494
"/Engine/EngineMaterials/Substrate/Glints2/dict_0004_0046" 8495
"/Engine/EngineMaterials/Substrate/Glints2/dict_0004_0149" 8496
"/Engine/EngineMaterials/Substrate/Glints2/dict_0004_0038" 8497
"../../../Engine/Content/EngineMaterials/Substrate/Glints2/dict_0004_0036.uasset" 8498
"/Engine/EngineMaterials/Substrate/Glints2/dict_0004_0039" 8499
"../../../Engine/Content/EngineMaterials/Substrate/Glints2/dict_0004_0032.uasset" 8500
"../../../Engine/Content/EngineMaterials/Substrate/Glints2/dict_0004_0034.uasset" 8501
"/Engine/EngineMaterials/Substrate/Glints2/dict_0004_0040" 8502
"../../../Engine/Content/EngineMaterials/Substrate/Glints2/dict_0004_0031.uasset" 8503
"../../../Engine/Content/EngineMaterials/Substrate/Glints2/dict_0004_0033.uasset" 8504
"/Engine/EngineMaterials/Substrate/Glints2/dict_0004_0042" 8505
"/Engine/EngineMaterials/Substrate/Glints2/dict_0004_0045" 8506
"../../../Engine/Content/EngineMaterials/Substrate/Glints2/dict_0004_0030.uasset" 8507
"/Engine/EngineMaterials/Substrate/Glints2/dict_0004_0036" 8508
"/Engine/EngineMaterials/Substrate/Glints2/dict_0004_0031" 8509
"/Engine/EngineMaterials/Substrate/Glints2/dict_0004_0032" 8510
"/Engine/EngineMaterials/Substrate/Glints2/dict_0004_0033" 8511
"/Engine/EngineMaterials/Substrate/Glints2/dict_0004_0041" 8512
"../../../Engine/Content/EngineMaterials/Substrate/Glints2/dict_0004_0027.uasset" 8513
"../../../Engine/Content/EngineMaterials/Substrate/Glints2/dict_0004_0026.uasset" 8514
"../../../Engine/Content/EngineMaterials/Substrate/Glints2/dict_0004_0025.uasset" 8515
"/Engine/EngineMaterials/Substrate/Glints2/dict_0004_0034" 8516
"/Engine/EngineMaterials/Substrate/Glints2/dict_0004_0030" 8517
"/Engine/EngineMaterials/Substrate/Glints2/dict_0004_0025" 8518
"/Engine/EngineMaterials/Substrate/Glints2/dict_0004_0026" 8519
"/Engine/EngineMaterials/Substrate/Glints2/dict_0004_0027" 8520
"../../../Engine/Content/EngineMaterials/Substrate/Glints2/dict_0004_0028.uasset" 8521
"../../../Engine/Content/EngineMaterials/Substrate/Glints2/dict_0004_0029.uasset" 8522
"../../../Engine/Content/EngineMaterials/Substrate/Glints2/dict_0004_0022.uasset" 8523
"../../../Engine/Content/EngineMaterials/Substrate/Glints2/dict_0004_0023.uasset" 8524
"../../../Engine/Content/EngineMaterials/Substrate/Glints2/dict_0004_0021.uasset" 8525
"/Engine/EngineMaterials/Substrate/Glints2/dict_0004_0029" 8526
"../../../Engine/Content/EngineMaterials/Substrate/Glints2/dict_0004_0018.uasset" 8527
"../../../Engine/Content/EngineMaterials/Substrate/Glints2/dict_0004_0017.uasset" 8528
"/Engine/EngineMaterials/Substrate/Glints2/dict_0004_0021" 8529
"../../../Engine/Content/EngineMaterials/Substrate/Glints2/dict_0004_0016.uasset" 8530
"/Engine/EngineMaterials/Substrate/Glints2/dict_0004_0022" 8531
"../../../Engine/Content/EngineMaterials/Substrate/Glints2/dict_0004_0020.uasset" 8532
"/Engine/EngineMaterials/Substrate/Glints2/dict_0004_0023" 8533
"/Engine/EngineMaterials/Substrate/Glints2/dict_0004_0028" 8534
"/Engine/EngineMaterials/Substrate/Glints2/dict_0004_0018" 8535
"/Engine/EngineMaterials/Substrate/Glints2/dict_0004_0020" 8536
"/Engine/EngineMaterials/Substrate/Glints2/dict_0004_0016" 8537
"/Engine/EngineMaterials/Substrate/Glints2/dict_0004_0017" 8538
"../../../Engine/Content/EngineMaterials/Substrate/Glints2/dict_0004_0014.uasset" 8539
"../../../Engine/Content/EngineMaterials/Substrate/Glints2/dict_0004_0015.uasset" 8540
"../../../Engine/Content/EngineMaterials/Substrate/Glints2/dict_0004_0019.uasset" 8541
"../../../Engine/Content/EngineMaterials/Substrate/Glints2/dict_0004_0013.uasset" 8542
"../../../Engine/Content/EngineMaterials/Substrate/Glints2/dict_0004_0012.uasset" 8543
"../../../Engine/Content/EngineMaterials/Substrate/Glints2/dict_0004_0024.uasset" 8544
"../../../Engine/Content/EngineMaterials/Substrate/Glints2/dict_0004_0010.uasset" 8545
"../../../Engine/Content/EngineMaterials/Substrate/Glints2/dict_0004_0011.uasset" 8546
"/Engine/EngineMaterials/Substrate/Glints2/dict_0004_0010" 8547
"../../../Engine/Content/EngineMaterials/Substrate/Glints2/dict_0004_0008.uasset" 8548
"/Engine/EngineMaterials/Substrate/Glints2/dict_0004_0012" 8549
"/Engine/EngineMaterials/Substrate/Glints2/dict_0004_0013" 8550
"/Engine/EngineMaterials/Substrate/Glints2/dict_0004_0014" 8551
"/Engine/EngineMaterials/Substrate/Glints2/dict_0004_0019" 8552
"../../../Engine/Content/EngineMaterials/Substrate/Glints2/dict_0004_0005.uasset" 8553
"/Engine/EngineMaterials/Substrate/Glints2/dict_0004_0015" 8554
"../../../Engine/Content/EngineMaterials/Substrate/Glints2/dict_0004_0003.uasset" 8555
"/Engine/EngineMaterials/Substrate/Glints2/dict_0004_0024" 8556
"/Engine/EngineMaterials/Substrate/Glints2/dict_0004_0008" 8557
"../../../Engine/Content/EngineMaterials/Substrate/Glints2/dict_0004_0004.uasset" 8558
"/Engine/EngineMaterials/Substrate/Glints2/dict_0004_0011" 8559
"../../../Engine/Content/EngineMaterials/Substrate/Glints2/dict_0004_0006.uasset" 8560
"/Engine/EngineMaterials/Substrate/Glints2/dict_0004_0003" 8561
"/Engine/EngineMaterials/Substrate/Glints2/dict_0004_0005" 8562
"../../../Engine/Content/EngineMaterials/Substrate/Glints2/dict_0004_0007.uasset" 8563
"../../../Engine/Content/EngineMaterials/Substrate/Glints2/dict_0004_0009.uasset" 8564
"/Engine/EngineMaterials/Substrate/Glints2/dict_0004_0009" 8565
"/Engine/EngineMaterials/Substrate/Glints2/dict_0004_0004" 8566
"../../../Engine/Content/EngineMaterials/Substrate/Glints2/dict_0004_0002.uasset" 8567
"/Engine/EngineMaterials/Substrate/Glints2/dict_0004_0006" 8568
"/Engine/EngineMaterials/Substrate/Glints2/dict_0004_0007" 8569
"/Engine/EngineMaterials/Substrate/Glints2/dict_0004_0002" 8570
"../../../Engine/Content/EngineMaterials/Substrate/Glints2/dict_0004_0001.uasset" 8571
"../../../Engine/Content/EngineMaterials/Substrate/Glints2/dict_0004_0000.uasset" 8572
"/Engine/EngineMaterials/Substrate/Glints2/dict_0004_0000" 8573
"/Engine/EngineMaterials/Substrate/Glints2/dict_0004_0001" 8574
"../../../Engine/Content/EngineMaterials/Substrate/Glints2/dict_0003_0253.uasset" 8575
"../../../Engine/Content/EngineMaterials/Substrate/Glints2/dict_0003_0252.uasset" 8576
"../../../Engine/Content/EngineMaterials/Substrate/Glints2/dict_0003_0255.uasset" 8577
"../../../Engine/Content/EngineMaterials/Substrate/Glints2/dict_0003_0251.uasset" 8578
"../../../Engine/Content/EngineMaterials/Substrate/Glints2/dict_0003_0254.uasset" 8579
"../../../Engine/Content/EngineMaterials/Substrate/Glints2/dict_0003_0250.uasset" 8580
"/Engine/EngineMaterials/Substrate/Glints2/dict_0003_0254" 8581
"/Engine/EngineMaterials/Substrate/Glints2/dict_0003_0255" 8582
"/Engine/EngineMaterials/Substrate/Glints2/dict_0003_0250" 8583
"/Engine/EngineMaterials/Substrate/Glints2/dict_0003_0251" 8584
"/Engine/EngineMaterials/Substrate/Glints2/dict_0003_0252" 8585
"../../../Engine/Content/EngineMaterials/Substrate/Glints2/dict_0003_0248.uasset" 8586
"../../../Engine/Content/EngineMaterials/Substrate/Glints2/dict_0003_0249.uasset" 8587
"/Engine/EngineMaterials/Substrate/Glints2/dict_0003_0253" 8588
"/Engine/EngineMaterials/Substrate/Glints2/dict_0003_0249" 8589
"/Engine/EngineMaterials/Substrate/Glints2/dict_0003_0248" 8590
"../../../Engine/Content/EngineMaterials/Substrate/Glints2/dict_0003_0244.uasset" 8591
"../../../Engine/Content/EngineMaterials/Substrate/Glints2/dict_0003_0246.uasset" 8592
"../../../Engine/Content/EngineMaterials/Substrate/Glints2/dict_0003_0247.uasset" 8593
"../../../Engine/Content/EngineMaterials/Substrate/Glints2/dict_0003_0245.uasset" 8594
"../../../Engine/Content/EngineMaterials/Substrate/Glints2/dict_0003_0243.uasset" 8595
"../../../Engine/Content/EngineMaterials/Substrate/Glints2/dict_0003_0240.uasset" 8596
"../../../Engine/Content/EngineMaterials/Substrate/Glints2/dict_0003_0241.uasset" 8597
"/Engine/EngineMaterials/Substrate/Glints2/dict_0003_0240" 8598
"/Engine/EngineMaterials/Substrate/Glints2/dict_0003_0241" 8599
"/Engine/EngineMaterials/Substrate/Glints2/dict_0003_0245" 8600
"/Engine/EngineMaterials/Substrate/Glints2/dict_0003_0243" 8601
"/Engine/EngineMaterials/Substrate/Glints2/dict_0003_0246" 8602
"/Engine/EngineMaterials/Substrate/Glints2/dict_0003_0244" 8603
"/Engine/EngineMaterials/Substrate/Glints2/dict_0003_0247" 8604
"../../../Engine/Content/EngineMaterials/Substrate/Glints2/dict_0003_0238.uasset" 8605
"../../../Engine/Content/EngineMaterials/Substrate/Glints2/dict_0003_0235.uasset" 8606
"../../../Engine/Content/EngineMaterials/Substrate/Glints2/dict_0003_0236.uasset" 8607
"../../../Engine/Content/EngineMaterials/Substrate/Glints2/dict_0003_0237.uasset" 8608
"../../../Engine/Content/EngineMaterials/Substrate/Glints2/dict_0003_0239.uasset" 8609
"../../../Engine/Content/EngineMaterials/Substrate/Glints2/dict_0003_0242.uasset" 8610
"../../../Engine/Content/EngineMaterials/Substrate/Glints2/dict_0003_0230.uasset" 8611
"../../../Engine/Content/EngineMaterials/Substrate/Glints2/dict_0003_0232.uasset" 8612
"/Engine/EngineMaterials/Substrate/Glints2/dict_0003_0230" 8613
"../../../Engine/Content/EngineMaterials/Substrate/Glints2/dict_0003_0233.uasset" 8614
"/Engine/EngineMaterials/Substrate/Glints2/dict_0003_0238" 8615
"/Engine/EngineMaterials/Substrate/Glints2/dict_0003_0235" 8616
"/Engine/EngineMaterials/Substrate/Glints2/dict_0003_0239" 8617
"/Engine/EngineMaterials/Substrate/Glints2/dict_0003_0236" 8618
"/Engine/EngineMaterials/Substrate/Glints2/dict_0003_0242" 8619
"/Engine/EngineMaterials/Substrate/Glints2/dict_0003_0237" 8620
"/Engine/EngineMaterials/Substrate/Glints2/dict_0003_0232" 8621
"/Engine/EngineMaterials/Substrate/Glints2/dict_0003_0233" 8622
"../../../Engine/Content/EngineMaterials/Substrate/Glints2/dict_0003_0234.uasset" 8623
"../../../Engine/Content/EngineMaterials/Substrate/Glints2/dict_0003_0229.uasset" 8624
"../../../Engine/Content/EngineMaterials/Substrate/Glints2/dict_0003_0231.uasset" 8625
"../../../Engine/Content/EngineMaterials/Substrate/Glints2/dict_0003_0228.uasset" 8626
"../../../Engine/Content/EngineMaterials/Substrate/Glints2/dict_0003_0227.uasset" 8627
"../../../Engine/Content/EngineMaterials/Substrate/Glints2/dict_0003_0226.uasset" 8628
"../../../Engine/Content/EngineMaterials/Substrate/Glints2/dict_0003_0223.uasset" 8629
"../../../Engine/Content/EngineMaterials/Substrate/Glints2/dict_0003_0221.uasset" 8630
"../../../Engine/Content/EngineMaterials/Substrate/Glints2/dict_0003_0225.uasset" 8631
"/Engine/EngineMaterials/Substrate/Glints2/dict_0003_0221" 8632
"../../../Engine/Content/EngineMaterials/Substrate/Glints2/dict_0003_0222.uasset" 8633
"/Engine/EngineMaterials/Substrate/Glints2/dict_0003_0229" 8634
"/Engine/EngineMaterials/Substrate/Glints2/dict_0003_0234" 8635
"/Engine/EngineMaterials/Substrate/Glints2/dict_0003_0227" 8636
"../../../Engine/Content/EngineMaterials/Substrate/Glints2/dict_0003_0224.uasset" 8637
"/Engine/EngineMaterials/Substrate/Glints2/dict_0003_0223" 8638
"/Engine/EngineMaterials/Substrate/Glints2/dict_0003_0231" 8639
"/Engine/EngineMaterials/Substrate/Glints2/dict_0003_0228" 8640
"../../../Engine/Content/EngineMaterials/Substrate/Glints2/dict_0003_0219.uasset" 8641
"/Engine/EngineMaterials/Substrate/Glints2/dict_0003_0226" 8642
"../../../Engine/Content/EngineMaterials/Substrate/Glints2/dict_0003_0218.uasset" 8643
"/Engine/EngineMaterials/Substrate/Glints2/dict_0003_0219" 8644
"/Engine/EngineMaterials/Substrate/Glints2/dict_0003_0222" 8645
"/Engine/EngineMaterials/Substrate/Glints2/dict_0003_0224" 8646
"/Engine/EngineMaterials/Substrate/Glints2/dict_0003_0225" 8647
"../../../Engine/Content/EngineMaterials/Substrate/Glints2/dict_0004_0035.uasset" 8648
"../../../Engine/Content/EngineMaterials/Substrate/Glints2/dict_0003_0220.uasset" 8649
"/Engine/EngineMaterials/Substrate/Glints2/dict_0003_0218" 8650
"../../../Engine/Content/EngineMaterials/Substrate/Glints2/dict_0003_0216.uasset" 8651
"../../../Engine/Content/EngineMaterials/Substrate/Glints2/dict_0003_0217.uasset" 8652
"/Engine/EngineMaterials/Substrate/Glints2/dict_0003_0216" 8653
"/Engine/EngineMaterials/Substrate/Glints2/dict_0003_0217" 8654
"/Engine/EngineMaterials/Substrate/Glints2/dict_0004_0035" 8655
"/Engine/EngineMaterials/Substrate/Glints2/dict_0003_0220" 8656
"../../../Engine/Content/EngineMaterials/Substrate/Glints2/dict_0003_0214.uasset" 8657
"../../../Engine/Content/EngineMaterials/Substrate/Glints2/dict_0003_0215.uasset" 8658
"../../../Engine/Content/EngineMaterials/Substrate/Glints2/dict_0003_0213.uasset" 8659
"../../../Engine/Content/EngineMaterials/Substrate/Glints2/dict_0003_0211.uasset" 8660
"../../../Engine/Content/EngineMaterials/Substrate/Glints2/dict_0003_0212.uasset" 8661
"../../../Engine/Content/EngineMaterials/Substrate/Glints2/dict_0003_0208.uasset" 8662
"/Engine/EngineMaterials/Substrate/Glints2/dict_0003_0208" 8663
"/Engine/EngineMaterials/Substrate/Glints2/dict_0003_0212" 8664
"/Engine/EngineMaterials/Substrate/Glints2/dict_0003_0213" 8665
"../../../Engine/Content/EngineMaterials/Substrate/Glints2/dict_0003_0210.uasset" 8666
"../../../Engine/Content/EngineMaterials/Substrate/Glints2/dict_0003_0206.uasset" 8667
"/Engine/EngineMaterials/Substrate/Glints2/dict_0003_0214" 8668
"/Engine/EngineMaterials/Substrate/Glints2/dict_0003_0215" 8669
"/Engine/EngineMaterials/Substrate/Glints2/dict_0003_0211" 8670
"../../../Engine/Content/EngineMaterials/Substrate/Glints2/dict_0003_0205.uasset" 8671
"../../../Engine/Content/EngineMaterials/Substrate/Glints2/dict_0003_0209.uasset" 8672
"../../../Engine/Content/EngineMaterials/Substrate/Glints2/dict_0003_0203.uasset" 8673
"/Engine/EngineMaterials/Substrate/Glints2/dict_0003_0205" 8674
"/Engine/EngineMaterials/Substrate/Glints2/dict_0003_0206" 8675
"/Engine/EngineMaterials/Substrate/Glints2/dict_0003_0209" 8676
"/Engine/EngineMaterials/Substrate/Glints2/dict_0003_0210" 8677
"/Engine/EngineMaterials/Substrate/Glints2/dict_0003_0203" 8678
"../../../Engine/Content/EngineMaterials/Substrate/Glints2/dict_0003_0201.uasset" 8679
"/Engine/EngineMaterials/Substrate/Glints2/dict_0003_0201" 8680
"../../../Engine/Content/EngineMaterials/Substrate/Glints2/dict_0003_0204.uasset" 8681
"../../../Engine/Content/EngineMaterials/Substrate/Glints2/dict_0003_0198.uasset" 8682
"../../../Engine/Content/EngineMaterials/Substrate/Glints2/dict_0003_0200.uasset" 8683
"../../../Engine/Content/EngineMaterials/Substrate/Glints2/dict_0004_0052.uasset" 8684
"../../../Engine/Content/EngineMaterials/Substrate/Glints2/dict_0003_0207.uasset" 8685
"../../../Engine/Content/EngineMaterials/Substrate/Glints2/dict_0003_0202.uasset" 8686
"../../../Engine/Content/EngineMaterials/Substrate/Glints2/dict_0003_0197.uasset" 8687
"../../../Engine/Content/EngineMaterials/Substrate/Glints2/dict_0003_0199.uasset" 8688
"../../../Engine/Content/EngineMaterials/Substrate/Glints2/dict_0003_0194.uasset" 8689
"/Engine/EngineMaterials/Substrate/Glints2/dict_0004_0052" 8690
"/Engine/EngineMaterials/Substrate/Glints2/dict_0003_0197" 8691
"/Engine/EngineMaterials/Substrate/Glints2/dict_0003_0204" 8692
"../../../Engine/Content/EngineMaterials/Substrate/Glints2/dict_0003_0191.uasset" 8693
"/Engine/EngineMaterials/Substrate/Glints2/dict_0003_0198" 8694
"../../../Engine/Content/EngineMaterials/Substrate/Glints2/dict_0003_0192.uasset" 8695
"/Engine/EngineMaterials/Substrate/Glints2/dict_0003_0207" 8696
"/Engine/EngineMaterials/Substrate/Glints2/dict_0003_0199" 8697
"/Engine/EngineMaterials/Substrate/Glints2/dict_0003_0200" 8698
"../../../Engine/Content/EngineMaterials/Substrate/Glints2/dict_0003_0195.uasset" 8699
"/Engine/EngineMaterials/Substrate/Glints2/dict_0003_0202" 8700
"/Engine/EngineMaterials/Substrate/Glints2/dict_0003_0194" 8701
"../../../Engine/Content/EngineMaterials/Substrate/Glints2/dict_0003_0190.uasset" 8702
"/Engine/EngineMaterials/Substrate/Glints2/dict_0003_0190" 8703
"/Engine/EngineMaterials/Substrate/Glints2/dict_0003_0195" 8704
"/Engine/EngineMaterials/Substrate/Glints2/dict_0003_0191" 8705
"../../../Engine/Content/EngineMaterials/Substrate/Glints2/dict_0003_0188.uasset" 8706
"../../../Engine/Content/EngineMaterials/Substrate/Glints2/dict_0003_0187.uasset" 8707
"/Engine/EngineMaterials/Substrate/Glints2/dict_0003_0192" 8708
"/Engine/EngineMaterials/Substrate/Glints2/dict_0003_0187" 8709
"/Engine/EngineMaterials/Substrate/Glints2/dict_0003_0188" 8710
"../../../Engine/Content/EngineMaterials/Substrate/Glints2/dict_0003_0184.uasset" 8711
"../../../Engine/Content/EngineMaterials/Substrate/Glints2/dict_0003_0189.uasset" 8712
"../../../Engine/Content/EngineMaterials/Substrate/Glints2/dict_0003_0186.uasset" 8713
"../../../Engine/Content/EngineMaterials/Substrate/Glints2/dict_0003_0182.uasset" 8714
"../../../Engine/Content/EngineMaterials/Substrate/Glints2/dict_0003_0183.uasset" 8715
"../../../Engine/Content/EngineMaterials/Substrate/Glints2/dict_0003_0196.uasset" 8716
"../../../Engine/Content/EngineMaterials/Substrate/Glints2/dict_0004_0053.uasset" 8717
"/Engine/EngineMaterials/Substrate/Glints2/dict_0003_0196" 8718
"../../../Engine/Content/EngineMaterials/Substrate/Glints2/dict_0003_0181.uasset" 8719
"../../../Engine/Content/EngineMaterials/Substrate/Glints2/dict_0003_0177.uasset" 8720
"../../../Engine/Content/EngineMaterials/Substrate/Glints2/dict_0003_0179.uasset" 8721
"/Engine/EngineMaterials/Substrate/Glints2/dict_0004_0053" 8722
"/Engine/EngineMaterials/Substrate/Glints2/dict_0003_0182" 8723
"../../../Engine/Content/EngineMaterials/Substrate/Glints2/dict_0003_0178.uasset" 8724
"/Engine/EngineMaterials/Substrate/Glints2/dict_0003_0183" 8725
"/Engine/EngineMaterials/Substrate/Glints2/dict_0003_0184" 8726
"/Engine/EngineMaterials/Substrate/Glints2/dict_0003_0186" 8727
"/Engine/EngineMaterials/Substrate/Glints2/dict_0003_0189" 8728
"/Engine/EngineMaterials/Substrate/Glints2/dict_0003_0181" 8729
"../../../Engine/Content/EngineMaterials/Substrate/Glints2/dict_0003_0180.uasset" 8730
"/Engine/EngineMaterials/Substrate/Glints2/dict_0003_0177" 8731
"/Engine/EngineMaterials/Substrate/Glints2/dict_0003_0178" 8732
"../../../Engine/Content/EngineMaterials/Substrate/Glints2/dict_0003_0174.uasset" 8733
"../../../Engine/Content/EngineMaterials/Substrate/Glints2/dict_0003_0172.uasset" 8734
"/Engine/EngineMaterials/Substrate/Glints2/dict_0003_0179" 8735
"../../../Engine/Content/EngineMaterials/Substrate/Glints2/dict_0003_0173.uasset" 8736
"/Engine/EngineMaterials/Substrate/Glints2/dict_0003_0180" 8737
"/Engine/EngineMaterials/Substrate/Glints2/dict_0003_0174" 8738
"../../../Engine/Content/EngineMaterials/Substrate/Glints2/dict_0003_0171.uasset" 8739
"/Engine/EngineMaterials/Substrate/Glints2/dict_0003_0172" 8740
"/Engine/EngineMaterials/Substrate/Glints2/dict_0003_0173" 8741
"/Engine/EngineMaterials/Substrate/Glints2/dict_0003_0171" 8742
"../../../Engine/Content/EngineMaterials/Substrate/Glints2/dict_0003_0168.uasset" 8743
"../../../Engine/Content/EngineMaterials/Substrate/Glints2/dict_0003_0169.uasset" 8744
"../../../Engine/Content/EngineMaterials/Substrate/Glints2/dict_0003_0167.uasset" 8745
"../../../Engine/Content/EngineMaterials/Substrate/Glints2/dict_0003_0170.uasset" 8746
"../../../Engine/Content/EngineMaterials/Substrate/Glints2/dict_0003_0166.uasset" 8747
"../../../Engine/Content/EngineMaterials/Substrate/Glints2/dict_0003_0165.uasset" 8748
"../../../Engine/Content/EngineMaterials/Substrate/Glints2/dict_0003_0176.uasset" 8749
"../../../Engine/Content/EngineMaterials/Substrate/Glints2/dict_0003_0163.uasset" 8750
"../../../Engine/Content/EngineMaterials/Substrate/Glints2/dict_0003_0164.uasset" 8751
"/Engine/EngineMaterials/Substrate/Glints2/dict_0003_0165" 8752
"/Engine/EngineMaterials/Substrate/Glints2/dict_0003_0166" 8753
"/Engine/EngineMaterials/Substrate/Glints2/dict_0003_0167" 8754
"../../../Engine/Content/EngineMaterials/Substrate/Glints2/dict_0003_0162.uasset" 8755
"/Engine/EngineMaterials/Substrate/Glints2/dict_0003_0176" 8756
"/Engine/EngineMaterials/Substrate/Glints2/dict_0003_0163" 8757
"/Engine/EngineMaterials/Substrate/Glints2/dict_0003_0168" 8758
"/Engine/EngineMaterials/Substrate/Glints2/dict_0003_0169" 8759
"/Engine/EngineMaterials/Substrate/Glints2/dict_0003_0170" 8760
"../../../Engine/Content/EngineMaterials/Substrate/Glints2/dict_0003_0161.uasset" 8761
"../../../Engine/Content/EngineMaterials/Substrate/Glints2/dict_0003_0159.uasset" 8762
"/Engine/EngineMaterials/Substrate/Glints2/dict_0003_0164" 8763
"../../../Engine/Content/EngineMaterials/Substrate/Glints2/dict_0003_0160.uasset" 8764
"../../../Engine/Content/EngineMaterials/Substrate/Glints2/dict_0003_0158.uasset" 8765
"/Engine/EngineMaterials/Substrate/Glints2/dict_0003_0161" 8766
"/Engine/EngineMaterials/Substrate/Glints2/dict_0003_0162" 8767
"/Engine/EngineMaterials/Substrate/Glints2/dict_0003_0159" 8768
"/Engine/EngineMaterials/Substrate/Glints2/dict_0003_0160" 8769
"/Engine/EngineMaterials/Substrate/Glints2/dict_0003_0158" 8770
"../../../Engine/Content/EngineMaterials/Substrate/Glints2/dict_0003_0157.uasset" 8771
"/Engine/EngineMaterials/Substrate/Glints2/dict_0003_0157" 8772
"../../../Engine/Content/EngineMaterials/Substrate/Glints2/dict_0003_0152.uasset" 8773
"../../../Engine/Content/EngineMaterials/Substrate/Glints2/dict_0003_0154.uasset" 8774
"../../../Engine/Content/EngineMaterials/Substrate/Glints2/dict_0003_0156.uasset" 8775
"../../../Engine/Content/EngineMaterials/Substrate/Glints2/dict_0003_0193.uasset" 8776
"../../../Engine/Content/EngineMaterials/Substrate/Glints2/dict_0003_0151.uasset" 8777
"/Engine/EngineMaterials/Substrate/Glints2/dict_0003_0152" 8778
"../../../Engine/Content/EngineMaterials/Substrate/Glints2/dict_0003_0155.uasset" 8779
"/Engine/EngineMaterials/Substrate/Glints2/dict_0003_0154" 8780
"/Engine/EngineMaterials/Substrate/Glints2/dict_0003_0156" 8781
"/Engine/EngineMaterials/Substrate/Glints2/dict_0003_0193" 8782
"/Engine/EngineMaterials/Substrate/Glints2/dict_0003_0151" 8783
"/Engine/EngineMaterials/Substrate/Glints2/dict_0003_0155" 8784
"../../../Engine/Content/EngineMaterials/Substrate/Glints2/dict_0003_0150.uasset" 8785
"../../../Engine/Content/EngineMaterials/Substrate/Glints2/dict_0003_0149.uasset" 8786
"/Engine/EngineMaterials/Substrate/Glints2/dict_0003_0149" 8787
"/Engine/EngineMaterials/Substrate/Glints2/dict_0003_0150" 8788
"../../../Engine/Content/EngineMaterials/Substrate/Glints2/dict_0003_0146.uasset" 8789
"../../../Engine/Content/EngineMaterials/Substrate/Glints2/dict_0003_0148.uasset" 8790
"../../../Engine/Content/EngineMaterials/Substrate/Glints2/dict_0003_0147.uasset" 8791
"../../../Engine/Content/EngineMaterials/Substrate/Glints2/dict_0003_0144.uasset" 8792
"../../../Engine/Content/EngineMaterials/Substrate/Glints2/dict_0003_0143.uasset" 8793
"../../../Engine/Content/EngineMaterials/Substrate/Glints2/dict_0003_0145.uasset" 8794
"/Engine/EngineMaterials/Substrate/Glints2/dict_0003_0144" 8795
"/Engine/EngineMaterials/Substrate/Glints2/dict_0003_0148" 8796
"/Engine/EngineMaterials/Substrate/Glints2/dict_0003_0143" 8797
"../../../Engine/Content/EngineMaterials/Substrate/Glints2/dict_0003_0142.uasset" 8798
"/Engine/EngineMaterials/Substrate/Glints2/dict_0003_0145" 8799
"/Engine/EngineMaterials/Substrate/Glints2/dict_0003_0146" 8800
"../../../Engine/Content/EngineMaterials/Substrate/Glints2/dict_0003_0139.uasset" 8801
"/Engine/EngineMaterials/Substrate/Glints2/dict_0003_0147" 8802
"../../../Engine/Content/EngineMaterials/Substrate/Glints2/dict_0003_0138.uasset" 8803
"../../../Engine/Content/EngineMaterials/Substrate/Glints2/dict_0003_0141.uasset" 8804
"../../../Engine/Content/EngineMaterials/Substrate/Glints2/dict_0003_0140.uasset" 8805
"/Engine/EngineMaterials/Substrate/Glints2/dict_0003_0138" 8806
"/Engine/EngineMaterials/Substrate/Glints2/dict_0003_0139" 8807
"/Engine/EngineMaterials/Substrate/Glints2/dict_0003_0140" 8808
"/Engine/EngineMaterials/Substrate/Glints2/dict_0003_0141" 8809
"/Engine/EngineMaterials/Substrate/Glints2/dict_0003_0142" 8810
"../../../Engine/Content/EngineMaterials/Substrate/Glints2/dict_0003_0137.uasset" 8811
"../../../Engine/Content/EngineMaterials/Substrate/Glints2/dict_0003_0175.uasset" 8812
"../../../Engine/Content/EngineMaterials/Substrate/Glints2/dict_0003_0135.uasset" 8813
"../../../Engine/Content/EngineMaterials/Substrate/Glints2/dict_0003_0136.uasset" 8814
"../../../Engine/Content/EngineMaterials/Substrate/Glints2/dict_0003_0133.uasset" 8815
"../../../Engine/Content/EngineMaterials/Substrate/Glints2/dict_0003_0134.uasset" 8816
"/Engine/EngineMaterials/Substrate/Glints2/dict_0003_0134" 8817
"/Engine/EngineMaterials/Substrate/Glints2/dict_0003_0135" 8818
"../../../Engine/Content/EngineMaterials/Substrate/Glints2/dict_0003_0129.uasset" 8819
"/Engine/EngineMaterials/Substrate/Glints2/dict_0003_0136" 8820
"/Engine/EngineMaterials/Substrate/Glints2/dict_0003_0175" 8821
"/Engine/EngineMaterials/Substrate/Glints2/dict_0003_0137" 8822
"/Engine/EngineMaterials/Substrate/Glints2/dict_0003_0133" 8823
"../../../Engine/Content/EngineMaterials/Substrate/Glints2/dict_0003_0131.uasset" 8824
"/Engine/EngineMaterials/Substrate/Glints2/dict_0003_0129" 8825
"../../../Engine/Content/EngineMaterials/Substrate/Glints2/dict_0003_0127.uasset" 8826
"/Engine/EngineMaterials/Substrate/Glints2/dict_0003_0131" 8827
"../../../Engine/Content/EngineMaterials/Substrate/Glints2/dict_0003_0126.uasset" 8828
"/Engine/EngineMaterials/Substrate/Glints2/dict_0003_0127" 8829
"/Engine/EngineMaterials/Substrate/Glints2/dict_0003_0126" 8830
"../../../Engine/Content/EngineMaterials/Substrate/Glints2/dict_0003_0185.uasset" 8831
"../../../Engine/Content/EngineMaterials/Substrate/Glints2/dict_0003_0125.uasset" 8832
"../../../Engine/Content/EngineMaterials/Substrate/Glints2/dict_0003_0128.uasset" 8833
"../../../Engine/Content/EngineMaterials/Substrate/Glints2/dict_0003_0124.uasset" 8834
"../../../Engine/Content/EngineMaterials/Substrate/Glints2/dict_0003_0153.uasset" 8835
"../../../Engine/Content/EngineMaterials/Substrate/Glints2/dict_0003_0122.uasset" 8836
"../../../Engine/Content/EngineMaterials/Substrate/Glints2/dict_0003_0130.uasset" 8837
"../../../Engine/Content/EngineMaterials/Substrate/Glints2/dict_0003_0123.uasset" 8838
"/Engine/EngineMaterials/Substrate/Glints2/dict_0003_0130" 8839
"/Engine/EngineMaterials/Substrate/Glints2/dict_0003_0123" 8840
"/Engine/EngineMaterials/Substrate/Glints2/dict_0003_0153" 8841
"/Engine/EngineMaterials/Substrate/Glints2/dict_0003_0124" 8842
"/Engine/EngineMaterials/Substrate/Glints2/dict_0003_0122" 8843
"../../../Engine/Content/EngineMaterials/Substrate/Glints2/dict_0003_0118.uasset" 8844
"../../../Engine/Content/EngineMaterials/Substrate/Glints2/dict_0003_0121.uasset" 8845
"/Engine/EngineMaterials/Substrate/Glints2/dict_0003_0125" 8846
"/Engine/EngineMaterials/Substrate/Glints2/dict_0003_0128" 8847
"/Engine/EngineMaterials/Substrate/Glints2/dict_0003_0185" 8848
"/Engine/EngineMaterials/Substrate/Glints2/dict_0003_0121" 8849
"/Engine/EngineMaterials/Substrate/Glints2/dict_0003_0118" 8850
"../../../Engine/Content/EngineMaterials/Substrate/Glints2/dict_0003_0116.uasset" 8851
"../../../Engine/Content/EngineMaterials/Substrate/Glints2/dict_0003_0120.uasset" 8852
"../../../Engine/Content/EngineMaterials/Substrate/Glints2/dict_0003_0117.uasset" 8853
"../../../Engine/Content/EngineMaterials/Substrate/Glints2/dict_0003_0114.uasset" 8854
"../../../Engine/Content/EngineMaterials/Substrate/Glints2/dict_0003_0119.uasset" 8855
"../../../Engine/Content/EngineMaterials/Substrate/Glints2/dict_0003_0113.uasset" 8856
"../../../Engine/Content/EngineMaterials/Substrate/Glints2/dict_0003_0112.uasset" 8857
"../../../Engine/Content/EngineMaterials/Substrate/Glints2/dict_0003_0108.uasset" 8858
"/Engine/EngineMaterials/Substrate/Glints2/dict_0003_0114" 8859
"../../../Engine/Content/EngineMaterials/Substrate/Glints2/dict_0003_0110.uasset" 8860
"../../../Engine/Content/EngineMaterials/Substrate/Glints2/dict_0003_0111.uasset" 8861
"../../../Engine/Content/EngineMaterials/Substrate/Glints2/dict_0003_0107.uasset" 8862
"/Engine/EngineMaterials/Substrate/Glints2/dict_0003_0120" 8863
"/Engine/EngineMaterials/Substrate/Glints2/dict_0003_0112" 8864
"/Engine/EngineMaterials/Substrate/Glints2/dict_0003_0113" 8865
"/Engine/EngineMaterials/Substrate/Glints2/dict_0003_0116" 8866
"/Engine/EngineMaterials/Substrate/Glints2/dict_0003_0117" 8867
"/Engine/EngineMaterials/Substrate/Glints2/dict_0003_0119" 8868
"/Engine/EngineMaterials/Substrate/Glints2/dict_0003_0108" 8869
"/Engine/EngineMaterials/Substrate/Glints2/dict_0003_0107" 8870
"/Engine/EngineMaterials/Substrate/Glints2/dict_0003_0110" 8871
"/Engine/EngineMaterials/Substrate/Glints2/dict_0003_0111" 8872
"../../../Engine/Content/EngineMaterials/Substrate/Glints2/dict_0003_0105.uasset" 8873
"../../../Engine/Content/EngineMaterials/Substrate/Glints2/dict_0003_0109.uasset" 8874
"../../../Engine/Content/EngineMaterials/Substrate/Glints2/dict_0003_0106.uasset" 8875
"../../../Engine/Content/EngineMaterials/Substrate/Glints2/dict_0003_0102.uasset" 8876
"../../../Engine/Content/EngineMaterials/Substrate/Glints2/dict_0003_0103.uasset" 8877
"../../../Engine/Content/EngineMaterials/Substrate/Glints2/dict_0003_0115.uasset" 8878
"../../../Engine/Content/EngineMaterials/Substrate/Glints2/dict_0003_0101.uasset" 8879
"../../../Engine/Content/EngineMaterials/Substrate/Glints2/dict_0003_0100.uasset" 8880
"../../../Engine/Content/EngineMaterials/Substrate/Glints2/dict_0003_0098.uasset" 8881
"/Engine/EngineMaterials/Substrate/Glints2/dict_0003_0102" 8882
"../../../Engine/Content/EngineMaterials/Substrate/Glints2/dict_0003_0104.uasset" 8883
"/Engine/EngineMaterials/Substrate/Glints2/dict_0003_0103" 8884
"/Engine/EngineMaterials/Substrate/Glints2/dict_0003_0105" 8885
"../../../Engine/Content/EngineMaterials/Substrate/Glints2/dict_0003_0097.uasset" 8886
"/Engine/EngineMaterials/Substrate/Glints2/dict_0003_0106" 8887
"/Engine/EngineMaterials/Substrate/Glints2/dict_0003_0109" 8888
"/Engine/EngineMaterials/Substrate/Glints2/dict_0003_0115" 8889
"/Engine/EngineMaterials/Substrate/Glints2/dict_0003_0100" 8890
"/Engine/EngineMaterials/Substrate/Glints2/dict_0003_0101" 8891
"/Engine/EngineMaterials/Substrate/Glints2/dict_0003_0104" 8892
"/Engine/EngineMaterials/Substrate/Glints2/dict_0003_0097" 8893
"/Engine/EngineMaterials/Substrate/Glints2/dict_0003_0098" 8894
"../../../Engine/Content/EngineMaterials/Substrate/Glints2/dict_0003_0099.uasset" 8895
"../../../Engine/Content/EngineMaterials/Substrate/Glints2/dict_0003_0092.uasset" 8896
"../../../Engine/Content/EngineMaterials/Substrate/Glints2/dict_0003_0093.uasset" 8897
"../../../Engine/Content/EngineMaterials/Substrate/Glints2/dict_0003_0090.uasset" 8898
"../../../Engine/Content/EngineMaterials/Substrate/Glints2/dict_0003_0094.uasset" 8899
"../../../Engine/Content/EngineMaterials/Substrate/Glints2/dict_0003_0096.uasset" 8900
"../../../Engine/Content/EngineMaterials/Substrate/Glints2/dict_0003_0087.uasset" 8901
"../../../Engine/Content/EngineMaterials/Substrate/Glints2/dict_0003_0088.uasset" 8902
"/Engine/EngineMaterials/Substrate/Glints2/dict_0003_0092" 8903
"/Engine/EngineMaterials/Substrate/Glints2/dict_0003_0093" 8904
"../../../Engine/Content/EngineMaterials/Substrate/Glints2/dict_0003_0086.uasset" 8905
"/Engine/EngineMaterials/Substrate/Glints2/dict_0003_0094" 8906
"/Engine/EngineMaterials/Substrate/Glints2/dict_0003_0096" 8907
"/Engine/EngineMaterials/Substrate/Glints2/dict_0003_0099" 8908
"/Engine/EngineMaterials/Substrate/Glints2/dict_0003_0090" 8909
"/Engine/EngineMaterials/Substrate/Glints2/dict_0003_0087" 8910
"/Engine/EngineMaterials/Substrate/Glints2/dict_0003_0086" 8911
"/Engine/EngineMaterials/Substrate/Glints2/dict_0003_0088" 8912
"../../../Engine/Content/EngineMaterials/Substrate/Glints2/dict_0003_0091.uasset" 8913
"../../../Engine/Content/EngineMaterials/Substrate/Glints2/dict_0003_0089.uasset" 8914
"../../../Engine/Content/EngineMaterials/Substrate/Glints2/dict_0003_0082.uasset" 8915
"../../../Engine/Content/EngineMaterials/Substrate/Glints2/dict_0003_0083.uasset" 8916
"../../../Engine/Content/EngineMaterials/Substrate/Glints2/dict_0003_0081.uasset" 8917
"../../../Engine/Content/EngineMaterials/Substrate/Glints2/dict_0003_0084.uasset" 8918
"../../../Engine/Content/EngineMaterials/Substrate/Glints2/dict_0003_0085.uasset" 8919
"../../../Engine/Content/EngineMaterials/Substrate/Glints2/dict_0003_0077.uasset" 8920
"../../../Engine/Content/EngineMaterials/Substrate/Glints2/dict_0003_0078.uasset" 8921
"../../../Engine/Content/EngineMaterials/Substrate/Glints2/dict_0003_0076.uasset" 8922
"/Engine/EngineMaterials/Substrate/Glints2/dict_0003_0091" 8923
"/Engine/EngineMaterials/Substrate/Glints2/dict_0003_0078" 8924
"/Engine/EngineMaterials/Substrate/Glints2/dict_0003_0081" 8925
"/Engine/EngineMaterials/Substrate/Glints2/dict_0003_0082" 8926
"/Engine/EngineMaterials/Substrate/Glints2/dict_0003_0076" 8927
"/Engine/EngineMaterials/Substrate/Glints2/dict_0003_0083" 8928
"/Engine/EngineMaterials/Substrate/Glints2/dict_0003_0084" 8929
"/Engine/EngineMaterials/Substrate/Glints2/dict_0003_0085" 8930
"/Engine/EngineMaterials/Substrate/Glints2/dict_0003_0089" 8931
"../../../Engine/Content/EngineMaterials/Substrate/Glints2/dict_0003_0071.uasset" 8932
"/Engine/EngineMaterials/Substrate/Glints2/dict_0003_0077" 8933
"../../../Engine/Content/EngineMaterials/Substrate/Glints2/dict_0003_0073.uasset" 8934
"/Engine/EngineMaterials/Substrate/Glints2/dict_0003_0071" 8935
"/Engine/EngineMaterials/Substrate/Glints2/dict_0003_0073" 8936
"../../../Engine/Content/EngineMaterials/Substrate/Glints2/dict_0003_0080.uasset" 8937
"../../../Engine/Content/EngineMaterials/Substrate/Glints2/dict_0003_0074.uasset" 8938
"../../../Engine/Content/EngineMaterials/Substrate/Glints2/dict_0003_0079.uasset" 8939
"../../../Engine/Content/EngineMaterials/Substrate/Glints2/dict_0003_0132.uasset" 8940
"../../../Engine/Content/EngineMaterials/Substrate/Glints2/dict_0003_0069.uasset" 8941
"../../../Engine/Content/EngineMaterials/Substrate/Glints2/dict_0003_0070.uasset" 8942
"../../../Engine/Content/EngineMaterials/Substrate/Glints2/dict_0003_0066.uasset" 8943
"../../../Engine/Content/EngineMaterials/Substrate/Glints2/dict_0003_0075.uasset" 8944
"../../../Engine/Content/EngineMaterials/Substrate/Glints2/dict_0003_0068.uasset" 8945
"/Engine/EngineMaterials/Substrate/Glints2/dict_0003_0070" 8946
"/Engine/EngineMaterials/Substrate/Glints2/dict_0003_0074" 8947
"../../../Engine/Content/EngineMaterials/Substrate/Glints2/dict_0003_0072.uasset" 8948
"../../../Engine/Content/EngineMaterials/Substrate/Glints2/dict_0003_0067.uasset" 8949
"/Engine/EngineMaterials/Substrate/Glints2/dict_0003_0079" 8950
"/Engine/EngineMaterials/Substrate/Glints2/dict_0003_0080" 8951
"/Engine/EngineMaterials/Substrate/Glints2/dict_0003_0075" 8952
"/Engine/EngineMaterials/Substrate/Glints2/dict_0003_0069" 8953
"/Engine/EngineMaterials/Substrate/Glints2/dict_0003_0132" 8954
"/Engine/EngineMaterials/Substrate/Glints2/dict_0003_0066" 8955
"/Engine/EngineMaterials/Substrate/Glints2/dict_0003_0067" 8956
"/Engine/EngineMaterials/Substrate/Glints2/dict_0003_0072" 8957
"/Engine/EngineMaterials/Substrate/Glints2/dict_0003_0068" 8958
"../../../Engine/Content/EngineMaterials/Substrate/Glints2/dict_0003_0064.uasset" 8959
"../../../Engine/Content/EngineMaterials/Substrate/Glints2/dict_0003_0063.uasset" 8960
"../../../Engine/Content/EngineMaterials/Substrate/Glints2/dict_0003_0059.uasset" 8961
"../../../Engine/Content/EngineMaterials/Substrate/Glints2/dict_0003_0058.uasset" 8962
"../../../Engine/Content/EngineMaterials/Substrate/Glints2/dict_0003_0061.uasset" 8963
"../../../Engine/Content/EngineMaterials/Substrate/Glints2/dict_0003_0062.uasset" 8964
"../../../Engine/Content/EngineMaterials/Substrate/Glints2/dict_0003_0060.uasset" 8965
"/Engine/EngineMaterials/Substrate/Glints2/dict_0003_0060" 8966
"../../../Engine/Content/EngineMaterials/Substrate/Glints2/dict_0003_0055.uasset" 8967
"../../../Engine/Content/EngineMaterials/Substrate/Glints2/dict_0003_0056.uasset" 8968
"/Engine/EngineMaterials/Substrate/Glints2/dict_0003_0061" 8969
"/Engine/EngineMaterials/Substrate/Glints2/dict_0003_0062" 8970
"../../../Engine/Content/EngineMaterials/Substrate/Glints2/dict_0003_0057.uasset" 8971
"../../../Engine/Content/EngineMaterials/Substrate/Glints2/dict_0003_0054.uasset" 8972
"/Engine/EngineMaterials/Substrate/Glints2/dict_0003_0063" 8973
"/Engine/EngineMaterials/Substrate/Glints2/dict_0003_0064" 8974
"/Engine/EngineMaterials/Substrate/Glints2/dict_0003_0058" 8975
"/Engine/EngineMaterials/Substrate/Glints2/dict_0003_0059" 8976
"/Engine/EngineMaterials/Substrate/Glints2/dict_0003_0054" 8977
"/Engine/EngineMaterials/Substrate/Glints2/dict_0003_0055" 8978
"/Engine/EngineMaterials/Substrate/Glints2/dict_0003_0056" 8979
"/Engine/EngineMaterials/Substrate/Glints2/dict_0003_0057" 8980
"../../../Engine/Content/EngineMaterials/Substrate/Glints2/dict_0003_0050.uasset" 8981
"../../../Engine/Content/EngineMaterials/Substrate/Glints2/dict_0003_0049.uasset" 8982
"../../../Engine/Content/EngineMaterials/Substrate/Glints2/dict_0003_0051.uasset" 8983
"../../../Engine/Content/EngineMaterials/Substrate/Glints2/dict_0003_0053.uasset" 8984
"/Engine/EngineMaterials/Substrate/Glints2/dict_0003_0049" 8985
"../../../Engine/Content/EngineMaterials/Substrate/Glints2/dict_0003_0045.uasset" 8986
"../../../Engine/Content/EngineMaterials/Substrate/Glints2/dict_0003_0046.uasset" 8987
"../../../Engine/Content/EngineMaterials/Substrate/Glints2/dict_0003_0048.uasset" 8988
"/Engine/EngineMaterials/Substrate/Glints2/dict_0003_0050" 8989
"../../../Engine/Content/EngineMaterials/Substrate/Glints2/dict_0003_0047.uasset" 8990
"/Engine/EngineMaterials/Substrate/Glints2/dict_0003_0053" 8991
"/Engine/EngineMaterials/Substrate/Glints2/dict_0003_0046" 8992
"/Engine/EngineMaterials/Substrate/Glints2/dict_0003_0048" 8993
"/Engine/EngineMaterials/Substrate/Glints2/dict_0003_0047" 8994
"/Engine/EngineMaterials/Substrate/Glints2/dict_0003_0045" 8995
"../../../Engine/Content/EngineMaterials/Substrate/Glints2/dict_0003_0042.uasset" 8996
"../../../Engine/Content/EngineMaterials/Substrate/Glints2/dict_0003_0044.uasset" 8997
"../../../Engine/Content/EngineMaterials/Substrate/Glints2/dict_0003_0043.uasset" 8998
"../../../Engine/Content/EngineMaterials/Substrate/Glints2/dict_0003_0041.uasset" 8999
"../../../Engine/Content/EngineMaterials/Substrate/Glints2/dict_0003_0040.uasset" 9000
"/Engine/EngineMaterials/Substrate/Glints2/dict_0003_0040" 9001
"../../../Engine/Content/EngineMaterials/Substrate/Glints2/dict_0003_0037.uasset" 9002
"../../../Engine/Content/EngineMaterials/Substrate/Glints2/dict_0003_0036.uasset" 9003
"/Engine/EngineMaterials/Substrate/Glints2/dict_0003_0041" 9004
"/Engine/EngineMaterials/Substrate/Glints2/dict_0003_0042" 9005
"../../../Engine/Content/EngineMaterials/Substrate/Glints2/dict_0003_0038.uasset" 9006
"../../../Engine/Content/EngineMaterials/Substrate/Glints2/dict_0003_0039.uasset" 9007
"../../../Engine/Content/EngineMaterials/Substrate/Glints2/dict_0003_0095.uasset" 9008
"/Engine/EngineMaterials/Substrate/Glints2/dict_0003_0043" 9009
"/Engine/EngineMaterials/Substrate/Glints2/dict_0003_0044" 9010
"/Engine/EngineMaterials/Substrate/Glints2/dict_0003_0038" 9011
"/Engine/EngineMaterials/Substrate/Glints2/dict_0003_0036" 9012
"/Engine/EngineMaterials/Substrate/Glints2/dict_0003_0039" 9013
"../../../Engine/Content/EngineMaterials/Substrate/Glints2/dict_0003_0035.uasset" 9014
"../../../Engine/Content/EngineMaterials/Substrate/Glints2/dict_0003_0052.uasset" 9015
"/Engine/EngineMaterials/Substrate/Glints2/dict_0003_0095" 9016
"/Engine/EngineMaterials/Substrate/Glints2/dict_0003_0037" 9017
"../../../Engine/Content/EngineMaterials/Substrate/Glints2/dict_0003_0034.uasset" 9018
"/Engine/EngineMaterials/Substrate/Glints2/dict_0003_0035" 9019
"../../../Engine/Content/EngineMaterials/Substrate/Glints2/dict_0003_0032.uasset" 9020
"../../../Engine/Content/EngineMaterials/Substrate/Glints2/dict_0003_0033.uasset" 9021
"/Engine/EngineMaterials/Substrate/Glints2/dict_0003_0051" 9022
"/Engine/EngineMaterials/Substrate/Glints2/dict_0003_0052" 9023
"/Engine/EngineMaterials/Substrate/Glints2/dict_0003_0032" 9024
"/Engine/EngineMaterials/Substrate/Glints2/dict_0003_0033" 9025
"/Engine/EngineMaterials/Substrate/Glints2/dict_0003_0034" 9026
"../../../Engine/Content/EngineMaterials/Substrate/Glints2/dict_0003_0031.uasset" 9027
"../../../Engine/Content/EngineMaterials/Substrate/Glints2/dict_0003_0065.uasset" 9028
"../../../Engine/Content/EngineMaterials/Substrate/Glints2/dict_0003_0025.uasset" 9029
"../../../Engine/Content/EngineMaterials/Substrate/Glints2/dict_0003_0024.uasset" 9030
"../../../Engine/Content/EngineMaterials/Substrate/Glints2/dict_0003_0026.uasset" 9031
"../../../Engine/Content/EngineMaterials/Substrate/Glints2/dict_0003_0023.uasset" 9032
"/Engine/EngineMaterials/Substrate/Glints2/dict_0003_0031" 9033
"/Engine/EngineMaterials/Substrate/Glints2/dict_0003_0023" 9034
"/Engine/EngineMaterials/Substrate/Glints2/dict_0003_0024" 9035
"/Engine/EngineMaterials/Substrate/Glints2/dict_0003_0025" 9036
"../../../Engine/Content/EngineMaterials/Substrate/Glints2/dict_0003_0022.uasset" 9037
"../../../Engine/Content/EngineMaterials/Substrate/Glints2/dict_0003_0021.uasset" 9038
"/Engine/EngineMaterials/Substrate/Glints2/dict_0003_0026" 9039
"../../../Engine/Content/EngineMaterials/Substrate/Glints2/dict_0003_0019.uasset" 9040
"/Engine/EngineMaterials/Substrate/Glints2/dict_0003_0065" 9041
"../../../Engine/Content/EngineMaterials/Substrate/Glints2/dict_0003_0020.uasset" 9042
"/Engine/EngineMaterials/Substrate/Glints2/dict_0003_0019" 9043
"../../../Engine/Content/EngineMaterials/Substrate/Glints2/dict_0003_0018.uasset" 9044
"/Engine/EngineMaterials/Substrate/Glints2/dict_0003_0021" 9045
"/Engine/EngineMaterials/Substrate/Glints2/dict_0003_0022" 9046
"/Engine/EngineMaterials/Substrate/Glints2/dict_0003_0020" 9047
"../../../Engine/Content/EngineMaterials/Substrate/Glints2/dict_0003_0016.uasset" 9048
"../../../Engine/Content/EngineMaterials/Substrate/Glints2/dict_0003_0017.uasset" 9049
"/Engine/EngineMaterials/Substrate/Glints2/dict_0003_0017" 9050
"/Engine/EngineMaterials/Substrate/Glints2/dict_0003_0018" 9051
"/Engine/EngineMaterials/Substrate/Glints2/dict_0003_0016" 9052
"../../../Engine/Content/EngineMaterials/Substrate/Glints2/dict_0003_0014.uasset" 9053
"/Engine/EngineMaterials/Substrate/Glints2/dict_0003_0014" 9054
"../../../Engine/Content/EngineMaterials/Substrate/Glints2/dict_0003_0013.uasset" 9055
"../../../Engine/Content/EngineMaterials/Substrate/Glints2/dict_0003_0015.uasset" 9056
"/Engine/EngineMaterials/Substrate/Glints2/dict_0003_0013" 9057
"/Engine/EngineMaterials/Substrate/Glints2/dict_0003_0015" 9058
"../../../Engine/Content/EngineMaterials/Substrate/Glints2/dict_0003_0012.uasset" 9059
"../../../Engine/Content/EngineMaterials/Substrate/Glints2/dict_0003_0011.uasset" 9060
"../../../Engine/Content/EngineMaterials/Substrate/Glints2/dict_0003_0010.uasset" 9061
"../../../Engine/Content/EngineMaterials/Substrate/Glints2/dict_0003_0008.uasset" 9062
"../../../Engine/Content/EngineMaterials/Substrate/Glints2/dict_0003_0009.uasset" 9063
"../../../Engine/Content/EngineMaterials/Substrate/Glints2/dict_0003_0029.uasset" 9064
"../../../Engine/Content/EngineMaterials/Substrate/Glints2/dict_0003_0007.uasset" 9065
"../../../Engine/Content/EngineMaterials/Substrate/Glints2/dict_0003_0006.uasset" 9066
"/Engine/EngineMaterials/Substrate/Glints2/dict_0003_0007" 9067
"/Engine/EngineMaterials/Substrate/Glints2/dict_0003_0008" 9068
"/Engine/EngineMaterials/Substrate/Glints2/dict_0003_0009" 9069
"/Engine/EngineMaterials/Substrate/Glints2/dict_0003_0029" 9070
"/Engine/EngineMaterials/Substrate/Glints2/dict_0003_0012" 9071
"../../../Engine/Content/EngineMaterials/Substrate/Glints2/dict_0003_0004.uasset" 9072
"/Engine/EngineMaterials/Substrate/Glints2/dict_0003_0010" 9073
"../../../Engine/Content/EngineMaterials/Substrate/Glints2/dict_0003_0005.uasset" 9074
"../../../Engine/Content/EngineMaterials/Substrate/Glints2/dict_0003_0001.uasset" 9075
"/Engine/EngineMaterials/Substrate/Glints2/dict_0003_0011" 9076
"/Engine/EngineMaterials/Substrate/Glints2/dict_0003_0006" 9077
"../../../Engine/Content/EngineMaterials/Substrate/Glints2/dict_0003_0000.uasset" 9078
"../../../Engine/Content/EngineMaterials/Substrate/Glints2/dict_0003_0003.uasset" 9079
"/Engine/EngineMaterials/Substrate/Glints2/dict_0003_0004" 9080
"/Engine/EngineMaterials/Substrate/Glints2/dict_0003_0005" 9081
"/Engine/EngineMaterials/Substrate/Glints2/dict_0003_0001" 9082
"/Engine/EngineMaterials/Substrate/Glints2/dict_0003_0000" 9083
"/Engine/EngineMaterials/Substrate/Glints2/dict_0003_0003" 9084
"../../../Engine/Content/EngineMaterials/Substrate/Glints2/dict_0002_0253.uasset" 9085
"../../../Engine/Content/EngineMaterials/Substrate/Glints2/dict_0002_0254.uasset" 9086
"../../../Engine/Content/EngineMaterials/Substrate/Glints2/dict_0002_0255.uasset" 9087
"../../../Engine/Content/EngineMaterials/Substrate/Glints2/dict_0002_0251.uasset" 9088
"../../../Engine/Content/EngineMaterials/Substrate/Glints2/dict_0002_0249.uasset" 9089
"../../../Engine/Content/EngineMaterials/Substrate/Glints2/dict_0002_0250.uasset" 9090
"../../../Engine/Content/EngineMaterials/Substrate/Glints2/dict_0002_0252.uasset" 9091
"/Engine/EngineMaterials/Substrate/Glints2/dict_0002_0249" 9092
"../../../Engine/Content/EngineMaterials/Substrate/Glints2/dict_0002_0248.uasset" 9093
"/Engine/EngineMaterials/Substrate/Glints2/dict_0002_0251" 9094
"/Engine/EngineMaterials/Substrate/Glints2/dict_0002_0252" 9095
"/Engine/EngineMaterials/Substrate/Glints2/dict_0002_0253" 9096
"/Engine/EngineMaterials/Substrate/Glints2/dict_0002_0254" 9097
"../../../Engine/Content/EngineMaterials/Substrate/Glints2/dict_0002_0247.uasset" 9098
"/Engine/EngineMaterials/Substrate/Glints2/dict_0002_0255" 9099
"/Engine/EngineMaterials/Substrate/Glints2/dict_0002_0250" 9100
"../../../Engine/Content/EngineMaterials/Substrate/Glints2/dict_0002_0246.uasset" 9101
"/Engine/EngineMaterials/Substrate/Glints2/dict_0002_0247" 9102
"../../../Engine/Content/EngineMaterials/Substrate/Glints2/dict_0002_0245.uasset" 9103
"../../../Engine/Content/EngineMaterials/Substrate/Glints2/dict_0002_0244.uasset" 9104
"../../../Engine/Content/EngineMaterials/Substrate/Glints2/dict_0002_0243.uasset" 9105
"/Engine/EngineMaterials/Substrate/Glints2/dict_0002_0248" 9106
"/Engine/EngineMaterials/Substrate/Glints2/dict_0002_0244" 9107
"/Engine/EngineMaterials/Substrate/Glints2/dict_0002_0245" 9108
"/Engine/EngineMaterials/Substrate/Glints2/dict_0002_0243" 9109
"/Engine/EngineMaterials/Substrate/Glints2/dict_0002_0246" 9110
"../../../Engine/Content/EngineMaterials/Substrate/Glints2/dict_0002_0242.uasset" 9111
"/Engine/EngineMaterials/Substrate/Glints2/dict_0002_0242" 9112
"../../../Engine/Content/EngineMaterials/Substrate/Glints2/dict_0002_0240.uasset" 9113
"../../../Engine/Content/EngineMaterials/Substrate/Glints2/dict_0002_0241.uasset" 9114
"../../../Engine/Content/EngineMaterials/Substrate/Glints2/dict_0002_0239.uasset" 9115
"../../../Engine/Content/EngineMaterials/Substrate/Glints2/dict_0002_0238.uasset" 9116
"../../../Engine/Content/EngineMaterials/Substrate/Glints2/dict_0002_0237.uasset" 9117
"../../../Engine/Content/EngineMaterials/Substrate/Glints2/dict_0002_0236.uasset" 9118
"../../../Engine/Content/EngineMaterials/Substrate/Glints2/dict_0002_0235.uasset" 9119
"../../../Engine/Content/EngineMaterials/Substrate/Glints2/dict_0003_0002.uasset" 9120
"/Engine/EngineMaterials/Substrate/Glints2/dict_0002_0235" 9121
"../../../Engine/Content/EngineMaterials/Substrate/Glints2/dict_0002_0234.uasset" 9122
"/Engine/EngineMaterials/Substrate/Glints2/dict_0002_0236" 9123
"/Engine/EngineMaterials/Substrate/Glints2/dict_0002_0237" 9124
"../../../Engine/Content/EngineMaterials/Substrate/Glints2/dict_0003_0027.uasset" 9125
"../../../Engine/Content/EngineMaterials/Substrate/Glints2/dict_0003_0030.uasset" 9126
"/Engine/EngineMaterials/Substrate/Glints2/dict_0002_0241" 9127
"../../../Engine/Content/EngineMaterials/Substrate/Glints2/dict_0002_0233.uasset" 9128
"/Engine/EngineMaterials/Substrate/Glints2/dict_0002_0238" 9129
"../../../Engine/Content/EngineMaterials/Substrate/Glints2/dict_0002_0231.uasset" 9130
"../../../Engine/Content/EngineMaterials/Substrate/Glints2/dict_0002_0230.uasset" 9131
"../../../Engine/Content/EngineMaterials/Substrate/Glints2/dict_0002_0232.uasset" 9132
"/Engine/EngineMaterials/Substrate/Glints2/dict_0002_0239" 9133
"/Engine/EngineMaterials/Substrate/Glints2/dict_0002_0240" 9134
"/Engine/EngineMaterials/Substrate/Glints2/dict_0003_0002" 9135
"/Engine/EngineMaterials/Substrate/Glints2/dict_0002_0233" 9136
"/Engine/EngineMaterials/Substrate/Glints2/dict_0002_0234" 9137
"../../../Engine/Content/EngineMaterials/Substrate/Glints2/dict_0002_0228.uasset" 9138
"/Engine/EngineMaterials/Substrate/Glints2/dict_0003_0030" 9139
"/Engine/EngineMaterials/Substrate/Glints2/dict_0002_0230" 9140
"/Engine/EngineMaterials/Substrate/Glints2/dict_0003_0027" 9141
"/Engine/EngineMaterials/Substrate/Glints2/dict_0002_0231" 9142
"/Engine/EngineMaterials/Substrate/Glints2/dict_0002_0232" 9143
"/Engine/EngineMaterials/Substrate/Glints2/dict_0002_0228" 9144
"../../../Engine/Content/EngineMaterials/Substrate/Glints2/dict_0002_0225.uasset" 9145
"../../../Engine/Content/EngineMaterials/Substrate/Glints2/dict_0002_0224.uasset" 9146
"/Engine/EngineMaterials/Substrate/Glints2/dict_0002_0224" 9147
"../../../Engine/Content/EngineMaterials/Substrate/Glints2/dict_0002_0223.uasset" 9148
"../../../Engine/Content/EngineMaterials/Substrate/Glints2/dict_0002_0226.uasset" 9149
"/Engine/EngineMaterials/Substrate/Glints2/dict_0002_0225" 9150
"/Engine/EngineMaterials/Substrate/Glints2/dict_0002_0223" 9151
"../../../Engine/Content/EngineMaterials/Substrate/Glints2/dict_0002_0221.uasset" 9152
"/Engine/EngineMaterials/Substrate/Glints2/dict_0002_0226" 9153
"/Engine/EngineMaterials/Substrate/Glints2/dict_0002_0221" 9154
"../../../Engine/Content/EngineMaterials/Substrate/Glints2/dict_0002_0219.uasset" 9155
"../../../Engine/Content/EngineMaterials/Substrate/Glints2/dict_0002_0218.uasset" 9156
"../../../Engine/Content/EngineMaterials/Substrate/Glints2/dict_0002_0220.uasset" 9157
"../../../Engine/Content/EngineMaterials/Substrate/Glints2/dict_0002_0217.uasset" 9158
"../../../Engine/Content/EngineMaterials/Substrate/Glints2/dict_0002_0216.uasset" 9159
"../../../Engine/Content/EngineMaterials/Substrate/Glints2/dict_0002_0214.uasset" 9160
"../../../Engine/Content/EngineMaterials/Substrate/Glints2/dict_0002_0215.uasset" 9161
"../../../Engine/Content/EngineMaterials/Substrate/Glints2/dict_0002_0213.uasset" 9162
"/Engine/EngineMaterials/Substrate/Glints2/dict_0002_0215" 9163
"/Engine/EngineMaterials/Substrate/Glints2/dict_0002_0216" 9164
"/Engine/EngineMaterials/Substrate/Glints2/dict_0002_0219" 9165
"/Engine/EngineMaterials/Substrate/Glints2/dict_0002_0220" 9166
"/Engine/EngineMaterials/Substrate/Glints2/dict_0002_0217" 9167
"/Engine/EngineMaterials/Substrate/Glints2/dict_0002_0214" 9168
"/Engine/EngineMaterials/Substrate/Glints2/dict_0002_0213" 9169
"/Engine/EngineMaterials/Substrate/Glints2/dict_0002_0218" 9170
"../../../Engine/Content/EngineMaterials/Substrate/Glints2/dict_0002_0212.uasset" 9171
"../../../Engine/Content/EngineMaterials/Substrate/Glints2/dict_0002_0208.uasset" 9172
"../../../Engine/Content/EngineMaterials/Substrate/Glints2/dict_0002_0210.uasset" 9173
"../../../Engine/Content/EngineMaterials/Substrate/Glints2/dict_0002_0211.uasset" 9174
"../../../Engine/Content/EngineMaterials/Substrate/Glints2/dict_0002_0207.uasset" 9175
"../../../Engine/Content/EngineMaterials/Substrate/Glints2/dict_0002_0209.uasset" 9176
"../../../Engine/Content/EngineMaterials/Substrate/Glints2/dict_0003_0028.uasset" 9177
"/Engine/EngineMaterials/Substrate/Glints2/dict_0003_0028" 9178
"../../../Engine/Content/EngineMaterials/Substrate/Glints2/dict_0002_0205.uasset" 9179
"../../../Engine/Content/EngineMaterials/Substrate/Glints2/dict_0002_0206.uasset" 9180
"/Engine/EngineMaterials/Substrate/Glints2/dict_0002_0207" 9181
"/Engine/EngineMaterials/Substrate/Glints2/dict_0002_0208" 9182
"/Engine/EngineMaterials/Substrate/Glints2/dict_0002_0209" 9183
"/Engine/EngineMaterials/Substrate/Glints2/dict_0002_0210" 9184
"/Engine/EngineMaterials/Substrate/Glints2/dict_0002_0211" 9185
"/Engine/EngineMaterials/Substrate/Glints2/dict_0002_0212" 9186
"/Engine/EngineMaterials/Substrate/Glints2/dict_0002_0206" 9187
"../../../Engine/Content/EngineMaterials/Substrate/Glints2/dict_0002_0199.uasset" 9188
"../../../Engine/Content/EngineMaterials/Substrate/Glints2/dict_0002_0203.uasset" 9189
"../../../Engine/Content/EngineMaterials/Substrate/Glints2/dict_0002_0200.uasset" 9190
"/Engine/EngineMaterials/Substrate/Glints2/dict_0002_0205" 9191
"/Engine/EngineMaterials/Substrate/Glints2/dict_0002_0199" 9192
"/Engine/EngineMaterials/Substrate/Glints2/dict_0002_0200" 9193
"/Engine/EngineMaterials/Substrate/Glints2/dict_0002_0203" 9194
"../../../Engine/Content/EngineMaterials/Substrate/Glints2/dict_0002_0202.uasset" 9195
"../../../Engine/Content/EngineMaterials/Substrate/Glints2/dict_0002_0204.uasset" 9196
"../../../Engine/Content/EngineMaterials/Substrate/Glints2/dict_0002_0198.uasset" 9197
"../../../Engine/Content/EngineMaterials/Substrate/Glints2/dict_0002_0197.uasset" 9198
"../../../Engine/Content/EngineMaterials/Substrate/Glints2/dict_0002_0196.uasset" 9199
"/Engine/EngineMaterials/Substrate/Glints2/dict_0002_0198" 9200
"/Engine/EngineMaterials/Substrate/Glints2/dict_0002_0196" 9201
"../../../Engine/Content/EngineMaterials/Substrate/Glints2/dict_0002_0191.uasset" 9202
"../../../Engine/Content/EngineMaterials/Substrate/Glints2/dict_0002_0193.uasset" 9203
"../../../Engine/Content/EngineMaterials/Substrate/Glints2/dict_0002_0194.uasset" 9204
"../../../Engine/Content/EngineMaterials/Substrate/Glints2/dict_0002_0192.uasset" 9205
"../../../Engine/Content/EngineMaterials/Substrate/Glints2/dict_0002_0195.uasset" 9206
"/Engine/EngineMaterials/Substrate/Glints2/dict_0002_0202" 9207
"/Engine/EngineMaterials/Substrate/Glints2/dict_0002_0197" 9208
"/Engine/EngineMaterials/Substrate/Glints2/dict_0002_0204" 9209
"/Engine/EngineMaterials/Substrate/Glints2/dict_0002_0193" 9210
"/Engine/EngineMaterials/Substrate/Glints2/dict_0002_0194" 9211
"/Engine/EngineMaterials/Substrate/Glints2/dict_0002_0195" 9212
"/Engine/EngineMaterials/Substrate/Glints2/dict_0002_0191" 9213
"/Engine/EngineMaterials/Substrate/Glints2/dict_0002_0192" 9214
"../../../Engine/Content/EngineMaterials/Substrate/Glints2/dict_0002_0186.uasset" 9215
"../../../Engine/Content/EngineMaterials/Substrate/Glints2/dict_0002_0187.uasset" 9216
"../../../Engine/Content/EngineMaterials/Substrate/Glints2/dict_0002_0188.uasset" 9217
"../../../Engine/Content/EngineMaterials/Substrate/Glints2/dict_0002_0189.uasset" 9218
"../../../Engine/Content/EngineMaterials/Substrate/Glints2/dict_0002_0190.uasset" 9219
"../../../Engine/Content/EngineMaterials/Substrate/Glints2/dict_0002_0183.uasset" 9220
"../../../Engine/Content/EngineMaterials/Substrate/Glints2/dict_0002_0185.uasset" 9221
"/Engine/EngineMaterials/Substrate/Glints2/dict_0002_0185" 9222
"../../../Engine/Content/EngineMaterials/Substrate/Glints2/dict_0002_0229.uasset" 9223
"../../../Engine/Content/EngineMaterials/Substrate/Glints2/dict_0002_0184.uasset" 9224
"/Engine/EngineMaterials/Substrate/Glints2/dict_0002_0186" 9225
"/Engine/EngineMaterials/Substrate/Glints2/dict_0002_0187" 9226
"/Engine/EngineMaterials/Substrate/Glints2/dict_0002_0188" 9227
"/Engine/EngineMaterials/Substrate/Glints2/dict_0002_0189" 9228
"/Engine/EngineMaterials/Substrate/Glints2/dict_0002_0183" 9229
"/Engine/EngineMaterials/Substrate/Glints2/dict_0002_0190" 9230
"/Engine/EngineMaterials/Substrate/Glints2/dict_0002_0229" 9231
"/Engine/EngineMaterials/Substrate/Glints2/dict_0002_0184" 9232
"../../../Engine/Content/EngineMaterials/Substrate/Glints2/dict_0002_0182.uasset" 9233
"../../../Engine/Content/EngineMaterials/Substrate/Glints2/dict_0002_0179.uasset" 9234
"../../../Engine/Content/EngineMaterials/Substrate/Glints2/dict_0002_0177.uasset" 9235
"../../../Engine/Content/EngineMaterials/Substrate/Glints2/dict_0002_0180.uasset" 9236
"../../../Engine/Content/EngineMaterials/Substrate/Glints2/dict_0002_0181.uasset" 9237
"../../../Engine/Content/EngineMaterials/Substrate/Glints2/dict_0002_0175.uasset" 9238
"../../../Engine/Content/EngineMaterials/Substrate/Glints2/dict_0002_0176.uasset" 9239
"../../../Engine/Content/EngineMaterials/Substrate/Glints2/dict_0002_0174.uasset" 9240
"/Engine/EngineMaterials/Substrate/Glints2/dict_0002_0174" 9241
"../../../Engine/Content/EngineMaterials/Substrate/Glints2/dict_0002_0172.uasset" 9242
"../../../Engine/Content/EngineMaterials/Substrate/Glints2/dict_0002_0173.uasset" 9243
"/Engine/EngineMaterials/Substrate/Glints2/dict_0002_0176" 9244
"/Engine/EngineMaterials/Substrate/Glints2/dict_0002_0179" 9245
"/Engine/EngineMaterials/Substrate/Glints2/dict_0002_0180" 9246
"/Engine/EngineMaterials/Substrate/Glints2/dict_0002_0181" 9247
"/Engine/EngineMaterials/Substrate/Glints2/dict_0002_0182" 9248
"/Engine/EngineMaterials/Substrate/Glints2/dict_0002_0175" 9249
"/Engine/EngineMaterials/Substrate/Glints2/dict_0002_0177" 9250
"/Engine/EngineMaterials/Substrate/Glints2/dict_0002_0173" 9251
"../../../Engine/Content/EngineMaterials/Substrate/Glints2/dict_0002_0171.uasset" 9252
"../../../Engine/Content/EngineMaterials/Substrate/Glints2/dict_0002_0167.uasset" 9253
"../../../Engine/Content/EngineMaterials/Substrate/Glints2/dict_0002_0169.uasset" 9254
"../../../Engine/Content/EngineMaterials/Substrate/Glints2/dict_0002_0170.uasset" 9255
"/Engine/EngineMaterials/Substrate/Glints2/dict_0002_0172" 9256
"/Engine/EngineMaterials/Substrate/Glints2/dict_0002_0169" 9257
"/Engine/EngineMaterials/Substrate/Glints2/dict_0002_0170" 9258
"/Engine/EngineMaterials/Substrate/Glints2/dict_0002_0171" 9259
"/Engine/EngineMaterials/Substrate/Glints2/dict_0002_0167" 9260
"../../../Engine/Content/EngineMaterials/Substrate/Glints2/dict_0002_0168.uasset" 9261
"../../../Engine/Content/EngineMaterials/Substrate/Glints2/dict_0002_0227.uasset" 9262
"../../../Engine/Content/EngineMaterials/Substrate/Glints2/dict_0002_0178.uasset" 9263
"../../../Engine/Content/EngineMaterials/Substrate/Glints2/dict_0002_0163.uasset" 9264
"../../../Engine/Content/EngineMaterials/Substrate/Glints2/dict_0002_0164.uasset" 9265
"../../../Engine/Content/EngineMaterials/Substrate/Glints2/dict_0002_0166.uasset" 9266
"../../../Engine/Content/EngineMaterials/Substrate/Glints2/dict_0002_0165.uasset" 9267
"/Engine/EngineMaterials/Substrate/Glints2/dict_0002_0178" 9268
"../../../Engine/Content/EngineMaterials/Substrate/Glints2/dict_0002_0159.uasset" 9269
"/Engine/EngineMaterials/Substrate/Glints2/dict_0002_0168" 9270
"../../../Engine/Content/EngineMaterials/Substrate/Glints2/dict_0002_0158.uasset" 9271
"/Engine/EngineMaterials/Substrate/Glints2/dict_0002_0163" 9272
"../../../Engine/Content/EngineMaterials/Substrate/Glints2/dict_0002_0161.uasset" 9273
"/Engine/EngineMaterials/Substrate/Glints2/dict_0002_0164" 9274
"../../../Engine/Content/EngineMaterials/Substrate/Glints2/dict_0002_0160.uasset" 9275
"../../../Engine/Content/EngineMaterials/Substrate/Glints2/dict_0002_0162.uasset" 9276
"/Engine/EngineMaterials/Substrate/Glints2/dict_0002_0165" 9277
"../../../Engine/Content/EngineMaterials/Substrate/Glints2/dict_0002_0157.uasset" 9278
"/Engine/EngineMaterials/Substrate/Glints2/dict_0002_0166" 9279
"/Engine/EngineMaterials/Substrate/Glints2/dict_0002_0227" 9280
"/Engine/EngineMaterials/Substrate/Glints2/dict_0002_0157" 9281
"../../../Engine/Content/EngineMaterials/Substrate/Glints2/dict_0002_0156.uasset" 9282
"/Engine/EngineMaterials/Substrate/Glints2/dict_0002_0158" 9283
"/Engine/EngineMaterials/Substrate/Glints2/dict_0002_0159" 9284
"/Engine/EngineMaterials/Substrate/Glints2/dict_0002_0160" 9285
"/Engine/EngineMaterials/Substrate/Glints2/dict_0002_0161" 9286
"/Engine/EngineMaterials/Substrate/Glints2/dict_0002_0162" 9287
"../../../Engine/Content/EngineMaterials/Substrate/Glints2/dict_0002_0155.uasset" 9288
"../../../Engine/Content/EngineMaterials/Substrate/Glints2/dict_0002_0154.uasset" 9289
"/Engine/EngineMaterials/Substrate/Glints2/dict_0002_0156" 9290
"/Engine/EngineMaterials/Substrate/Glints2/dict_0002_0154" 9291
"/Engine/EngineMaterials/Substrate/Glints2/dict_0002_0155" 9292
"../../../Engine/Content/EngineMaterials/Substrate/Glints2/dict_0002_0150.uasset" 9293
"../../../Engine/Content/EngineMaterials/Substrate/Glints2/dict_0002_0149.uasset" 9294
"../../../Engine/Content/EngineMaterials/Substrate/Glints2/dict_0002_0148.uasset" 9295
"../../../Engine/Content/EngineMaterials/Substrate/Glints2/dict_0002_0147.uasset" 9296
"../../../Engine/Content/EngineMaterials/Substrate/Glints2/dict_0002_0153.uasset" 9297
"../../../Engine/Content/EngineMaterials/Substrate/Glints2/dict_0002_0152.uasset" 9298
"../../../Engine/Content/EngineMaterials/Substrate/Glints2/dict_0002_0151.uasset" 9299
"../../../Engine/Content/EngineMaterials/Substrate/Glints2/dict_0002_0222.uasset" 9300
"/Engine/EngineMaterials/Substrate/Glints2/dict_0002_0147" 9301
"../../../Engine/Content/EngineMaterials/Substrate/Glints2/dict_0002_0144.uasset" 9302
"../../../Engine/Content/EngineMaterials/Substrate/Glints2/dict_0002_0146.uasset" 9303
"../../../Engine/Content/EngineMaterials/Substrate/Glints2/dict_0002_0145.uasset" 9304
"/Engine/EngineMaterials/Substrate/Glints2/dict_0002_0148" 9305
"/Engine/EngineMaterials/Substrate/Glints2/dict_0002_0149" 9306
"/Engine/EngineMaterials/Substrate/Glints2/dict_0002_0150" 9307
"/Engine/EngineMaterials/Substrate/Glints2/dict_0002_0151" 9308
"/Engine/EngineMaterials/Substrate/Glints2/dict_0002_0222" 9309
"../../../Engine/Content/EngineMaterials/Substrate/Glints2/dict_0002_0143.uasset" 9310
"/Engine/EngineMaterials/Substrate/Glints2/dict_0002_0152" 9311
"/Engine/EngineMaterials/Substrate/Glints2/dict_0002_0153" 9312
"/Engine/EngineMaterials/Substrate/Glints2/dict_0002_0144" 9313
"../../../Engine/Content/EngineMaterials/Substrate/Glints2/dict_0002_0140.uasset" 9314
"/Engine/EngineMaterials/Substrate/Glints2/dict_0002_0146" 9315
"/Engine/EngineMaterials/Substrate/Glints2/dict_0002_0145" 9316
"../../../Engine/Content/EngineMaterials/Substrate/Glints2/dict_0002_0138.uasset" 9317
"/Engine/EngineMaterials/Substrate/Glints2/dict_0002_0143" 9318
"../../../Engine/Content/EngineMaterials/Substrate/Glints2/dict_0002_0136.uasset" 9319
"../../../Engine/Content/EngineMaterials/Substrate/Glints2/dict_0002_0137.uasset" 9320
"/Engine/EngineMaterials/Substrate/Glints2/dict_0002_0136" 9321
"/Engine/EngineMaterials/Substrate/Glints2/dict_0002_0140" 9322
"/Engine/EngineMaterials/Substrate/Glints2/dict_0002_0137" 9323
"/Engine/EngineMaterials/Substrate/Glints2/dict_0002_0138" 9324
"../../../Engine/Content/EngineMaterials/Substrate/Glints2/dict_0002_0135.uasset" 9325
"../../../Engine/Content/EngineMaterials/Substrate/Glints2/dict_0002_0142.uasset" 9326
"../../../Engine/Content/EngineMaterials/Substrate/Glints2/dict_0002_0132.uasset" 9327
"../../../Engine/Content/EngineMaterials/Substrate/Glints2/dict_0002_0141.uasset" 9328
"../../../Engine/Content/EngineMaterials/Substrate/Glints2/dict_0002_0131.uasset" 9329
"../../../Engine/Content/EngineMaterials/Substrate/Glints2/dict_0002_0133.uasset" 9330
"/Engine/EngineMaterials/Substrate/Glints2/dict_0002_0133" 9331
"/Engine/EngineMaterials/Substrate/Glints2/dict_0002_0135" 9332
"../../../Engine/Content/EngineMaterials/Substrate/Glints2/dict_0002_0130.uasset" 9333
"/Engine/EngineMaterials/Substrate/Glints2/dict_0002_0131" 9334
"../../../Engine/Content/EngineMaterials/Substrate/Glints2/dict_0002_0127.uasset" 9335
"/Engine/EngineMaterials/Substrate/Glints2/dict_0002_0141" 9336
"/Engine/EngineMaterials/Substrate/Glints2/dict_0002_0142" 9337
"/Engine/EngineMaterials/Substrate/Glints2/dict_0002_0132" 9338
"../../../Engine/Content/EngineMaterials/Substrate/Glints2/dict_0002_0128.uasset" 9339
"/Engine/EngineMaterials/Substrate/Glints2/dict_0002_0127" 9340
"/Engine/EngineMaterials/Substrate/Glints2/dict_0002_0128" 9341
"/Engine/EngineMaterials/Substrate/Glints2/dict_0002_0130" 9342
"../../../Engine/Content/EngineMaterials/Substrate/Glints2/dict_0002_0125.uasset" 9343
"../../../Engine/Content/EngineMaterials/Substrate/Glints2/dict_0002_0129.uasset" 9344
"../../../Engine/Content/EngineMaterials/Substrate/Glints2/dict_0002_0134.uasset" 9345
"../../../Engine/Content/EngineMaterials/Substrate/Glints2/dict_0002_0124.uasset" 9346
"../../../Engine/Content/EngineMaterials/Substrate/Glints2/dict_0002_0122.uasset" 9347
"../../../Engine/Content/EngineMaterials/Substrate/Glints2/dict_0002_0123.uasset" 9348
"../../../Engine/Content/EngineMaterials/Substrate/Glints2/dict_0002_0121.uasset" 9349
"/Engine/EngineMaterials/Substrate/Glints2/dict_0002_0124" 9350
"/Engine/EngineMaterials/Substrate/Glints2/dict_0002_0134" 9351
"/Engine/EngineMaterials/Substrate/Glints2/dict_0002_0129" 9352
"../../../Engine/Content/EngineMaterials/Substrate/Glints2/dict_0002_0117.uasset" 9353
"../../../Engine/Content/EngineMaterials/Substrate/Glints2/dict_0002_0116.uasset" 9354
"/Engine/EngineMaterials/Substrate/Glints2/dict_0002_0125" 9355
"../../../Engine/Content/EngineMaterials/Substrate/Glints2/dict_0002_0118.uasset" 9356
"../../../Engine/Content/EngineMaterials/Substrate/Glints2/dict_0002_0119.uasset" 9357
"/Engine/EngineMaterials/Substrate/Glints2/dict_0002_0121" 9358
"../../../Engine/Content/EngineMaterials/Substrate/Glints2/dict_0002_0126.uasset" 9359
"/Engine/EngineMaterials/Substrate/Glints2/dict_0002_0122" 9360
"../../../Engine/Content/EngineMaterials/Substrate/Glints2/dict_0002_0120.uasset" 9361
"/Engine/EngineMaterials/Substrate/Glints2/dict_0002_0123" 9362
"/Engine/EngineMaterials/Substrate/Glints2/dict_0002_0116" 9363
"/Engine/EngineMaterials/Substrate/Glints2/dict_0002_0117" 9364
"/Engine/EngineMaterials/Substrate/Glints2/dict_0002_0118" 9365
"../../../Engine/Content/EngineMaterials/Substrate/Glints2/dict_0002_0115.uasset" 9366
"/Engine/EngineMaterials/Substrate/Glints2/dict_0002_0119" 9367
"/Engine/EngineMaterials/Substrate/Glints2/dict_0002_0120" 9368
"../../../Engine/Content/EngineMaterials/Substrate/Glints2/dict_0002_0112.uasset" 9369
"/Engine/EngineMaterials/Substrate/Glints2/dict_0002_0126" 9370
"/Engine/EngineMaterials/Substrate/Glints2/dict_0002_0112" 9371
"../../../Engine/Content/EngineMaterials/Substrate/Glints2/dict_0002_0113.uasset" 9372
"../../../Engine/Content/EngineMaterials/Substrate/Glints2/dict_0002_0114.uasset" 9373
"/Engine/EngineMaterials/Substrate/Glints2/dict_0002_0115" 9374
"/Engine/EngineMaterials/Substrate/Glints2/dict_0002_0113" 9375
"/Engine/EngineMaterials/Substrate/Glints2/dict_0002_0114" 9376
"../../../Engine/Content/EngineMaterials/Substrate/Glints2/dict_0002_0201.uasset" 9377
"../../../Engine/Content/EngineMaterials/Substrate/Glints2/dict_0002_0109.uasset" 9378
"../../../Engine/Content/EngineMaterials/Substrate/Glints2/dict_0002_0111.uasset" 9379
"../../../Engine/Content/EngineMaterials/Substrate/Glints2/dict_0002_0105.uasset" 9380
"../../../Engine/Content/EngineMaterials/Substrate/Glints2/dict_0002_0106.uasset" 9381
"../../../Engine/Content/EngineMaterials/Substrate/Glints2/dict_0002_0108.uasset" 9382
"../../../Engine/Content/EngineMaterials/Substrate/Glints2/dict_0002_0107.uasset" 9383
"/Engine/EngineMaterials/Substrate/Glints2/dict_0002_0201" 9384
"/Engine/EngineMaterials/Substrate/Glints2/dict_0002_0108" 9385
"/Engine/EngineMaterials/Substrate/Glints2/dict_0002_0109" 9386
"/Engine/EngineMaterials/Substrate/Glints2/dict_0002_0105" 9387
"/Engine/EngineMaterials/Substrate/Glints2/dict_0002_0106" 9388
"/Engine/EngineMaterials/Substrate/Glints2/dict_0002_0107" 9389
"../../../Engine/Content/EngineMaterials/Substrate/Glints2/dict_0002_0103.uasset" 9390
"../../../Engine/Content/EngineMaterials/Substrate/Glints2/dict_0002_0099.uasset" 9391
"../../../Engine/Content/EngineMaterials/Substrate/Glints2/dict_0002_0101.uasset" 9392
"../../../Engine/Content/EngineMaterials/Substrate/Glints2/dict_0002_0098.uasset" 9393
"/Engine/EngineMaterials/Substrate/Glints2/dict_0002_0111" 9394
"../../../Engine/Content/EngineMaterials/Substrate/Glints2/dict_0002_0100.uasset" 9395
"/Engine/EngineMaterials/Substrate/Glints2/dict_0002_0099" 9396
"/Engine/EngineMaterials/Substrate/Glints2/dict_0002_0100" 9397
"/Engine/EngineMaterials/Substrate/Glints2/dict_0002_0103" 9398
"../../../Engine/Content/EngineMaterials/Substrate/Glints2/dict_0002_0104.uasset" 9399
"../../../Engine/Content/EngineMaterials/Substrate/Glints2/dict_0002_0102.uasset" 9400
"/Engine/EngineMaterials/Substrate/Glints2/dict_0002_0101" 9401
"/Engine/EngineMaterials/Substrate/Glints2/dict_0002_0098" 9402
"/Engine/EngineMaterials/Substrate/Glints2/dict_0002_0102" 9403
"../../../Engine/Content/EngineMaterials/Substrate/Glints2/dict_0002_0096.uasset" 9404
"../../../Engine/Content/EngineMaterials/Substrate/Glints2/dict_0002_0095.uasset" 9405
"../../../Engine/Content/EngineMaterials/Substrate/Glints2/dict_0002_0094.uasset" 9406
"/Engine/EngineMaterials/Substrate/Glints2/dict_0002_0104" 9407
"../../../Engine/Content/EngineMaterials/Substrate/Glints2/dict_0002_0097.uasset" 9408
"../../../Engine/Content/EngineMaterials/Substrate/Glints2/dict_0002_0093.uasset" 9409
"/Engine/EngineMaterials/Substrate/Glints2/dict_0002_0094" 9410
"/Engine/EngineMaterials/Substrate/Glints2/dict_0002_0095" 9411
"/Engine/EngineMaterials/Substrate/Glints2/dict_0002_0096" 9412
"/Engine/EngineMaterials/Substrate/Glints2/dict_0002_0097" 9413
"/Engine/EngineMaterials/Substrate/Glints2/dict_0002_0093" 9414
"../../../Engine/Content/EngineMaterials/Substrate/Glints2/dict_0002_0088.uasset" 9415
"../../../Engine/Content/EngineMaterials/Substrate/Glints2/dict_0002_0089.uasset" 9416
"../../../Engine/Content/EngineMaterials/Substrate/Glints2/dict_0002_0087.uasset" 9417
"../../../Engine/Content/EngineMaterials/Substrate/Glints2/dict_0002_0092.uasset" 9418
"../../../Engine/Content/EngineMaterials/Substrate/Glints2/dict_0002_0090.uasset" 9419
"../../../Engine/Content/EngineMaterials/Substrate/Glints2/dict_0002_0086.uasset" 9420
"../../../Engine/Content/EngineMaterials/Substrate/Glints2/dict_0002_0091.uasset" 9421
"../../../Engine/Content/EngineMaterials/Substrate/Glints2/dict_0002_0080.uasset" 9422
"../../../Engine/Content/EngineMaterials/Substrate/Glints2/dict_0002_0084.uasset" 9423
"../../../Engine/Content/EngineMaterials/Substrate/Glints2/dict_0002_0081.uasset" 9424
"/Engine/EngineMaterials/Substrate/Glints2/dict_0002_0084" 9425
"/Engine/EngineMaterials/Substrate/Glints2/dict_0002_0092" 9426
"/Engine/EngineMaterials/Substrate/Glints2/dict_0002_0086" 9427
"../../../Engine/Content/EngineMaterials/Substrate/Glints2/dict_0002_0085.uasset" 9428
"/Engine/EngineMaterials/Substrate/Glints2/dict_0002_0087" 9429
"../../../Engine/Content/EngineMaterials/Substrate/Glints2/dict_0002_0079.uasset" 9430
"../../../Engine/Content/EngineMaterials/Substrate/Glints2/dict_0002_0082.uasset" 9431
"/Engine/EngineMaterials/Substrate/Glints2/dict_0002_0088" 9432
"/Engine/EngineMaterials/Substrate/Glints2/dict_0002_0089" 9433
"/Engine/EngineMaterials/Substrate/Glints2/dict_0002_0090" 9434
"/Engine/EngineMaterials/Substrate/Glints2/dict_0002_0091" 9435
"../../../Engine/Content/EngineMaterials/Substrate/Glints2/dict_0002_0083.uasset" 9436
"../../../Engine/Content/EngineMaterials/Substrate/Glints2/dict_0002_0078.uasset" 9437
"../../../Engine/Content/EngineMaterials/Substrate/Glints2/dict_0002_0076.uasset" 9438
"../../../Engine/Content/EngineMaterials/Substrate/Glints2/dict_0002_0077.uasset" 9439
"/Engine/EngineMaterials/Substrate/Glints2/dict_0002_0080" 9440
"/Engine/EngineMaterials/Substrate/Glints2/dict_0002_0081" 9441
"/Engine/EngineMaterials/Substrate/Glints2/dict_0002_0082" 9442
"/Engine/EngineMaterials/Substrate/Glints2/dict_0002_0076" 9443
"/Engine/EngineMaterials/Substrate/Glints2/dict_0002_0077" 9444
"/Engine/EngineMaterials/Substrate/Glints2/dict_0002_0078" 9445
"/Engine/EngineMaterials/Substrate/Glints2/dict_0002_0079" 9446
"/Engine/EngineMaterials/Substrate/Glints2/dict_0002_0083" 9447
"/Engine/EngineMaterials/Substrate/Glints2/dict_0002_0085" 9448
"../../../Engine/Content/EngineMaterials/Substrate/Glints2/dict_0002_0069.uasset" 9449
"../../../Engine/Content/EngineMaterials/Substrate/Glints2/dict_0002_0070.uasset" 9450
"../../../Engine/Content/EngineMaterials/Substrate/Glints2/dict_0002_0072.uasset" 9451
"../../../Engine/Content/EngineMaterials/Substrate/Glints2/dict_0002_0073.uasset" 9452
"../../../Engine/Content/EngineMaterials/Substrate/Glints2/dict_0002_0071.uasset" 9453
"../../../Engine/Content/EngineMaterials/Substrate/Glints2/dict_0002_0074.uasset" 9454
"../../../Engine/Content/EngineMaterials/Substrate/Glints2/dict_0002_0075.uasset" 9455
"../../../Engine/Content/EngineMaterials/Substrate/Glints2/dict_0002_0066.uasset" 9456
"../../../Engine/Content/EngineMaterials/Substrate/Glints2/dict_0002_0067.uasset" 9457
"../../../Engine/Content/EngineMaterials/Substrate/Glints2/dict_0002_0068.uasset" 9458
"/Engine/EngineMaterials/Substrate/Glints2/dict_0002_0070" 9459
"/Engine/EngineMaterials/Substrate/Glints2/dict_0002_0068" 9460
"/Engine/EngineMaterials/Substrate/Glints2/dict_0002_0071" 9461
"/Engine/EngineMaterials/Substrate/Glints2/dict_0002_0072" 9462
"/Engine/EngineMaterials/Substrate/Glints2/dict_0002_0073" 9463
"/Engine/EngineMaterials/Substrate/Glints2/dict_0002_0075" 9464
"../../../Engine/Content/EngineMaterials/Substrate/Glints2/dict_0002_0065.uasset" 9465
"/Engine/EngineMaterials/Substrate/Glints2/dict_0002_0066" 9466
"/Engine/EngineMaterials/Substrate/Glints2/dict_0002_0069" 9467
"/Engine/EngineMaterials/Substrate/Glints2/dict_0002_0067" 9468
"/Engine/EngineMaterials/Substrate/Glints2/dict_0002_0074" 9469
"../../../Engine/Content/EngineMaterials/Substrate/Glints2/dict_0002_0062.uasset" 9470
"../../../Engine/Content/EngineMaterials/Substrate/Glints2/dict_0002_0060.uasset" 9471
"../../../Engine/Content/EngineMaterials/Substrate/Glints2/dict_0002_0059.uasset" 9472
"../../../Engine/Content/EngineMaterials/Substrate/Glints2/dict_0002_0061.uasset" 9473
"../../../Engine/Content/EngineMaterials/Substrate/Glints2/dict_0002_0064.uasset" 9474
"../../../Engine/Content/EngineMaterials/Substrate/Glints2/dict_0002_0063.uasset" 9475
"../../../Engine/Content/EngineMaterials/Substrate/Glints2/dict_0002_0055.uasset" 9476
"../../../Engine/Content/EngineMaterials/Substrate/Glints2/dict_0002_0058.uasset" 9477
"../../../Engine/Content/EngineMaterials/Substrate/Glints2/dict_0002_0057.uasset" 9478
"../../../Engine/Content/EngineMaterials/Substrate/Glints2/dict_0002_0056.uasset" 9479
"../../../Engine/Content/EngineMaterials/Substrate/Glints2/dict_0002_0053.uasset" 9480
"/Engine/EngineMaterials/Substrate/Glints2/dict_0002_0053" 9481
"../../../Engine/Content/EngineMaterials/Substrate/Glints2/dict_0002_0054.uasset" 9482
"/Engine/EngineMaterials/Substrate/Glints2/dict_0002_0063" 9483
"/Engine/EngineMaterials/Substrate/Glints2/dict_0002_0064" 9484
"/Engine/EngineMaterials/Substrate/Glints2/dict_0002_0055" 9485
"/Engine/EngineMaterials/Substrate/Glints2/dict_0002_0056" 9486
"/Engine/EngineMaterials/Substrate/Glints2/dict_0002_0057" 9487
"/Engine/EngineMaterials/Substrate/Glints2/dict_0002_0059" 9488
"/Engine/EngineMaterials/Substrate/Glints2/dict_0002_0065" 9489
"../../../Engine/Content/EngineMaterials/Substrate/Glints2/dict_0002_0051.uasset" 9490
"/Engine/EngineMaterials/Substrate/Glints2/dict_0002_0060" 9491
"../../../Engine/Content/EngineMaterials/Substrate/Glints2/dict_0002_0048.uasset" 9492
"/Engine/EngineMaterials/Substrate/Glints2/dict_0002_0061" 9493
"../../../Engine/Content/EngineMaterials/Substrate/Glints2/dict_0002_0049.uasset" 9494
"../../../Engine/Content/EngineMaterials/Substrate/Glints2/dict_0002_0050.uasset" 9495
"/Engine/EngineMaterials/Substrate/Glints2/dict_0002_0062" 9496
"/Engine/EngineMaterials/Substrate/Glints2/dict_0002_0054" 9497
"/Engine/EngineMaterials/Substrate/Glints2/dict_0002_0058" 9498
"../../../Engine/Content/EngineMaterials/Substrate/Glints2/dict_0002_0052.uasset" 9499
"/Engine/EngineMaterials/Substrate/Glints2/dict_0002_0048" 9500
"/Engine/EngineMaterials/Substrate/Glints2/dict_0002_0049" 9501
"/Engine/EngineMaterials/Substrate/Glints2/dict_0002_0050" 9502
"/Engine/EngineMaterials/Substrate/Glints2/dict_0002_0051" 9503
"/Engine/EngineMaterials/Substrate/Glints2/dict_0002_0052" 9504
"../../../Engine/Content/EngineMaterials/Substrate/Glints2/dict_0002_0046.uasset" 9505
"../../../Engine/Content/EngineMaterials/Substrate/Glints2/dict_0002_0044.uasset" 9506
"../../../Engine/Content/EngineMaterials/Substrate/Glints2/dict_0002_0045.uasset" 9507
"../../../Engine/Content/EngineMaterials/Substrate/Glints2/dict_0002_0043.uasset" 9508
"../../../Engine/Content/EngineMaterials/Substrate/Glints2/dict_0002_0042.uasset" 9509
"../../../Engine/Content/EngineMaterials/Substrate/Glints2/dict_0002_0047.uasset" 9510
"../../../Engine/Content/EngineMaterials/Substrate/Glints2/dict_0002_0039.uasset" 9511
"../../../Engine/Content/EngineMaterials/Substrate/Glints2/dict_0002_0040.uasset" 9512
"../../../Engine/Content/EngineMaterials/Substrate/Glints2/dict_0002_0037.uasset" 9513
"/Engine/EngineMaterials/Substrate/Glints2/dict_0002_0046" 9514
"../../../Engine/Content/EngineMaterials/Substrate/Glints2/dict_0002_0038.uasset" 9515
"/Engine/EngineMaterials/Substrate/Glints2/dict_0002_0042" 9516
"/Engine/EngineMaterials/Substrate/Glints2/dict_0002_0043" 9517
"/Engine/EngineMaterials/Substrate/Glints2/dict_0002_0047" 9518
"/Engine/EngineMaterials/Substrate/Glints2/dict_0002_0044" 9519
"/Engine/EngineMaterials/Substrate/Glints2/dict_0002_0045" 9520
"/Engine/EngineMaterials/Substrate/Glints2/dict_0002_0037" 9521
"/Engine/EngineMaterials/Substrate/Glints2/dict_0002_0038" 9522
"/Engine/EngineMaterials/Substrate/Glints2/dict_0002_0039" 9523
"/Engine/EngineMaterials/Substrate/Glints2/dict_0002_0040" 9524
"../../../Engine/Content/EngineMaterials/Substrate/Glints2/dict_0002_0035.uasset" 9525
"../../../Engine/Content/EngineMaterials/Substrate/Glints2/dict_0002_0041.uasset" 9526
"../../../Engine/Content/EngineMaterials/Substrate/Glints2/dict_0002_0032.uasset" 9527
"../../../Engine/Content/EngineMaterials/Substrate/Glints2/dict_0002_0033.uasset" 9528
"../../../Engine/Content/EngineMaterials/Substrate/Glints2/dict_0002_0034.uasset" 9529
"../../../Engine/Content/EngineMaterials/Substrate/Glints2/dict_0002_0036.uasset" 9530
"../../../Engine/Content/EngineMaterials/Substrate/Glints2/dict_0002_0031.uasset" 9531
"/Engine/EngineMaterials/Substrate/Glints2/dict_0002_0036" 9532
"../../../Engine/Content/EngineMaterials/Substrate/Glints2/dict_0002_0026.uasset" 9533
"../../../Engine/Content/EngineMaterials/Substrate/Glints2/dict_0002_0027.uasset" 9534
"../../../Engine/Content/EngineMaterials/Substrate/Glints2/dict_0002_0029.uasset" 9535
"/Engine/EngineMaterials/Substrate/Glints2/dict_0002_0041" 9536
"../../../Engine/Content/EngineMaterials/Substrate/Glints2/dict_0002_0028.uasset" 9537
"/Engine/EngineMaterials/Substrate/Glints2/dict_0002_0031" 9538
"/Engine/EngineMaterials/Substrate/Glints2/dict_0002_0032" 9539
"/Engine/EngineMaterials/Substrate/Glints2/dict_0002_0033" 9540
"../../../Engine/Content/EngineMaterials/Substrate/Glints2/dict_0002_0024.uasset" 9541
"/Engine/EngineMaterials/Substrate/Glints2/dict_0002_0034" 9542
"../../../Engine/Content/EngineMaterials/Substrate/Glints2/dict_0002_0030.uasset" 9543
"/Engine/EngineMaterials/Substrate/Glints2/dict_0002_0035" 9544
"/Engine/EngineMaterials/Substrate/Glints2/dict_0002_0026" 9545
"/Engine/EngineMaterials/Substrate/Glints2/dict_0002_0027" 9546
"/Engine/EngineMaterials/Substrate/Glints2/dict_0002_0028" 9547
"../../../Engine/Content/EngineMaterials/Substrate/Glints2/dict_0002_0020.uasset" 9548
"../../../Engine/Content/EngineMaterials/Substrate/Glints2/dict_0002_0022.uasset" 9549
"/Engine/EngineMaterials/Substrate/Glints2/dict_0002_0029" 9550
"../../../Engine/Content/EngineMaterials/Substrate/Glints2/dict_0002_0025.uasset" 9551
"../../../Engine/Content/EngineMaterials/Substrate/Glints2/dict_0002_0023.uasset" 9552
"/Engine/EngineMaterials/Substrate/Glints2/dict_0002_0030" 9553
"/Engine/EngineMaterials/Substrate/Glints2/dict_0002_0024" 9554
"/Engine/EngineMaterials/Substrate/Glints2/dict_0002_0025" 9555
"../../../Engine/Content/EngineMaterials/Substrate/Glints2/dict_0002_0019.uasset" 9556
"/Engine/EngineMaterials/Substrate/Glints2/dict_0002_0020" 9557
"/Engine/EngineMaterials/Substrate/Glints2/dict_0002_0022" 9558
"/Engine/EngineMaterials/Substrate/Glints2/dict_0002_0023" 9559
"/Engine/EngineMaterials/Substrate/Glints2/dict_0002_0019" 9560
"../../../Engine/Content/EngineMaterials/Substrate/Glints2/dict_0002_0021.uasset" 9561
"/Engine/EngineMaterials/Substrate/Glints2/dict_0002_0021" 9562
"../../../Engine/Content/EngineMaterials/Substrate/Glints2/dict_0002_0016.uasset" 9563
"../../../Engine/Content/EngineMaterials/Substrate/Glints2/dict_0002_0018.uasset" 9564
"../../../Engine/Content/EngineMaterials/Substrate/Glints2/dict_0002_0017.uasset" 9565
"../../../Engine/Content/EngineMaterials/Substrate/Glints2/dict_0002_0015.uasset" 9566
"../../../Engine/Content/EngineMaterials/Substrate/Glints2/dict_0002_0013.uasset" 9567
"../../../Engine/Content/EngineMaterials/Substrate/Glints2/dict_0002_0012.uasset" 9568
"/Engine/EngineMaterials/Substrate/Glints2/dict_0002_0013" 9569
"../../../Engine/Content/EngineMaterials/Substrate/Glints2/dict_0002_0014.uasset" 9570
"../../../Engine/Content/EngineMaterials/Substrate/Glints2/dict_0002_0010.uasset" 9571
"../../../Engine/Content/EngineMaterials/Substrate/Glints2/dict_0002_0009.uasset" 9572
"/Engine/EngineMaterials/Substrate/Glints2/dict_0002_0015" 9573
"../../../Engine/Content/EngineMaterials/Substrate/Glints2/dict_0002_0011.uasset" 9574
"../../../Engine/Content/EngineMaterials/Substrate/Glints2/dict_0002_0008.uasset" 9575
"/Engine/EngineMaterials/Substrate/Glints2/dict_0002_0016" 9576
"/Engine/EngineMaterials/Substrate/Glints2/dict_0002_0018" 9577
"../../../Engine/Content/EngineMaterials/Substrate/Glints2/dict_0002_0007.uasset" 9578
"/Engine/EngineMaterials/Substrate/Glints2/dict_0002_0017" 9579
"/Engine/EngineMaterials/Substrate/Glints2/dict_0002_0008" 9580
"/Engine/EngineMaterials/Substrate/Glints2/dict_0002_0012" 9581
"/Engine/EngineMaterials/Substrate/Glints2/dict_0002_0009" 9582
"../../../Engine/Content/EngineMaterials/Substrate/Glints2/dict_0002_0005.uasset" 9583
"/Engine/EngineMaterials/Substrate/Glints2/dict_0002_0010" 9584
"/Engine/EngineMaterials/Substrate/Glints2/dict_0002_0011" 9585
"../../../Engine/Content/EngineMaterials/Substrate/Glints2/dict_0002_0003.uasset" 9586
"/Engine/EngineMaterials/Substrate/Glints2/dict_0002_0014" 9587
"/Engine/EngineMaterials/Substrate/Glints2/dict_0002_0007" 9588
"/Engine/EngineMaterials/Substrate/Glints2/dict_0002_0003" 9589
"/Engine/EngineMaterials/Substrate/Glints2/dict_0002_0005" 9590
"../../../Engine/Content/EngineMaterials/Substrate/Glints2/dict_0002_0001.uasset" 9591
"/Engine/EngineMaterials/Substrate/Glints2/dict_0002_0001" 9592
"../../../Engine/Content/EngineMaterials/Substrate/Glints2/dict_0002_0004.uasset" 9593
"../../../Engine/Content/EngineMaterials/Substrate/Glints2/dict_0002_0006.uasset" 9594
"../../../Engine/Content/EngineMaterials/Substrate/Glints2/dict_0002_0000.uasset" 9595
"../../../Engine/Content/EngineMaterials/Substrate/Glints2/dict_0001_0255.uasset" 9596
"../../../Engine/Content/EngineMaterials/Substrate/Glints2/dict_0001_0254.uasset" 9597
"../../../Engine/Content/EngineMaterials/Substrate/Glints2/dict_0001_0253.uasset" 9598
"../../../Engine/Content/EngineMaterials/Substrate/Glints2/dict_0002_0002.uasset" 9599
"/Engine/EngineMaterials/Substrate/Glints2/dict_0001_0253" 9600
"/Engine/EngineMaterials/Substrate/Glints2/dict_0001_0254" 9601
"/Engine/EngineMaterials/Substrate/Glints2/dict_0001_0255" 9602
"../../../Engine/Content/EngineMaterials/Substrate/Glints2/dict_0001_0249.uasset" 9603
"../../../Engine/Content/EngineMaterials/Substrate/Glints2/dict_0001_0248.uasset" 9604
"/Engine/EngineMaterials/Substrate/Glints2/dict_0002_0002" 9605
"../../../Engine/Content/EngineMaterials/Substrate/Glints2/dict_0001_0250.uasset" 9606
"/Engine/EngineMaterials/Substrate/Glints2/dict_0002_0004" 9607
"/Engine/EngineMaterials/Substrate/Glints2/dict_0002_0006" 9608
"../../../Engine/Content/EngineMaterials/Substrate/Glints2/dict_0001_0246.uasset" 9609
"/Engine/EngineMaterials/Substrate/Glints2/dict_0002_0000" 9610
"../../../Engine/Content/EngineMaterials/Substrate/Glints2/dict_0001_0251.uasset" 9611
"../../../Engine/Content/EngineMaterials/Substrate/Glints2/dict_0001_0252.uasset" 9612
"/Engine/EngineMaterials/Substrate/Glints2/dict_0001_0246" 9613
"/Engine/EngineMaterials/Substrate/Glints2/dict_0001_0251" 9614
"/Engine/EngineMaterials/Substrate/Glints2/dict_0001_0252" 9615
"../../../Engine/Content/EngineMaterials/Substrate/Glints2/dict_0001_0244.uasset" 9616
"/Engine/EngineMaterials/Substrate/Glints2/dict_0001_0248" 9617
"/Engine/EngineMaterials/Substrate/Glints2/dict_0001_0249" 9618
"../../../Engine/Content/EngineMaterials/Substrate/Glints2/dict_0001_0245.uasset" 9619
"../../../Engine/Content/EngineMaterials/Substrate/Glints2/dict_0001_0247.uasset" 9620
"/Engine/EngineMaterials/Substrate/Glints2/dict_0001_0250" 9621
"/Engine/EngineMaterials/Substrate/Glints2/dict_0001_0247" 9622
"/Engine/EngineMaterials/Substrate/Glints2/dict_0001_0245" 9623
"/Engine/EngineMaterials/Substrate/Glints2/dict_0001_0244" 9624
"../../../Engine/Content/EngineMaterials/Substrate/Glints2/dict_0001_0243.uasset" 9625
"../../../Engine/Content/EngineMaterials/Substrate/Glints2/dict_0002_0139.uasset" 9626
"../../../Engine/Content/EngineMaterials/Substrate/Glints2/dict_0001_0242.uasset" 9627
"../../../Engine/Content/EngineMaterials/Substrate/Glints2/dict_0001_0238.uasset" 9628
"../../../Engine/Content/EngineMaterials/Substrate/Glints2/dict_0001_0239.uasset" 9629
"../../../Engine/Content/EngineMaterials/Substrate/Glints2/dict_0001_0237.uasset" 9630
"../../../Engine/Content/EngineMaterials/Substrate/Glints2/dict_0001_0236.uasset" 9631
"../../../Engine/Content/EngineMaterials/Substrate/Glints2/dict_0001_0235.uasset" 9632
"/Engine/EngineMaterials/Substrate/Glints2/dict_0001_0235" 9633
"../../../Engine/Content/EngineMaterials/Substrate/Glints2/dict_0001_0240.uasset" 9634
"/Engine/EngineMaterials/Substrate/Glints2/dict_0001_0236" 9635
"../../../Engine/Content/EngineMaterials/Substrate/Glints2/dict_0001_0241.uasset" 9636
"/Engine/EngineMaterials/Substrate/Glints2/dict_0001_0237" 9637
"/Engine/EngineMaterials/Substrate/Glints2/dict_0001_0238" 9638
"../../../Engine/Content/EngineMaterials/Substrate/Glints2/dict_0001_0233.uasset" 9639
"../../../Engine/Content/EngineMaterials/Substrate/Glints2/dict_0001_0234.uasset" 9640
"../../../Engine/Content/EngineMaterials/Substrate/Glints2/dict_0001_0231.uasset" 9641
"../../../Engine/Content/EngineMaterials/Substrate/Glints2/dict_0001_0232.uasset" 9642
"/Engine/EngineMaterials/Substrate/Glints2/dict_0001_0239" 9643
"/Engine/EngineMaterials/Substrate/Glints2/dict_0001_0242" 9644
"/Engine/EngineMaterials/Substrate/Glints2/dict_0001_0243" 9645
"/Engine/EngineMaterials/Substrate/Glints2/dict_0002_0139" 9646
"../../../Engine/Content/EngineMaterials/Substrate/Glints2/dict_0001_0230.uasset" 9647
"/Engine/EngineMaterials/Substrate/Glints2/dict_0001_0233" 9648
"/Engine/EngineMaterials/Substrate/Glints2/dict_0001_0234" 9649
"/Engine/EngineMaterials/Substrate/Glints2/dict_0001_0231" 9650
"/Engine/EngineMaterials/Substrate/Glints2/dict_0001_0240" 9651
"../../../Engine/Content/EngineMaterials/Substrate/Glints2/dict_0001_0226.uasset" 9652
"/Engine/EngineMaterials/Substrate/Glints2/dict_0001_0232" 9653
"/Engine/EngineMaterials/Substrate/Glints2/dict_0001_0241" 9654
"/Engine/EngineMaterials/Substrate/Glints2/dict_0001_0230" 9655
"../../../Engine/Content/EngineMaterials/Substrate/Glints2/dict_0001_0229.uasset" 9656
"/Engine/EngineMaterials/Substrate/Glints2/dict_0001_0226" 9657
"../../../Engine/Content/EngineMaterials/Substrate/Glints2/dict_0001_0224.uasset" 9658
"../../../Engine/Content/EngineMaterials/Substrate/Glints2/dict_0001_0223.uasset" 9659
"../../../Engine/Content/EngineMaterials/Substrate/Glints2/dict_0001_0228.uasset" 9660
"../../../Engine/Content/EngineMaterials/Substrate/Glints2/dict_0001_0227.uasset" 9661
"../../../Engine/Content/EngineMaterials/Substrate/Glints2/dict_0001_0222.uasset" 9662
"../../../Engine/Content/EngineMaterials/Substrate/Glints2/dict_0001_0221.uasset" 9663
"../../../Engine/Content/EngineMaterials/Substrate/Glints2/dict_0001_0219.uasset" 9664
"../../../Engine/Content/EngineMaterials/Substrate/Glints2/dict_0001_0218.uasset" 9665
"../../../Engine/Content/EngineMaterials/Substrate/Glints2/dict_0001_0220.uasset" 9666
"/Engine/EngineMaterials/Substrate/Glints2/dict_0001_0219" 9667
"/Engine/EngineMaterials/Substrate/Glints2/dict_0001_0223" 9668
"/Engine/EngineMaterials/Substrate/Glints2/dict_0001_0224" 9669
"/Engine/EngineMaterials/Substrate/Glints2/dict_0001_0227" 9670
"/Engine/EngineMaterials/Substrate/Glints2/dict_0001_0221" 9671
"../../../Engine/Content/EngineMaterials/Substrate/Glints2/dict_0001_0214.uasset" 9672
"../../../Engine/Content/EngineMaterials/Substrate/Glints2/dict_0001_0215.uasset" 9673
"/Engine/EngineMaterials/Substrate/Glints2/dict_0001_0222" 9674
"/Engine/EngineMaterials/Substrate/Glints2/dict_0001_0228" 9675
"/Engine/EngineMaterials/Substrate/Glints2/dict_0001_0229" 9676
"/Engine/EngineMaterials/Substrate/Glints2/dict_0001_0214" 9677
"../../../Engine/Content/EngineMaterials/Substrate/Glints2/dict_0001_0212.uasset" 9678
"/Engine/EngineMaterials/Substrate/Glints2/dict_0001_0218" 9679
"../../../Engine/Content/EngineMaterials/Substrate/Glints2/dict_0001_0213.uasset" 9680
"/Engine/EngineMaterials/Substrate/Glints2/dict_0001_0220" 9681
"../../../Engine/Content/EngineMaterials/Substrate/Glints2/dict_0001_0225.uasset" 9682
"/Engine/EngineMaterials/Substrate/Glints2/dict_0001_0215" 9683
"/Engine/EngineMaterials/Substrate/Glints2/dict_0001_0212" 9684
"/Engine/EngineMaterials/Substrate/Glints2/dict_0001_0213" 9685
"/Engine/EngineMaterials/Substrate/Glints2/dict_0001_0225" 9686
"../../../Engine/Content/EngineMaterials/Substrate/Glints2/dict_0001_0211.uasset" 9687
"../../../Engine/Content/EngineMaterials/Substrate/Glints2/dict_0001_0216.uasset" 9688
"../../../Engine/Content/EngineMaterials/Substrate/Glints2/dict_0001_0217.uasset" 9689
"../../../Engine/Content/EngineMaterials/Substrate/Glints2/dict_0001_0210.uasset" 9690
"../../../Engine/Content/EngineMaterials/Substrate/Glints2/dict_0001_0209.uasset" 9691
"../../../Engine/Content/EngineMaterials/Substrate/Glints2/dict_0001_0208.uasset" 9692
"../../../Engine/Content/EngineMaterials/Substrate/Glints2/dict_0001_0207.uasset" 9693
"../../../Engine/Content/EngineMaterials/Substrate/Glints2/dict_0001_0206.uasset" 9694
"/Engine/EngineMaterials/Substrate/Glints2/dict_0001_0217" 9695
"../../../Engine/Content/EngineMaterials/Substrate/Glints2/dict_0001_0204.uasset" 9696
"/Engine/EngineMaterials/Substrate/Glints2/dict_0001_0207" 9697
"/Engine/EngineMaterials/Substrate/Glints2/dict_0001_0208" 9698
"/Engine/EngineMaterials/Substrate/Glints2/dict_0001_0209" 9699
"/Engine/EngineMaterials/Substrate/Glints2/dict_0001_0210" 9700
"../../../Engine/Content/EngineMaterials/Substrate/Glints2/dict_0001_0202.uasset" 9701
"/Engine/EngineMaterials/Substrate/Glints2/dict_0001_0211" 9702
"/Engine/EngineMaterials/Substrate/Glints2/dict_0001_0216" 9703
"../../../Engine/Content/EngineMaterials/Substrate/Glints2/dict_0001_0201.uasset" 9704
"/Engine/EngineMaterials/Substrate/Glints2/dict_0001_0206" 9705
"../../../Engine/Content/EngineMaterials/Substrate/Glints2/dict_0001_0200.uasset" 9706
"../../../Engine/Content/EngineMaterials/Substrate/Glints2/dict_0001_0203.uasset" 9707
"/Engine/EngineMaterials/Substrate/Glints2/dict_0001_0202" 9708
"/Engine/EngineMaterials/Substrate/Glints2/dict_0001_0204" 9709
"/Engine/EngineMaterials/Substrate/Glints2/dict_0001_0200" 9710
"../../../Engine/Content/EngineMaterials/Substrate/Glints2/dict_0001_0198.uasset" 9711
"/Engine/EngineMaterials/Substrate/Glints2/dict_0001_0201" 9712
"/Engine/EngineMaterials/Substrate/Glints2/dict_0001_0203" 9713
"/Engine/EngineMaterials/Substrate/Glints2/dict_0001_0198" 9714
"../../../Engine/Content/EngineMaterials/Substrate/Glints2/dict_0001_0196.uasset" 9715
"../../../Engine/Content/EngineMaterials/Substrate/Glints2/dict_0001_0197.uasset" 9716
"../../../Engine/Content/EngineMaterials/Substrate/Glints2/dict_0001_0193.uasset" 9717
"../../../Engine/Content/EngineMaterials/Substrate/Glints2/dict_0001_0199.uasset" 9718
"../../../Engine/Content/EngineMaterials/Substrate/Glints2/dict_0001_0195.uasset" 9719
"../../../Engine/Content/EngineMaterials/Substrate/Glints2/dict_0001_0194.uasset" 9720
"../../../Engine/Content/EngineMaterials/Substrate/Glints2/dict_0001_0192.uasset" 9721
"../../../Engine/Content/EngineMaterials/Substrate/Glints2/dict_0001_0191.uasset" 9722
"/Engine/EngineMaterials/Substrate/Glints2/dict_0001_0191" 9723
"../../../Engine/Content/EngineMaterials/Substrate/Glints2/dict_0001_0188.uasset" 9724
"/Engine/EngineMaterials/Substrate/Glints2/dict_0001_0192" 9725
"/Engine/EngineMaterials/Substrate/Glints2/dict_0001_0199" 9726
"/Engine/EngineMaterials/Substrate/Glints2/dict_0001_0193" 9727
"/Engine/EngineMaterials/Substrate/Glints2/dict_0001_0194" 9728
"../../../Engine/Content/EngineMaterials/Substrate/Glints2/dict_0001_0190.uasset" 9729
"/Engine/EngineMaterials/Substrate/Glints2/dict_0001_0195" 9730
"/Engine/EngineMaterials/Substrate/Glints2/dict_0001_0196" 9731
"/Engine/EngineMaterials/Substrate/Glints2/dict_0001_0197" 9732
"../../../Engine/Content/EngineMaterials/Substrate/Glints2/dict_0001_0185.uasset" 9733
"../../../Engine/Content/EngineMaterials/Substrate/Glints2/dict_0001_0189.uasset" 9734
"../../../Engine/Content/EngineMaterials/Substrate/Glints2/dict_0001_0184.uasset" 9735
"../../../Engine/Content/EngineMaterials/Substrate/Glints2/dict_0001_0186.uasset" 9736
"../../../Engine/Content/EngineMaterials/Substrate/Glints2/dict_0001_0187.uasset" 9737
"/Engine/EngineMaterials/Substrate/Glints2/dict_0001_0186" 9738
"/Engine/EngineMaterials/Substrate/Glints2/dict_0001_0190" 9739
"/Engine/EngineMaterials/Substrate/Glints2/dict_0001_0188" 9740
"/Engine/EngineMaterials/Substrate/Glints2/dict_0001_0189" 9741
"/Engine/EngineMaterials/Substrate/Glints2/dict_0001_0184" 9742
"/Engine/EngineMaterials/Substrate/Glints2/dict_0001_0185" 9743
"/Engine/EngineMaterials/Substrate/Glints2/dict_0001_0187" 9744
"../../../Engine/Content/EngineMaterials/Substrate/Glints2/dict_0001_0183.uasset" 9745
"../../../Engine/Content/EngineMaterials/Substrate/Glints2/dict_0001_0182.uasset" 9746
"../../../Engine/Content/EngineMaterials/Substrate/Glints2/dict_0001_0179.uasset" 9747
"../../../Engine/Content/EngineMaterials/Substrate/Glints2/dict_0001_0180.uasset" 9748
"../../../Engine/Content/EngineMaterials/Substrate/Glints2/dict_0001_0177.uasset" 9749
"../../../Engine/Content/EngineMaterials/Substrate/Glints2/dict_0001_0181.uasset" 9750
"../../../Engine/Content/EngineMaterials/Substrate/Glints2/dict_0001_0176.uasset" 9751
"../../../Engine/Content/EngineMaterials/Substrate/Glints2/dict_0001_0174.uasset" 9752
"/Engine/EngineMaterials/Substrate/Glints2/dict_0001_0176" 9753
"../../../Engine/Content/EngineMaterials/Substrate/Glints2/dict_0001_0178.uasset" 9754
"../../../Engine/Content/EngineMaterials/Substrate/Glints2/dict_0001_0172.uasset" 9755
"../../../Engine/Content/EngineMaterials/Substrate/Glints2/dict_0001_0175.uasset" 9756
"/Engine/EngineMaterials/Substrate/Glints2/dict_0001_0183" 9757
"../../../Engine/Content/EngineMaterials/Substrate/Glints2/dict_0001_0173.uasset" 9758
"/Engine/EngineMaterials/Substrate/Glints2/dict_0001_0177" 9759
"/Engine/EngineMaterials/Substrate/Glints2/dict_0001_0174" 9760
"/Engine/EngineMaterials/Substrate/Glints2/dict_0001_0179" 9761
"/Engine/EngineMaterials/Substrate/Glints2/dict_0001_0180" 9762
"../../../Engine/Content/EngineMaterials/Substrate/Glints2/dict_0001_0167.uasset" 9763
"/Engine/EngineMaterials/Substrate/Glints2/dict_0001_0181" 9764
"../../../Engine/Content/EngineMaterials/Substrate/Glints2/dict_0001_0170.uasset" 9765
"/Engine/EngineMaterials/Substrate/Glints2/dict_0001_0182" 9766
"/Engine/EngineMaterials/Substrate/Glints2/dict_0001_0170" 9767
"../../../Engine/Content/EngineMaterials/Substrate/Glints2/dict_0001_0171.uasset" 9768
"/Engine/EngineMaterials/Substrate/Glints2/dict_0001_0173" 9769
"/Engine/EngineMaterials/Substrate/Glints2/dict_0001_0178" 9770
"/Engine/EngineMaterials/Substrate/Glints2/dict_0001_0172" 9771
"../../../Engine/Content/EngineMaterials/Substrate/Glints2/dict_0001_0169.uasset" 9772
"../../../Engine/Content/EngineMaterials/Substrate/Glints2/dict_0001_0165.uasset" 9773
"/Engine/EngineMaterials/Substrate/Glints2/dict_0001_0175" 9774
"/Engine/EngineMaterials/Substrate/Glints2/dict_0001_0167" 9775
"/Engine/EngineMaterials/Substrate/Glints2/dict_0001_0169" 9776
"../../../Engine/Content/EngineMaterials/Substrate/Glints2/dict_0001_0168.uasset" 9777
"../../../Engine/Content/EngineMaterials/Substrate/Glints2/dict_0001_0166.uasset" 9778
"/Engine/EngineMaterials/Substrate/Glints2/dict_0001_0171" 9779
"../../../Engine/Content/EngineMaterials/Substrate/Glints2/dict_0001_0163.uasset" 9780
"/Engine/EngineMaterials/Substrate/Glints2/dict_0001_0165" 9781
"/Engine/EngineMaterials/Substrate/Glints2/dict_0001_0163" 9782
"../../../Engine/Content/EngineMaterials/Substrate/Glints2/dict_0001_0164.uasset" 9783
"/Engine/EngineMaterials/Substrate/Glints2/dict_0001_0166" 9784
"/Engine/EngineMaterials/Substrate/Glints2/dict_0001_0168" 9785
"/Engine/EngineMaterials/Substrate/Glints2/dict_0001_0164" 9786
"../../../Engine/Content/EngineMaterials/Substrate/Glints2/dict_0001_0162.uasset" 9787
"../../../Engine/Content/EngineMaterials/Substrate/Glints2/dict_0001_0161.uasset" 9788
"../../../Engine/Content/EngineMaterials/Substrate/Glints2/dict_0001_0158.uasset" 9789
"../../../Engine/Content/EngineMaterials/Substrate/Glints2/dict_0001_0157.uasset" 9790
"../../../Engine/Content/EngineMaterials/Substrate/Glints2/dict_0001_0160.uasset" 9791
"../../../Engine/Content/EngineMaterials/Substrate/Glints2/dict_0001_0156.uasset" 9792
"../../../Engine/Content/EngineMaterials/Substrate/Glints2/dict_0001_0159.uasset" 9793
"../../../Engine/Content/EngineMaterials/Substrate/Glints2/dict_0001_0155.uasset" 9794
"../../../Engine/Content/EngineMaterials/Substrate/Glints2/dict_0001_0154.uasset" 9795
"/Engine/EngineMaterials/Substrate/Glints2/dict_0001_0155" 9796
"/Engine/EngineMaterials/Substrate/Glints2/dict_0001_0156" 9797
"../../../Engine/Content/EngineMaterials/Substrate/Glints2/dict_0001_0152.uasset" 9798
"../../../Engine/Content/EngineMaterials/Substrate/Glints2/dict_0001_0153.uasset" 9799
"/Engine/EngineMaterials/Substrate/Glints2/dict_0001_0161" 9800
"/Engine/EngineMaterials/Substrate/Glints2/dict_0001_0162" 9801
"/Engine/EngineMaterials/Substrate/Glints2/dict_0001_0157" 9802
"../../../Engine/Content/EngineMaterials/Substrate/Glints2/dict_0001_0148.uasset" 9803
"/Engine/EngineMaterials/Substrate/Glints2/dict_0001_0158" 9804
"/Engine/EngineMaterials/Substrate/Glints2/dict_0001_0159" 9805
"../../../Engine/Content/EngineMaterials/Substrate/Glints2/dict_0001_0150.uasset" 9806
"../../../Engine/Content/EngineMaterials/Substrate/Glints2/dict_0001_0149.uasset" 9807
"../../../Engine/Content/EngineMaterials/Substrate/Glints2/dict_0001_0147.uasset" 9808
"../../../Engine/Content/EngineMaterials/Substrate/Glints2/dict_0001_0151.uasset" 9809
"/Engine/EngineMaterials/Substrate/Glints2/dict_0001_0160" 9810
"/Engine/EngineMaterials/Substrate/Glints2/dict_0001_0154" 9811
"../../../Engine/Content/EngineMaterials/Substrate/Glints2/dict_0001_0146.uasset" 9812
"/Engine/EngineMaterials/Substrate/Glints2/dict_0001_0147" 9813
"/Engine/EngineMaterials/Substrate/Glints2/dict_0001_0148" 9814
"../../../Engine/Content/EngineMaterials/Substrate/Glints2/dict_0001_0144.uasset" 9815
"../../../Engine/Content/EngineMaterials/Substrate/Glints2/dict_0001_0145.uasset" 9816
"/Engine/EngineMaterials/Substrate/Glints2/dict_0001_0149" 9817
"/Engine/EngineMaterials/Substrate/Glints2/dict_0001_0150" 9818
"/Engine/EngineMaterials/Substrate/Glints2/dict_0001_0151" 9819
"/Engine/EngineMaterials/Substrate/Glints2/dict_0001_0152" 9820
"/Engine/EngineMaterials/Substrate/Glints2/dict_0001_0153" 9821
"/Engine/EngineMaterials/Substrate/Glints2/dict_0001_0146" 9822
"../../../Engine/Content/EngineMaterials/Substrate/Glints2/dict_0001_0142.uasset" 9823
"/Engine/EngineMaterials/Substrate/Glints2/dict_0001_0144" 9824
"../../../Engine/Content/EngineMaterials/Substrate/Glints2/dict_0001_0139.uasset" 9825
"../../../Engine/Content/EngineMaterials/Substrate/Glints2/dict_0001_0137.uasset" 9826
"../../../Engine/Content/EngineMaterials/Substrate/Glints2/dict_0001_0138.uasset" 9827
"/Engine/EngineMaterials/Substrate/Glints2/dict_0001_0145" 9828
"/Engine/EngineMaterials/Substrate/Glints2/dict_0001_0137" 9829
"/Engine/EngineMaterials/Substrate/Glints2/dict_0001_0138" 9830
"../../../Engine/Content/EngineMaterials/Substrate/Glints2/dict_0001_0140.uasset" 9831
"/Engine/EngineMaterials/Substrate/Glints2/dict_0001_0142" 9832
"/Engine/EngineMaterials/Substrate/Glints2/dict_0001_0139" 9833
"../../../Engine/Content/EngineMaterials/Substrate/Glints2/dict_0001_0141.uasset" 9834
"/Engine/EngineMaterials/Substrate/Glints2/dict_0001_0140" 9835
"/Engine/EngineMaterials/Substrate/Glints2/dict_0001_0141" 9836
"../../../Engine/Content/EngineMaterials/Substrate/Glints2/dict_0001_0135.uasset" 9837
"../../../Engine/Content/EngineMaterials/Substrate/Glints2/dict_0001_0143.uasset" 9838
"../../../Engine/Content/EngineMaterials/Substrate/Glints2/dict_0001_0136.uasset" 9839
"../../../Engine/Content/EngineMaterials/Substrate/Glints2/dict_0001_0134.uasset" 9840
"../../../Engine/Content/EngineMaterials/Substrate/Glints2/dict_0001_0133.uasset" 9841
"../../../Engine/Content/EngineMaterials/Substrate/Glints2/dict_0001_0132.uasset" 9842
"../../../Engine/Content/EngineMaterials/Substrate/Glints2/dict_0001_0131.uasset" 9843
"../../../Engine/Content/EngineMaterials/Substrate/Glints2/dict_0001_0127.uasset" 9844
"../../../Engine/Content/EngineMaterials/Substrate/Glints2/dict_0001_0129.uasset" 9845
"../../../Engine/Content/EngineMaterials/Substrate/Glints2/dict_0001_0130.uasset" 9846
"../../../Engine/Content/EngineMaterials/Substrate/Glints2/dict_0001_0128.uasset" 9847
"/Engine/EngineMaterials/Substrate/Glints2/dict_0001_0127" 9848
"/Engine/EngineMaterials/Substrate/Glints2/dict_0001_0128" 9849
"/Engine/EngineMaterials/Substrate/Glints2/dict_0001_0129" 9850
"/Engine/EngineMaterials/Substrate/Glints2/dict_0001_0134" 9851
"/Engine/EngineMaterials/Substrate/Glints2/dict_0001_0133" 9852
"/Engine/EngineMaterials/Substrate/Glints2/dict_0001_0143" 9853
"/Engine/EngineMaterials/Substrate/Glints2/dict_0001_0130" 9854
"/Engine/EngineMaterials/Substrate/Glints2/dict_0001_0135" 9855
"/Engine/EngineMaterials/Substrate/Glints2/dict_0001_0136" 9856
"../../../Engine/Content/EngineMaterials/Substrate/Glints2/dict_0001_0125.uasset" 9857
"/Engine/EngineMaterials/Substrate/Glints2/dict_0001_0131" 9858
"/Engine/EngineMaterials/Substrate/Glints2/dict_0001_0132" 9859
"/Engine/EngineMaterials/Substrate/Glints2/dict_0001_0125" 9860
"../../../Engine/Content/EngineMaterials/Substrate/Glints2/dict_0001_0122.uasset" 9861
"../../../Engine/Content/EngineMaterials/Substrate/Glints2/dict_0001_0123.uasset" 9862
"../../../Engine/Content/EngineMaterials/Substrate/Glints2/dict_0001_0124.uasset" 9863
"../../../Engine/Content/EngineMaterials/Substrate/Glints2/dict_0001_0120.uasset" 9864
"../../../Engine/Content/EngineMaterials/Substrate/Glints2/dict_0001_0121.uasset" 9865
"../../../Engine/Content/EngineMaterials/Substrate/Glints2/dict_0002_0110.uasset" 9866
"../../../Engine/Content/EngineMaterials/Substrate/Glints2/dict_0001_0117.uasset" 9867
"../../../Engine/Content/EngineMaterials/Substrate/Glints2/dict_0001_0119.uasset" 9868
"../../../Engine/Content/EngineMaterials/Substrate/Glints2/dict_0001_0118.uasset" 9869
"/Engine/EngineMaterials/Substrate/Glints2/dict_0001_0117" 9870
"../../../Engine/Content/EngineMaterials/Substrate/Glints2/dict_0001_0115.uasset" 9871
"/Engine/EngineMaterials/Substrate/Glints2/dict_0001_0118" 9872
"/Engine/EngineMaterials/Substrate/Glints2/dict_0001_0119" 9873
"/Engine/EngineMaterials/Substrate/Glints2/dict_0001_0120" 9874
"/Engine/EngineMaterials/Substrate/Glints2/dict_0001_0121" 9875
"/Engine/EngineMaterials/Substrate/Glints2/dict_0002_0110" 9876
"/Engine/EngineMaterials/Substrate/Glints2/dict_0001_0122" 9877
"../../../Engine/Content/EngineMaterials/Substrate/Glints2/dict_0001_0112.uasset" 9878
"../../../Engine/Content/EngineMaterials/Substrate/Glints2/dict_0001_0114.uasset" 9879
"/Engine/EngineMaterials/Substrate/Glints2/dict_0001_0123" 9880
"../../../Engine/Content/EngineMaterials/Substrate/Glints2/dict_0001_0110.uasset" 9881
"../../../Engine/Content/EngineMaterials/Substrate/Glints2/dict_0001_0113.uasset" 9882
"/Engine/EngineMaterials/Substrate/Glints2/dict_0001_0124" 9883
"../../../Engine/Content/EngineMaterials/Substrate/Glints2/dict_0001_0111.uasset" 9884
"/Engine/EngineMaterials/Substrate/Glints2/dict_0001_0114" 9885
"../../../Engine/Content/EngineMaterials/Substrate/Glints2/dict_0001_0116.uasset" 9886
"/Engine/EngineMaterials/Substrate/Glints2/dict_0001_0110" 9887
"/Engine/EngineMaterials/Substrate/Glints2/dict_0001_0111" 9888
"/Engine/EngineMaterials/Substrate/Glints2/dict_0001_0112" 9889
"/Engine/EngineMaterials/Substrate/Glints2/dict_0001_0115" 9890
"../../../Engine/Content/EngineMaterials/Substrate/Glints2/dict_0001_0109.uasset" 9891
"/Engine/EngineMaterials/Substrate/Glints2/dict_0001_0113" 9892
"/Engine/EngineMaterials/Substrate/Glints2/dict_0001_0109" 9893
"/Engine/EngineMaterials/Substrate/Glints2/dict_0001_0116" 9894
"../../../Engine/Content/EngineMaterials/Substrate/Glints2/dict_0001_0106.uasset" 9895
"../../../Engine/Content/EngineMaterials/Substrate/Glints2/dict_0001_0105.uasset" 9896
"/Engine/EngineMaterials/Substrate/Glints2/dict_0001_0105" 9897
"/Engine/EngineMaterials/Substrate/Glints2/dict_0001_0106" 9898
"../../../Engine/Content/EngineMaterials/Substrate/Glints2/dict_0001_0103.uasset" 9899
"../../../Engine/Content/EngineMaterials/Substrate/Glints2/dict_0001_0205.uasset" 9900
"../../../Engine/Content/EngineMaterials/Substrate/Glints2/dict_0001_0104.uasset" 9901
"../../../Engine/Content/EngineMaterials/Substrate/Glints2/dict_0001_0102.uasset" 9902
"../../../Engine/Content/EngineMaterials/Substrate/Glints2/dict_0001_0107.uasset" 9903
"../../../Engine/Content/EngineMaterials/Substrate/Glints2/dict_0001_0101.uasset" 9904
"../../../Engine/Content/EngineMaterials/Substrate/Glints2/dict_0001_0108.uasset" 9905
"../../../Engine/Content/EngineMaterials/Substrate/Glints2/dict_0001_0100.uasset" 9906
"/Engine/EngineMaterials/Substrate/Glints2/dict_0001_0108" 9907
"../../../Engine/Content/EngineMaterials/Substrate/Glints2/dict_0001_0095.uasset" 9908
"/Engine/EngineMaterials/Substrate/Glints2/dict_0001_0100" 9909
"/Engine/EngineMaterials/Substrate/Glints2/dict_0001_0101" 9910
"../../../Engine/Content/EngineMaterials/Substrate/Glints2/dict_0001_0098.uasset" 9911
"/Engine/EngineMaterials/Substrate/Glints2/dict_0001_0102" 9912
"../../../Engine/Content/EngineMaterials/Substrate/Glints2/dict_0001_0097.uasset" 9913
"/Engine/EngineMaterials/Substrate/Glints2/dict_0001_0205" 9914
"/Engine/EngineMaterials/Substrate/Glints2/dict_0001_0103" 9915
"/Engine/EngineMaterials/Substrate/Glints2/dict_0001_0104" 9916
"/Engine/EngineMaterials/Substrate/Glints2/dict_0001_0107" 9917
"../../../Engine/Content/EngineMaterials/Substrate/Glints2/dict_0001_0099.uasset" 9918
"/Engine/EngineMaterials/Substrate/Glints2/dict_0001_0097" 9919
"../../../Engine/Content/EngineMaterials/Substrate/Glints2/dict_0001_0093.uasset" 9920
"/Engine/EngineMaterials/Substrate/Glints2/dict_0001_0098" 9921
"/Engine/EngineMaterials/Substrate/Glints2/dict_0001_0095" 9922
"../../../Engine/Content/EngineMaterials/Substrate/Glints2/dict_0001_0094.uasset" 9923
"/Engine/EngineMaterials/Substrate/Glints2/dict_0001_0093" 9924
"/Engine/EngineMaterials/Substrate/Glints2/dict_0001_0094" 9925
"../../../Engine/Content/EngineMaterials/Substrate/Glints2/dict_0001_0091.uasset" 9926
"../../../Engine/Content/EngineMaterials/Substrate/Glints2/dict_0001_0090.uasset" 9927
"../../../Engine/Content/EngineMaterials/Substrate/Glints2/dict_0001_0088.uasset" 9928
"../../../Engine/Content/EngineMaterials/Substrate/Glints2/dict_0001_0087.uasset" 9929
"../../../Engine/Content/EngineMaterials/Substrate/Glints2/dict_0001_0096.uasset" 9930
"../../../Engine/Content/EngineMaterials/Substrate/Glints2/dict_0001_0085.uasset" 9931
"../../../Engine/Content/EngineMaterials/Substrate/Glints2/dict_0001_0086.uasset" 9932
"../../../Engine/Content/EngineMaterials/Substrate/Glints2/dict_0001_0089.uasset" 9933
"/Engine/EngineMaterials/Substrate/Glints2/dict_0001_0096" 9934
"/Engine/EngineMaterials/Substrate/Glints2/dict_0001_0087" 9935
"/Engine/EngineMaterials/Substrate/Glints2/dict_0001_0088" 9936
"/Engine/EngineMaterials/Substrate/Glints2/dict_0001_0099" 9937
"../../../Engine/Content/EngineMaterials/Substrate/Glints2/dict_0001_0083.uasset" 9938
"/Engine/EngineMaterials/Substrate/Glints2/dict_0001_0089" 9939
"../../../Engine/Content/EngineMaterials/Substrate/Glints2/dict_0001_0081.uasset" 9940
"/Engine/EngineMaterials/Substrate/Glints2/dict_0001_0090" 9941
"/Engine/EngineMaterials/Substrate/Glints2/dict_0001_0091" 9942
"/Engine/EngineMaterials/Substrate/Glints2/dict_0001_0085" 9943
"/Engine/EngineMaterials/Substrate/Glints2/dict_0001_0086" 9944
"/Engine/EngineMaterials/Substrate/Glints2/dict_0001_0081" 9945
"../../../Engine/Content/EngineMaterials/Substrate/Glints2/dict_0001_0080.uasset" 9946
"/Engine/EngineMaterials/Substrate/Glints2/dict_0001_0083" 9947
"../../../Engine/Content/EngineMaterials/Substrate/Glints2/dict_0001_0082.uasset" 9948
"../../../Engine/Content/EngineMaterials/Substrate/Glints2/dict_0001_0079.uasset" 9949
"../../../Engine/Content/EngineMaterials/Substrate/Glints2/dict_0001_0084.uasset" 9950
"/Engine/EngineMaterials/Substrate/Glints2/dict_0001_0082" 9951
"/Engine/EngineMaterials/Substrate/Glints2/dict_0001_0079" 9952
"../../../Engine/Content/EngineMaterials/Substrate/Glints2/dict_0001_0092.uasset" 9953
"/Engine/EngineMaterials/Substrate/Glints2/dict_0001_0084" 9954
"/Engine/EngineMaterials/Substrate/Glints2/dict_0001_0080" 9955
"/Engine/EngineMaterials/Substrate/Glints2/dict_0001_0092" 9956
"../../../Engine/Content/EngineMaterials/Substrate/Glints2/dict_0001_0077.uasset" 9957
"../../../Engine/Content/EngineMaterials/Substrate/Glints2/dict_0001_0076.uasset" 9958
"../../../Engine/Content/EngineMaterials/Substrate/Glints2/dict_0001_0074.uasset" 9959
"../../../Engine/Content/EngineMaterials/Substrate/Glints2/dict_0001_0071.uasset" 9960
"../../../Engine/Content/EngineMaterials/Substrate/Glints2/dict_0001_0070.uasset" 9961
"../../../Engine/Content/EngineMaterials/Substrate/Glints2/dict_0001_0072.uasset" 9962
"../../../Engine/Content/EngineMaterials/Substrate/Glints2/dict_0001_0069.uasset" 9963
"/Engine/EngineMaterials/Substrate/Glints2/dict_0001_0069" 9964
"/Engine/EngineMaterials/Substrate/Glints2/dict_0001_0070" 9965
"/Engine/EngineMaterials/Substrate/Glints2/dict_0001_0071" 9966
"../../../Engine/Content/EngineMaterials/Substrate/Glints2/dict_0001_0068.uasset" 9967
"../../../Engine/Content/EngineMaterials/Substrate/Glints2/dict_0001_0073.uasset" 9968
"/Engine/EngineMaterials/Substrate/Glints2/dict_0001_0072" 9969
"/Engine/EngineMaterials/Substrate/Glints2/dict_0001_0074" 9970
"/Engine/EngineMaterials/Substrate/Glints2/dict_0001_0077" 9971
"../../../Engine/Content/EngineMaterials/Substrate/Glints2/dict_0001_0078.uasset" 9972
"/Engine/EngineMaterials/Substrate/Glints2/dict_0001_0076" 9973
"../../../Engine/Content/EngineMaterials/Substrate/Glints2/dict_0001_0066.uasset" 9974
"../../../Engine/Content/EngineMaterials/Substrate/Glints2/dict_0001_0064.uasset" 9975
"/Engine/EngineMaterials/Substrate/Glints2/dict_0001_0066" 9976
"../../../Engine/Content/EngineMaterials/Substrate/Glints2/dict_0001_0065.uasset" 9977
"../../../Engine/Content/EngineMaterials/Substrate/Glints2/dict_0001_0067.uasset" 9978
"/Engine/EngineMaterials/Substrate/Glints2/dict_0001_0073" 9979
"/Engine/EngineMaterials/Substrate/Glints2/dict_0001_0064" 9980
"/Engine/EngineMaterials/Substrate/Glints2/dict_0001_0078" 9981
"/Engine/EngineMaterials/Substrate/Glints2/dict_0001_0068" 9982
"/Engine/EngineMaterials/Substrate/Glints2/dict_0001_0067" 9983
"../../../Engine/Content/EngineMaterials/Substrate/Glints2/dict_0001_0058.uasset" 9984
"../../../Engine/Content/EngineMaterials/Substrate/Glints2/dict_0001_0060.uasset" 9985
"/Engine/EngineMaterials/Substrate/Glints2/dict_0001_0065" 9986
"../../../Engine/Content/EngineMaterials/Substrate/Glints2/dict_0001_0063.uasset" 9987
"/Engine/EngineMaterials/Substrate/Glints2/dict_0001_0058" 9988
"/Engine/EngineMaterials/Substrate/Glints2/dict_0001_0060" 9989
"/Engine/EngineMaterials/Substrate/Glints2/dict_0001_0063" 9990
"../../../Engine/Content/EngineMaterials/Substrate/Glints2/dict_0001_0075.uasset" 9991
"../../../Engine/Content/EngineMaterials/Substrate/Glints2/dict_0001_0061.uasset" 9992
"../../../Engine/Content/EngineMaterials/Substrate/Glints2/dict_0001_0059.uasset" 9993
"../../../Engine/Content/EngineMaterials/Substrate/Glints2/dict_0001_0062.uasset" 9994
"../../../Engine/Content/EngineMaterials/Substrate/Glints2/dict_0001_0054.uasset" 9995
"../../../Engine/Content/EngineMaterials/Substrate/Glints2/dict_0001_0055.uasset" 9996
"../../../Engine/Content/EngineMaterials/Substrate/Glints2/dict_0001_0057.uasset" 9997
"../../../Engine/Content/EngineMaterials/Substrate/Glints2/dict_0001_0056.uasset" 9998
"../../../Engine/Content/EngineMaterials/Substrate/Glints2/dict_0001_0052.uasset" 9999
"/Engine/EngineMaterials/Substrate/Glints2/dict_0001_0055" 10000
"/Engine/EngineMaterials/Substrate/Glints2/dict_0001_0056" 10001
"../../../Engine/Content/EngineMaterials/Substrate/Glints2/dict_0001_0049.uasset" 10002
"/Engine/EngineMaterials/Substrate/Glints2/dict_0001_0054" 10003
"../../../Engine/Content/EngineMaterials/Substrate/Glints2/dict_0001_0051.uasset" 10004
"/Engine/EngineMaterials/Substrate/Glints2/dict_0001_0057" 10005
"/Engine/EngineMaterials/Substrate/Glints2/dict_0001_0059" 10006
"/Engine/EngineMaterials/Substrate/Glints2/dict_0001_0061" 10007
"/Engine/EngineMaterials/Substrate/Glints2/dict_0001_0062" 10008
"../../../Engine/Content/EngineMaterials/Substrate/Glints2/dict_0001_0047.uasset" 10009
"../../../Engine/Content/EngineMaterials/Substrate/Glints2/dict_0001_0048.uasset" 10010
"/Engine/EngineMaterials/Substrate/Glints2/dict_0001_0075" 10011
"../../../Engine/Content/EngineMaterials/Substrate/Glints2/dict_0001_0050.uasset" 10012
"/Engine/EngineMaterials/Substrate/Glints2/dict_0001_0049" 10013
"/Engine/EngineMaterials/Substrate/Glints2/dict_0001_0051" 10014
"/Engine/EngineMaterials/Substrate/Glints2/dict_0001_0048" 10015
"/Engine/EngineMaterials/Substrate/Glints2/dict_0001_0052" 10016
"/Engine/EngineMaterials/Substrate/Glints2/dict_0001_0047" 10017
"/Engine/EngineMaterials/Substrate/Glints2/dict_0001_0050" 10018
"../../../Engine/Content/EngineMaterials/Substrate/Glints2/dict_0001_0044.uasset" 10019
"../../../Engine/Content/EngineMaterials/Substrate/Glints2/dict_0001_0046.uasset" 10020
"../../../Engine/Content/EngineMaterials/Substrate/Glints2/dict_0001_0041.uasset" 10021
"../../../Engine/Content/EngineMaterials/Substrate/Glints2/dict_0001_0045.uasset" 10022
"../../../Engine/Content/EngineMaterials/Substrate/Glints2/dict_0001_0042.uasset" 10023
"../../../Engine/Content/EngineMaterials/Substrate/Glints2/dict_0001_0043.uasset" 10024
"../../../Engine/Content/EngineMaterials/Substrate/Glints2/dict_0001_0040.uasset" 10025
"../../../Engine/Content/EngineMaterials/Substrate/Glints2/dict_0001_0038.uasset" 10026
"/Engine/EngineMaterials/Substrate/Glints2/dict_0001_0041" 10027
"../../../Engine/Content/EngineMaterials/Substrate/Glints2/dict_0001_0036.uasset" 10028
"../../../Engine/Content/EngineMaterials/Substrate/Glints2/dict_0001_0034.uasset" 10029
"/Engine/EngineMaterials/Substrate/Glints2/dict_0001_0042" 10030
"../../../Engine/Content/EngineMaterials/Substrate/Glints2/dict_0001_0035.uasset" 10031
"/Engine/EngineMaterials/Substrate/Glints2/dict_0001_0043" 10032
"../../../Engine/Content/EngineMaterials/Substrate/Glints2/dict_0001_0039.uasset" 10033
"/Engine/EngineMaterials/Substrate/Glints2/dict_0001_0044" 10034
"../../../Engine/Content/EngineMaterials/Substrate/Glints2/dict_0001_0037.uasset" 10035
"/Engine/EngineMaterials/Substrate/Glints2/dict_0001_0045" 10036
"/Engine/EngineMaterials/Substrate/Glints2/dict_0001_0046" 10037
"/Engine/EngineMaterials/Substrate/Glints2/dict_0001_0040" 10038
"/Engine/EngineMaterials/Substrate/Glints2/dict_0001_0036" 10039
"/Engine/EngineMaterials/Substrate/Glints2/dict_0001_0034" 10040
"/Engine/EngineMaterials/Substrate/Glints2/dict_0001_0037" 10041
"/Engine/EngineMaterials/Substrate/Glints2/dict_0001_0038" 10042
"/Engine/EngineMaterials/Substrate/Glints2/dict_0001_0035" 10043
"/Engine/EngineMaterials/Substrate/Glints2/dict_0001_0039" 10044
"../../../Engine/Content/EngineMaterials/Substrate/Glints2/dict_0001_0027.uasset" 10045
"../../../Engine/Content/EngineMaterials/Substrate/Glints2/dict_0001_0032.uasset" 10046
"../../../Engine/Content/EngineMaterials/Substrate/Glints2/dict_0001_0031.uasset" 10047
"../../../Engine/Content/EngineMaterials/Substrate/Glints2/dict_0001_0028.uasset" 10048
"../../../Engine/Content/EngineMaterials/Substrate/Glints2/dict_0001_0033.uasset" 10049
"../../../Engine/Content/EngineMaterials/Substrate/Glints2/dict_0001_0029.uasset" 10050
"../../../Engine/Content/EngineMaterials/Substrate/Glints2/dict_0001_0030.uasset" 10051
"../../../Engine/Content/EngineMaterials/Substrate/Glints2/dict_0001_0025.uasset" 10052
"../../../Engine/Content/EngineMaterials/Substrate/Glints2/dict_0001_0024.uasset" 10053
"/Engine/EngineMaterials/Substrate/Glints2/dict_0001_0024" 10054
"../../../Engine/Content/EngineMaterials/Substrate/Glints2/dict_0001_0026.uasset" 10055
"../../../Engine/Content/EngineMaterials/Substrate/Glints2/dict_0001_0023.uasset" 10056
"/Engine/EngineMaterials/Substrate/Glints2/dict_0001_0025" 10057
"/Engine/EngineMaterials/Substrate/Glints2/dict_0001_0031" 10058
"/Engine/EngineMaterials/Substrate/Glints2/dict_0001_0027" 10059
"/Engine/EngineMaterials/Substrate/Glints2/dict_0001_0032" 10060
"/Engine/EngineMaterials/Substrate/Glints2/dict_0001_0028" 10061
"/Engine/EngineMaterials/Substrate/Glints2/dict_0001_0029" 10062
"../../../Engine/Content/EngineMaterials/Substrate/Glints2/dict_0001_0021.uasset" 10063
"/Engine/EngineMaterials/Substrate/Glints2/dict_0001_0033" 10064
"/Engine/EngineMaterials/Substrate/Glints2/dict_0001_0030" 10065
"/Engine/EngineMaterials/Substrate/Glints2/dict_0001_0023" 10066
"../../../Engine/Content/EngineMaterials/Substrate/Glints2/dict_0001_0018.uasset" 10067
"../../../Engine/Content/EngineMaterials/Substrate/Glints2/dict_0001_0017.uasset" 10068
"/Engine/EngineMaterials/Substrate/Glints2/dict_0001_0026" 10069
"/Engine/EngineMaterials/Substrate/Glints2/dict_0001_0021" 10070
"/Engine/EngineMaterials/Substrate/Glints2/dict_0001_0018" 10071
"../../../Engine/Content/EngineMaterials/Substrate/Glints2/dict_0001_0019.uasset" 10072
"/Engine/EngineMaterials/Substrate/Glints2/dict_0001_0017" 10073
"../../../Engine/Content/EngineMaterials/Substrate/Glints2/dict_0001_0016.uasset" 10074
"/Engine/EngineMaterials/Substrate/Glints2/dict_0001_0019" 10075
"../../../Engine/Content/EngineMaterials/Substrate/Glints2/dict_0001_0022.uasset" 10076
"/Engine/EngineMaterials/Substrate/Glints2/dict_0001_0016" 10077
"../../../Engine/Content/EngineMaterials/Substrate/Glints2/dict_0001_0020.uasset" 10078
"/Engine/EngineMaterials/Substrate/Glints2/dict_0001_0020" 10079
"/Engine/EngineMaterials/Substrate/Glints2/dict_0001_0022" 10080
"../../../Engine/Content/EngineMaterials/Substrate/Glints2/dict_0001_0013.uasset" 10081
"../../../Engine/Content/EngineMaterials/Substrate/Glints2/dict_0001_0014.uasset" 10082
"../../../Engine/Content/EngineMaterials/Substrate/Glints2/dict_0001_0015.uasset" 10083
"../../../Engine/Content/EngineMaterials/Substrate/Glints2/dict_0001_0012.uasset" 10084
"../../../Engine/Content/EngineMaterials/Substrate/Glints2/dict_0001_0010.uasset" 10085
"../../../Engine/Content/EngineMaterials/Substrate/Glints2/dict_0001_0011.uasset" 10086
"../../../Engine/Content/EngineMaterials/Substrate/Glints2/dict_0001_0008.uasset" 10087
"../../../Engine/Content/EngineMaterials/Substrate/Glints2/dict_0001_0007.uasset" 10088
"/Engine/EngineMaterials/Substrate/Glints2/dict_0001_0010" 10089
"/Engine/EngineMaterials/Substrate/Glints2/dict_0001_0011" 10090
"/Engine/EngineMaterials/Substrate/Glints2/dict_0001_0012" 10091
"../../../Engine/Content/EngineMaterials/Substrate/Glints2/dict_0001_0004.uasset" 10092
"/Engine/EngineMaterials/Substrate/Glints2/dict_0001_0013" 10093
"../../../Engine/Content/EngineMaterials/Substrate/Glints2/dict_0001_0005.uasset" 10094
"/Engine/EngineMaterials/Substrate/Glints2/dict_0001_0014" 10095
"/Engine/EngineMaterials/Substrate/Glints2/dict_0001_0007" 10096
"/Engine/EngineMaterials/Substrate/Glints2/dict_0001_0008" 10097
"/Engine/EngineMaterials/Substrate/Glints2/dict_0001_0015" 10098
"../../../Engine/Content/EngineMaterials/Substrate/Glints2/dict_0001_0006.uasset" 10099
"/Engine/EngineMaterials/Substrate/Glints2/dict_0001_0004" 10100
"/Engine/EngineMaterials/Substrate/Glints2/dict_0001_0005" 10101
"../../../Engine/Content/EngineMaterials/Substrate/Glints2/dict_0001_0009.uasset" 10102
"/Engine/EngineMaterials/Substrate/Glints2/dict_0001_0006" 10103
"/Engine/EngineMaterials/Substrate/Glints2/dict_0001_0009" 10104
"../../../Engine/Content/EngineMaterials/Substrate/Glints2/dict_0001_0001.uasset" 10105
"../../../Engine/Content/EngineMaterials/Substrate/Glints2/dict_0001_0002.uasset" 10106
"/Engine/EngineMaterials/Substrate/Glints2/dict_0001_0001" 10107
"/Engine/EngineMaterials/Substrate/Glints2/dict_0001_0002" 10108
"../../../Engine/Content/EngineMaterials/Substrate/Glints2/dict_0001_0003.uasset" 10109
"../../../Engine/Content/EngineMaterials/Substrate/Glints2/dict_0000_0255.uasset" 10110
"../../../Engine/Content/EngineMaterials/Substrate/Glints2/dict_0000_0251.uasset" 10111
"../../../Engine/Content/EngineMaterials/Substrate/Glints2/dict_0001_0000.uasset" 10112
"../../../Engine/Content/EngineMaterials/Substrate/Glints2/dict_0000_0252.uasset" 10113
"../../../Engine/Content/EngineMaterials/Substrate/Glints2/dict_0000_0253.uasset" 10114
"../../../Engine/Content/EngineMaterials/Substrate/Glints2/dict_0000_0250.uasset" 10115
"../../../Engine/Content/EngineMaterials/Substrate/Glints2/dict_0000_0246.uasset" 10116
"../../../Engine/Content/EngineMaterials/Substrate/Glints2/dict_0000_0254.uasset" 10117
"../../../Engine/Content/EngineMaterials/Substrate/Glints2/dict_0000_0247.uasset" 10118
"/Engine/EngineMaterials/Substrate/Glints2/dict_0000_0246" 10119
"/Engine/EngineMaterials/Substrate/Glints2/dict_0000_0251" 10120
"../../../Engine/Content/EngineMaterials/Substrate/Glints2/dict_0000_0244.uasset" 10121
"/Engine/EngineMaterials/Substrate/Glints2/dict_0000_0252" 10122
"/Engine/EngineMaterials/Substrate/Glints2/dict_0000_0247" 10123
"../../../Engine/Content/EngineMaterials/Substrate/Glints2/dict_0000_0248.uasset" 10124
"/Engine/EngineMaterials/Substrate/Glints2/dict_0000_0253" 10125
"/Engine/EngineMaterials/Substrate/Glints2/dict_0000_0254" 10126
"../../../Engine/Content/EngineMaterials/Substrate/Glints2/dict_0000_0245.uasset" 10127
"../../../Engine/Content/EngineMaterials/Substrate/Glints2/dict_0000_0241.uasset" 10128
"../../../Engine/Content/EngineMaterials/Substrate/Glints2/dict_0000_0249.uasset" 10129
"../../../Engine/Content/EngineMaterials/Substrate/Glints2/dict_0000_0243.uasset" 10130
"/Engine/EngineMaterials/Substrate/Glints2/dict_0000_0255" 10131
"/Engine/EngineMaterials/Substrate/Glints2/dict_0001_0000" 10132
"/Engine/EngineMaterials/Substrate/Glints2/dict_0001_0003" 10133
"/Engine/EngineMaterials/Substrate/Glints2/dict_0000_0250" 10134
"/Engine/EngineMaterials/Substrate/Glints2/dict_0000_0248" 10135
"/Engine/EngineMaterials/Substrate/Glints2/dict_0000_0249" 10136
"/Engine/EngineMaterials/Substrate/Glints2/dict_0000_0244" 10137
"../../../Engine/Content/EngineMaterials/Substrate/Glints2/dict_0000_0240.uasset" 10138
"/Engine/EngineMaterials/Substrate/Glints2/dict_0000_0241" 10139
"../../../Engine/Content/EngineMaterials/Substrate/Glints2/dict_0000_0242.uasset" 10140
"/Engine/EngineMaterials/Substrate/Glints2/dict_0000_0243" 10141
"../../../Engine/Content/EngineMaterials/Substrate/Glints2/dict_0000_0239.uasset" 10142
"/Engine/EngineMaterials/Substrate/Glints2/dict_0000_0245" 10143
"/Engine/EngineMaterials/Substrate/Glints2/dict_0000_0242" 10144
"../../../Engine/Content/EngineMaterials/Substrate/Glints2/dict_0000_0238.uasset" 10145
"/Engine/EngineMaterials/Substrate/Glints2/dict_0000_0239" 10146
"/Engine/EngineMaterials/Substrate/Glints2/dict_0000_0240" 10147
"../../../Engine/Content/EngineMaterials/Substrate/Glints2/dict_0000_0236.uasset" 10148
"/Engine/EngineMaterials/Substrate/Glints2/dict_0000_0238" 10149
"/Engine/EngineMaterials/Substrate/Glints2/dict_0000_0236" 10150
"../../../Engine/Content/EngineMaterials/Substrate/Glints2/dict_0000_0234.uasset" 10151
"../../../Engine/Content/EngineMaterials/Substrate/Glints2/dict_0000_0232.uasset" 10152
"../../../Engine/Content/EngineMaterials/Substrate/Glints2/dict_0000_0237.uasset" 10153
"../../../Engine/Content/EngineMaterials/Substrate/Glints2/dict_0000_0231.uasset" 10154
"../../../Engine/Content/EngineMaterials/Substrate/Glints2/dict_0000_0233.uasset" 10155
"../../../Engine/Content/EngineMaterials/Substrate/Glints2/dict_0000_0235.uasset" 10156
"../../../Engine/Content/EngineMaterials/Substrate/Glints2/dict_0000_0229.uasset" 10157
"../../../Engine/Content/EngineMaterials/Substrate/Glints2/dict_0000_0230.uasset" 10158
"../../../Engine/Content/EngineMaterials/Substrate/Glints2/dict_0000_0228.uasset" 10159
"/Engine/EngineMaterials/Substrate/Glints2/dict_0000_0234" 10160
"../../../Engine/Content/EngineMaterials/Substrate/Glints2/dict_0000_0222.uasset" 10161
"../../../Engine/Content/EngineMaterials/Substrate/Glints2/dict_0000_0227.uasset" 10162
"../../../Engine/Content/EngineMaterials/Substrate/Glints2/dict_0000_0223.uasset" 10163
"/Engine/EngineMaterials/Substrate/Glints2/dict_0000_0232" 10164
"/Engine/EngineMaterials/Substrate/Glints2/dict_0000_0233" 10165
"../../../Engine/Content/EngineMaterials/Substrate/Glints2/dict_0000_0224.uasset" 10166
"/Engine/EngineMaterials/Substrate/Glints2/dict_0000_0235" 10167
"../../../Engine/Content/EngineMaterials/Substrate/Glints2/dict_0000_0226.uasset" 10168
"/Engine/EngineMaterials/Substrate/Glints2/dict_0000_0237" 10169
"/Engine/EngineMaterials/Substrate/Glints2/dict_0000_0228" 10170
"/Engine/EngineMaterials/Substrate/Glints2/dict_0000_0231" 10171
"../../../Engine/Content/EngineMaterials/Substrate/Glints2/dict_0000_0221.uasset" 10172
"/Engine/EngineMaterials/Substrate/Glints2/dict_0000_0229" 10173
"/Engine/EngineMaterials/Substrate/Glints2/dict_0000_0230" 10174
"/Engine/EngineMaterials/Substrate/Glints2/dict_0000_0221" 10175
"/Engine/EngineMaterials/Substrate/Glints2/dict_0000_0222" 10176
"/Engine/EngineMaterials/Substrate/Glints2/dict_0000_0223" 10177
"/Engine/EngineMaterials/Substrate/Glints2/dict_0000_0224" 10178
"../../../Engine/Content/EngineMaterials/Substrate/Glints2/dict_0000_0218.uasset" 10179
"/Engine/EngineMaterials/Substrate/Glints2/dict_0000_0226" 10180
"/Engine/EngineMaterials/Substrate/Glints2/dict_0000_0227" 10181
"/Engine/EngineMaterials/Substrate/Glints2/dict_0000_0218" 10182
"../../../Engine/Content/EngineMaterials/Substrate/Glints2/dict_0000_0219.uasset" 10183
"/Engine/EngineMaterials/Substrate/Glints2/dict_0000_0219" 10184
"../../../Engine/Content/EngineMaterials/Substrate/Glints2/dict_0000_0216.uasset" 10185
"../../../Engine/Content/EngineMaterials/Substrate/Glints2/dict_0000_0215.uasset" 10186
"../../../Engine/Content/EngineMaterials/Substrate/Glints2/dict_0000_0214.uasset" 10187
"../../../Engine/Content/EngineMaterials/Substrate/Glints2/dict_0000_0211.uasset" 10188
"/Engine/EngineMaterials/Substrate/Glints2/dict_0000_0214" 10189
"../../../Engine/Content/EngineMaterials/Substrate/Glints2/dict_0000_0213.uasset" 10190
"/Engine/EngineMaterials/Substrate/Glints2/dict_0000_0215" 10191
"/Engine/EngineMaterials/Substrate/Glints2/dict_0000_0216" 10192
"/Engine/EngineMaterials/Substrate/Glints2/dict_0000_0213" 10193
"/Engine/EngineMaterials/Substrate/Glints2/dict_0000_0211" 10194
"../../../Engine/Content/EngineMaterials/Substrate/Glints2/dict_0000_0225.uasset" 10195
"../../../Engine/Content/EngineMaterials/Substrate/Glints2/dict_0000_0210.uasset" 10196
"../../../Engine/Content/EngineMaterials/Substrate/Glints2/dict_0000_0220.uasset" 10197
"../../../Engine/Content/EngineMaterials/Substrate/Glints2/dict_0000_0209.uasset" 10198
"../../../Engine/Content/EngineMaterials/Substrate/Glints2/dict_0000_0212.uasset" 10199
"../../../Engine/Content/EngineMaterials/Substrate/Glints2/dict_0000_0208.uasset" 10200
"../../../Engine/Content/EngineMaterials/Substrate/Glints2/dict_0000_0205.uasset" 10201
"../../../Engine/Content/EngineMaterials/Substrate/Glints2/dict_0000_0217.uasset" 10202
"/Engine/EngineMaterials/Substrate/Glints2/dict_0000_0212" 10203
"../../../Engine/Content/EngineMaterials/Substrate/Glints2/dict_0000_0207.uasset" 10204
"/Engine/EngineMaterials/Substrate/Glints2/dict_0000_0220" 10205
"/Engine/EngineMaterials/Substrate/Glints2/dict_0000_0225" 10206
"/Engine/EngineMaterials/Substrate/Glints2/dict_0000_0208" 10207
"../../../Engine/Content/EngineMaterials/Substrate/Glints2/dict_0000_0201.uasset" 10208
"../../../Engine/Content/EngineMaterials/Substrate/Glints2/dict_0000_0204.uasset" 10209
"/Engine/EngineMaterials/Substrate/Glints2/dict_0000_0205" 10210
"../../../Engine/Content/EngineMaterials/Substrate/Glints2/dict_0000_0202.uasset" 10211
"/Engine/EngineMaterials/Substrate/Glints2/dict_0000_0209" 10212
"/Engine/EngineMaterials/Substrate/Glints2/dict_0000_0210" 10213
"/Engine/EngineMaterials/Substrate/Glints2/dict_0000_0217" 10214
"/Engine/EngineMaterials/Substrate/Glints2/dict_0000_0201" 10215
"../../../Engine/Content/EngineMaterials/Substrate/Glints2/dict_0000_0199.uasset" 10216
"/Engine/EngineMaterials/Substrate/Glints2/dict_0000_0207" 10217
"/Engine/EngineMaterials/Substrate/Glints2/dict_0000_0204" 10218
"/Engine/EngineMaterials/Substrate/Glints2/dict_0000_0199" 10219
"../../../Engine/Content/EngineMaterials/Substrate/Glints2/dict_0000_0198.uasset" 10220
"/Engine/EngineMaterials/Substrate/Glints2/dict_0000_0202" 10221
"/Engine/EngineMaterials/Substrate/Glints2/dict_0000_0198" 10222
"../../../Engine/Content/EngineMaterials/Substrate/Glints2/dict_0000_0195.uasset" 10223
"../../../Engine/Content/EngineMaterials/Substrate/Glints2/dict_0000_0196.uasset" 10224
"../../../Engine/Content/EngineMaterials/Substrate/Glints2/dict_0000_0197.uasset" 10225
"../../../Engine/Content/EngineMaterials/Substrate/Glints2/dict_0000_0203.uasset" 10226
"../../../Engine/Content/EngineMaterials/Substrate/Glints2/dict_0000_0200.uasset" 10227
"../../../Engine/Content/EngineMaterials/Substrate/Glints2/dict_0000_0206.uasset" 10228
"../../../Engine/Content/EngineMaterials/Substrate/Glints2/dict_0000_0194.uasset" 10229
"../../../Engine/Content/EngineMaterials/Substrate/Glints2/dict_0000_0191.uasset" 10230
"../../../Engine/Content/EngineMaterials/Substrate/Glints2/dict_0000_0193.uasset" 10231
"../../../Engine/Content/EngineMaterials/Substrate/Glints2/dict_0000_0190.uasset" 10232
"/Engine/EngineMaterials/Substrate/Glints2/dict_0000_0191" 10233
"../../../Engine/Content/EngineMaterials/Substrate/Glints2/dict_0000_0189.uasset" 10234
"/Engine/EngineMaterials/Substrate/Glints2/dict_0000_0190" 10235
"/Engine/EngineMaterials/Substrate/Glints2/dict_0000_0200" 10236
"/Engine/EngineMaterials/Substrate/Glints2/dict_0000_0193" 10237
"/Engine/EngineMaterials/Substrate/Glints2/dict_0000_0194" 10238
"/Engine/EngineMaterials/Substrate/Glints2/dict_0000_0195" 10239
"../../../Engine/Content/EngineMaterials/Substrate/Glints2/dict_0000_0187.uasset" 10240
"../../../Engine/Content/EngineMaterials/Substrate/Glints2/dict_0000_0192.uasset" 10241
"../../../Engine/Content/EngineMaterials/Substrate/Glints2/dict_0000_0186.uasset" 10242
"/Engine/EngineMaterials/Substrate/Glints2/dict_0000_0203" 10243
"/Engine/EngineMaterials/Substrate/Glints2/dict_0000_0196" 10244
"/Engine/EngineMaterials/Substrate/Glints2/dict_0000_0197" 10245
"../../../Engine/Content/EngineMaterials/Substrate/Glints2/dict_0000_0185.uasset" 10246
"/Engine/EngineMaterials/Substrate/Glints2/dict_0000_0206" 10247
"../../../Engine/Content/EngineMaterials/Substrate/Glints2/dict_0000_0188.uasset" 10248
"/Engine/EngineMaterials/Substrate/Glints2/dict_0000_0192" 10249
"/Engine/EngineMaterials/Substrate/Glints2/dict_0000_0185" 10250
"/Engine/EngineMaterials/Substrate/Glints2/dict_0000_0187" 10251
"/Engine/EngineMaterials/Substrate/Glints2/dict_0000_0186" 10252
"/Engine/EngineMaterials/Substrate/Glints2/dict_0000_0189" 10253
"/Engine/EngineMaterials/Substrate/Glints2/dict_0000_0188" 10254
"../../../Engine/Content/EngineMaterials/Substrate/Glints2/dict_0000_0181.uasset" 10255
"../../../Engine/Content/EngineMaterials/Substrate/Glints2/dict_0000_0182.uasset" 10256
"../../../Engine/Content/EngineMaterials/Substrate/Glints2/dict_0000_0180.uasset" 10257
"../../../Engine/Content/EngineMaterials/Substrate/Glints2/dict_0000_0184.uasset" 10258
"../../../Engine/Content/EngineMaterials/Substrate/Glints2/dict_0000_0183.uasset" 10259
"../../../Engine/Content/EngineMaterials/Substrate/Glints2/dict_0000_0179.uasset" 10260
"/Engine/EngineMaterials/Substrate/Glints2/dict_0000_0179" 10261
"../../../Engine/Content/EngineMaterials/Substrate/Glints2/dict_0000_0177.uasset" 10262
"/Engine/EngineMaterials/Substrate/Glints2/dict_0000_0180" 10263
"../../../Engine/Content/EngineMaterials/Substrate/Glints2/dict_0000_0175.uasset" 10264
"../../../Engine/Content/EngineMaterials/Substrate/Glints2/dict_0000_0176.uasset" 10265
"/Engine/EngineMaterials/Substrate/Glints2/dict_0000_0181" 10266
"/Engine/EngineMaterials/Substrate/Glints2/dict_0000_0182" 10267
"/Engine/EngineMaterials/Substrate/Glints2/dict_0000_0183" 10268
"../../../Engine/Content/EngineMaterials/Substrate/Glints2/dict_0000_0178.uasset" 10269
"../../../Engine/Content/EngineMaterials/Substrate/Glints2/dict_0000_0174.uasset" 10270
"/Engine/EngineMaterials/Substrate/Glints2/dict_0000_0184" 10271
"/Engine/EngineMaterials/Substrate/Glints2/dict_0000_0177" 10272
"/Engine/EngineMaterials/Substrate/Glints2/dict_0000_0178" 10273
"/Engine/EngineMaterials/Substrate/Glints2/dict_0000_0174" 10274
"/Engine/EngineMaterials/Substrate/Glints2/dict_0000_0175" 10275
"../../../Engine/Content/EngineMaterials/Substrate/Glints2/dict_0000_0172.uasset" 10276
"/Engine/EngineMaterials/Substrate/Glints2/dict_0000_0176" 10277
"/Engine/EngineMaterials/Substrate/Glints2/dict_0000_0172" 10278
"../../../Engine/Content/EngineMaterials/Substrate/Glints2/dict_0000_0171.uasset" 10279
"../../../Engine/Content/EngineMaterials/Substrate/Glints2/dict_0000_0170.uasset" 10280
"../../../Engine/Content/EngineMaterials/Substrate/Glints2/dict_0000_0169.uasset" 10281
"../../../Engine/Content/EngineMaterials/Substrate/Glints2/dict_0000_0166.uasset" 10282
"../../../Engine/Content/EngineMaterials/Substrate/Glints2/dict_0000_0168.uasset" 10283
"../../../Engine/Content/EngineMaterials/Substrate/Glints2/dict_0000_0167.uasset" 10284
"/Engine/EngineMaterials/Substrate/Glints2/dict_0000_0171" 10285
"/Engine/EngineMaterials/Substrate/Glints2/dict_0000_0166" 10286
"../../../Engine/Content/EngineMaterials/Substrate/Glints2/dict_0000_0165.uasset" 10287
"../../../Engine/Content/EngineMaterials/Substrate/Glints2/dict_0000_0164.uasset" 10288
"/Engine/EngineMaterials/Substrate/Glints2/dict_0000_0167" 10289
"/Engine/EngineMaterials/Substrate/Glints2/dict_0000_0168" 10290
"/Engine/EngineMaterials/Substrate/Glints2/dict_0000_0169" 10291
"/Engine/EngineMaterials/Substrate/Glints2/dict_0000_0170" 10292
"/Engine/EngineMaterials/Substrate/Glints2/dict_0000_0164" 10293
"/Engine/EngineMaterials/Substrate/Glints2/dict_0000_0165" 10294
"../../../Engine/Content/EngineMaterials/Substrate/Glints2/dict_0000_0162.uasset" 10295
"../../../Engine/Content/EngineMaterials/Substrate/Glints2/dict_0000_0163.uasset" 10296
"../../../Engine/Content/EngineMaterials/Substrate/Glints2/dict_0000_0160.uasset" 10297
"../../../Engine/Content/EngineMaterials/Substrate/Glints2/dict_0001_0126.uasset" 10298
"../../../Engine/Content/EngineMaterials/Substrate/Glints2/dict_0000_0158.uasset" 10299
"../../../Engine/Content/EngineMaterials/Substrate/Glints2/dict_0000_0159.uasset" 10300
"../../../Engine/Content/EngineMaterials/Substrate/Glints2/dict_0000_0157.uasset" 10301
"/Engine/EngineMaterials/Substrate/Glints2/dict_0000_0162" 10302
"/Engine/EngineMaterials/Substrate/Glints2/dict_0001_0126" 10303
"/Engine/EngineMaterials/Substrate/Glints2/dict_0000_0163" 10304
"/Engine/EngineMaterials/Substrate/Glints2/dict_0000_0157" 10305
"../../../Engine/Content/EngineMaterials/Substrate/Glints2/dict_0000_0161.uasset" 10306
"/Engine/EngineMaterials/Substrate/Glints2/dict_0000_0158" 10307
"/Engine/EngineMaterials/Substrate/Glints2/dict_0000_0159" 10308
"/Engine/EngineMaterials/Substrate/Glints2/dict_0000_0160" 10309
"/Engine/EngineMaterials/Substrate/Glints2/dict_0000_0161" 10310
"../../../Engine/Content/EngineMaterials/Substrate/Glints2/dict_0000_0152.uasset" 10311
"../../../Engine/Content/EngineMaterials/Substrate/Glints2/dict_0000_0151.uasset" 10312
"../../../Engine/Content/EngineMaterials/Substrate/Glints2/dict_0000_0154.uasset" 10313
"../../../Engine/Content/EngineMaterials/Substrate/Glints2/dict_0000_0153.uasset" 10314
"../../../Engine/Content/EngineMaterials/Substrate/Glints2/dict_0000_0149.uasset" 10315
"../../../Engine/Content/EngineMaterials/Substrate/Glints2/dict_0000_0150.uasset" 10316
"/Engine/EngineMaterials/Substrate/Glints2/dict_0000_0149" 10317
"../../../Engine/Content/EngineMaterials/Substrate/Glints2/dict_0000_0156.uasset" 10318
"../../../Engine/Content/EngineMaterials/Substrate/Glints2/dict_0000_0155.uasset" 10319
"/Engine/EngineMaterials/Substrate/Glints2/dict_0000_0150" 10320
"../../../Engine/Content/EngineMaterials/Substrate/Glints2/dict_0000_0148.uasset" 10321
"/Engine/EngineMaterials/Substrate/Glints2/dict_0000_0151" 10322
"/Engine/EngineMaterials/Substrate/Glints2/dict_0000_0152" 10323
"/Engine/EngineMaterials/Substrate/Glints2/dict_0000_0153" 10324
"/Engine/EngineMaterials/Substrate/Glints2/dict_0000_0154" 10325
"/Engine/EngineMaterials/Substrate/Glints2/dict_0000_0156" 10326
"/Engine/EngineMaterials/Substrate/Glints2/dict_0000_0148" 10327
"../../../Engine/Content/EngineMaterials/Substrate/Glints2/dict_0000_0145.uasset" 10328
"../../../Engine/Content/EngineMaterials/Substrate/Glints2/dict_0000_0147.uasset" 10329
"../../../Engine/Content/EngineMaterials/Substrate/Glints2/dict_0000_0146.uasset" 10330
"/Engine/EngineMaterials/Substrate/Glints2/dict_0000_0155" 10331
"/Engine/EngineMaterials/Substrate/Glints2/dict_0000_0145" 10332
"/Engine/EngineMaterials/Substrate/Glints2/dict_0000_0146" 10333
"/Engine/EngineMaterials/Substrate/Glints2/dict_0000_0147" 10334
"../../../Engine/Content/EngineMaterials/Substrate/Glints2/dict_0000_0143.uasset" 10335
"../../../Engine/Content/EngineMaterials/Substrate/Glints2/dict_0000_0140.uasset" 10336
"../../../Engine/Content/EngineMaterials/Substrate/Glints2/dict_0000_0141.uasset" 10337
"../../../Engine/Content/EngineMaterials/Substrate/Glints2/dict_0000_0138.uasset" 10338
"../../../Engine/Content/EngineMaterials/Substrate/Glints2/dict_0000_0139.uasset" 10339
"../../../Engine/Content/EngineMaterials/Substrate/Glints2/dict_0000_0137.uasset" 10340
"/Engine/EngineMaterials/Substrate/Glints2/dict_0000_0137" 10341
"/Engine/EngineMaterials/Substrate/Glints2/dict_0000_0143" 10342
"../../../Engine/Content/EngineMaterials/Substrate/Glints2/dict_0000_0144.uasset" 10343
"../../../Engine/Content/EngineMaterials/Substrate/Glints2/dict_0000_0136.uasset" 10344
"/Engine/EngineMaterials/Substrate/Glints2/dict_0000_0138" 10345
"../../../Engine/Content/EngineMaterials/Substrate/Glints2/dict_0000_0134.uasset" 10346
"../../../Engine/Content/EngineMaterials/Substrate/Glints2/dict_0000_0133.uasset" 10347
"/Engine/EngineMaterials/Substrate/Glints2/dict_0000_0139" 10348
"/Engine/EngineMaterials/Substrate/Glints2/dict_0000_0140" 10349
"/Engine/EngineMaterials/Substrate/Glints2/dict_0000_0141" 10350
"/Engine/EngineMaterials/Substrate/Glints2/dict_0000_0144" 10351
"/Engine/EngineMaterials/Substrate/Glints2/dict_0000_0136" 10352
"/Engine/EngineMaterials/Substrate/Glints2/dict_0000_0133" 10353
"/Engine/EngineMaterials/Substrate/Glints2/dict_0000_0134" 10354
"../../../Engine/Content/EngineMaterials/Substrate/Glints2/dict_0000_0142.uasset" 10355
"../../../Engine/Content/EngineMaterials/Substrate/Glints2/dict_0000_0132.uasset" 10356
"../../../Engine/Content/EngineMaterials/Substrate/Glints2/dict_0000_0135.uasset" 10357
"../../../Engine/Content/EngineMaterials/Substrate/Glints2/dict_0000_0128.uasset" 10358
"../../../Engine/Content/EngineMaterials/Substrate/Glints2/dict_0000_0131.uasset" 10359
"../../../Engine/Content/EngineMaterials/Substrate/Glints2/dict_0000_0130.uasset" 10360
"../../../Engine/Content/EngineMaterials/Substrate/Glints2/dict_0000_0127.uasset" 10361
"/Engine/EngineMaterials/Substrate/Glints2/dict_0000_0127" 10362
"/Engine/EngineMaterials/Substrate/Glints2/dict_0000_0128" 10363
"../../../Engine/Content/EngineMaterials/Substrate/Glints2/dict_0000_0124.uasset" 10364
"../../../Engine/Content/EngineMaterials/Substrate/Glints2/dict_0000_0123.uasset" 10365
"/Engine/EngineMaterials/Substrate/Glints2/dict_0000_0130" 10366
"../../../Engine/Content/EngineMaterials/Substrate/Glints2/dict_0000_0122.uasset" 10367
"/Engine/EngineMaterials/Substrate/Glints2/dict_0000_0131" 10368
"../../../Engine/Content/EngineMaterials/Substrate/Glints2/dict_0000_0125.uasset" 10369
"/Engine/EngineMaterials/Substrate/Glints2/dict_0000_0135" 10370
"/Engine/EngineMaterials/Substrate/Glints2/dict_0000_0132" 10371
"../../../Engine/Content/EngineMaterials/Substrate/Glints2/dict_0000_0121.uasset" 10372
"/Engine/EngineMaterials/Substrate/Glints2/dict_0000_0142" 10373
"/Engine/EngineMaterials/Substrate/Glints2/dict_0000_0121" 10374
"../../../Engine/Content/EngineMaterials/Substrate/Glints2/dict_0000_0119.uasset" 10375
"/Engine/EngineMaterials/Substrate/Glints2/dict_0000_0122" 10376
"/Engine/EngineMaterials/Substrate/Glints2/dict_0000_0123" 10377
"../../../Engine/Content/EngineMaterials/Substrate/Glints2/dict_0000_0126.uasset" 10378
"../../../Engine/Content/EngineMaterials/Substrate/Glints2/dict_0000_0120.uasset" 10379
"/Engine/EngineMaterials/Substrate/Glints2/dict_0000_0124" 10380
"/Engine/EngineMaterials/Substrate/Glints2/dict_0000_0125" 10381
"../../../Engine/Content/EngineMaterials/Substrate/Glints2/dict_0000_0129.uasset" 10382
"/Engine/EngineMaterials/Substrate/Glints2/dict_0000_0129" 10383
"../../../Engine/Content/EngineMaterials/Substrate/Glints2/dict_0000_0116.uasset" 10384
"/Engine/EngineMaterials/Substrate/Glints2/dict_0000_0119" 10385
"/Engine/EngineMaterials/Substrate/Glints2/dict_0000_0120" 10386
"/Engine/EngineMaterials/Substrate/Glints2/dict_0000_0126" 10387
"/Engine/EngineMaterials/Substrate/Glints2/dict_0000_0116" 10388
"../../../Engine/Content/EngineMaterials/Substrate/Glints2/dict_0000_0115.uasset" 10389
"/Engine/EngineMaterials/Substrate/Glints2/dict_0000_0115" 10390
"../../../Engine/Content/EngineMaterials/Substrate/Glints2/dict_0000_0113.uasset" 10391
"../../../Engine/Content/EngineMaterials/Substrate/Glints2/dict_0000_0111.uasset" 10392
"../../../Engine/Content/EngineMaterials/Substrate/Glints2/dict_0000_0114.uasset" 10393
"../../../Engine/Content/EngineMaterials/Substrate/Glints2/dict_0000_0118.uasset" 10394
"../../../Engine/Content/EngineMaterials/Substrate/Glints2/dict_0000_0117.uasset" 10395
"../../../Engine/Content/EngineMaterials/Substrate/Glints2/dict_0000_0109.uasset" 10396
"../../../Engine/Content/EngineMaterials/Substrate/Glints2/dict_0000_0110.uasset" 10397
"/Engine/EngineMaterials/Substrate/Glints2/dict_0000_0109" 10398
"../../../Engine/Content/EngineMaterials/Substrate/Glints2/dict_0000_0108.uasset" 10399
"/Engine/EngineMaterials/Substrate/Glints2/dict_0000_0118" 10400
"/Engine/EngineMaterials/Substrate/Glints2/dict_0000_0110" 10401
"/Engine/EngineMaterials/Substrate/Glints2/dict_0000_0111" 10402
"/Engine/EngineMaterials/Substrate/Glints2/dict_0000_0117" 10403
"/Engine/EngineMaterials/Substrate/Glints2/dict_0000_0113" 10404
"/Engine/EngineMaterials/Substrate/Glints2/dict_0000_0114" 10405
"/Engine/EngineMaterials/Substrate/Glints2/dict_0000_0108" 10406
"../../../Engine/Content/EngineMaterials/Substrate/Glints2/dict_0000_0106.uasset" 10407
"../../../Engine/Content/EngineMaterials/Substrate/Glints2/dict_0000_0104.uasset" 10408
"../../../Engine/Content/EngineMaterials/Substrate/Glints2/dict_0000_0103.uasset" 10409
"../../../Engine/Content/EngineMaterials/Substrate/Glints2/dict_0000_0102.uasset" 10410
"../../../Engine/Content/EngineMaterials/Substrate/Glints2/dict_0000_0105.uasset" 10411
"../../../Engine/Content/EngineMaterials/Substrate/Glints2/dict_0000_0107.uasset" 10412
"../../../Engine/Content/EngineMaterials/Substrate/Glints2/dict_0000_0099.uasset" 10413
"../../../Engine/Content/EngineMaterials/Substrate/Glints2/dict_0000_0100.uasset" 10414
"../../../Engine/Content/EngineMaterials/Substrate/Glints2/dict_0000_0101.uasset" 10415
"/Engine/EngineMaterials/Substrate/Glints2/dict_0000_0105" 10416
"/Engine/EngineMaterials/Substrate/Glints2/dict_0000_0099" 10417
"/Engine/EngineMaterials/Substrate/Glints2/dict_0000_0100" 10418
"/Engine/EngineMaterials/Substrate/Glints2/dict_0000_0101" 10419
"/Engine/EngineMaterials/Substrate/Glints2/dict_0000_0102" 10420
"/Engine/EngineMaterials/Substrate/Glints2/dict_0000_0106" 10421
"../../../Engine/Content/EngineMaterials/Substrate/Glints2/dict_0000_0098.uasset" 10422
"../../../Engine/Content/EngineMaterials/Substrate/Glints2/dict_0000_0095.uasset" 10423
"../../../Engine/Content/EngineMaterials/Substrate/Glints2/dict_0000_0094.uasset" 10424
"/Engine/EngineMaterials/Substrate/Glints2/dict_0000_0103" 10425
"/Engine/EngineMaterials/Substrate/Glints2/dict_0000_0107" 10426
"../../../Engine/Content/EngineMaterials/Substrate/Glints2/dict_0000_0097.uasset" 10427
"/Engine/EngineMaterials/Substrate/Glints2/dict_0000_0104" 10428
"/Engine/EngineMaterials/Substrate/Glints2/dict_0000_0098" 10429
"../../../Engine/Content/EngineMaterials/Substrate/Glints2/dict_0000_0093.uasset" 10430
"/Engine/EngineMaterials/Substrate/Glints2/dict_0000_0094" 10431
"/Engine/EngineMaterials/Substrate/Glints2/dict_0000_0095" 10432
"/Engine/EngineMaterials/Substrate/Glints2/dict_0000_0097" 10433
"/Engine/EngineMaterials/Substrate/Glints2/dict_0000_0093" 10434
"../../../Engine/Content/EngineMaterials/Substrate/Glints2/dict_0000_0091.uasset" 10435
"../../../Engine/Content/EngineMaterials/Substrate/Glints2/dict_0000_0096.uasset" 10436
"../../../Engine/Content/EngineMaterials/Substrate/Glints2/dict_0000_0092.uasset" 10437
"../../../Engine/Content/EngineMaterials/Substrate/Glints2/dict_0000_0090.uasset" 10438
"../../../Engine/Content/EngineMaterials/Substrate/Glints2/dict_0000_0089.uasset" 10439
"../../../Engine/Content/EngineMaterials/Substrate/Glints2/dict_0000_0088.uasset" 10440
"../../../Engine/Content/EngineMaterials/Substrate/Glints2/dict_0000_0086.uasset" 10441
"../../../Engine/Content/EngineMaterials/Substrate/Glints2/dict_0000_0087.uasset" 10442
"/Engine/EngineMaterials/Substrate/Glints2/dict_0000_0087" 10443
"../../../Engine/Content/EngineMaterials/Substrate/Glints2/dict_0000_0085.uasset" 10444
"../../../Engine/Content/EngineMaterials/Substrate/Glints2/dict_0000_0084.uasset" 10445
"/Engine/EngineMaterials/Substrate/Glints2/dict_0000_0089" 10446
"../../../Engine/Content/EngineMaterials/Substrate/Glints2/dict_0000_0083.uasset" 10447
"/Engine/EngineMaterials/Substrate/Glints2/dict_0000_0088" 10448
"/Engine/EngineMaterials/Substrate/Glints2/dict_0000_0090" 10449
"/Engine/EngineMaterials/Substrate/Glints2/dict_0000_0096" 10450
"/Engine/EngineMaterials/Substrate/Glints2/dict_0000_0086" 10451
"../../../Engine/Content/EngineMaterials/Substrate/Glints2/dict_0000_0082.uasset" 10452
"/Engine/EngineMaterials/Substrate/Glints2/dict_0000_0091" 10453
"../../../Engine/Content/EngineMaterials/Substrate/Glints2/dict_0000_0080.uasset" 10454
"/Engine/EngineMaterials/Substrate/Glints2/dict_0000_0092" 10455
"/Engine/EngineMaterials/Substrate/Glints2/dict_0000_0080" 10456
"/Engine/EngineMaterials/Substrate/Glints2/dict_0000_0082" 10457
"../../../Engine/Content/EngineMaterials/Substrate/Glints2/dict_0000_0079.uasset" 10458
"../../../Engine/Content/EngineMaterials/Substrate/Glints2/dict_0000_0081.uasset" 10459
"../../../Engine/Content/EngineMaterials/Substrate/Glints2/dict_0000_0078.uasset" 10460
"/Engine/EngineMaterials/Substrate/Glints2/dict_0000_0083" 10461
"/Engine/EngineMaterials/Substrate/Glints2/dict_0000_0084" 10462
"/Engine/EngineMaterials/Substrate/Glints2/dict_0000_0085" 10463
"/Engine/EngineMaterials/Substrate/Glints2/dict_0000_0081" 10464
"../../../Engine/Content/EngineMaterials/Substrate/Glints2/dict_0000_0076.uasset" 10465
"../../../Engine/Content/EngineMaterials/Substrate/Glints2/dict_0000_0075.uasset" 10466
"../../../Engine/Content/EngineMaterials/Substrate/Glints2/dict_0000_0077.uasset" 10467
"/Engine/EngineMaterials/Substrate/Glints2/dict_0000_0078" 10468
"../../../Engine/Content/EngineMaterials/Substrate/Glints2/dict_0000_0072.uasset" 10469
"/Engine/EngineMaterials/Substrate/Glints2/dict_0000_0079" 10470
"../../../Engine/Content/EngineMaterials/Substrate/Glints2/dict_0000_0073.uasset" 10471
"../../../Engine/Content/EngineMaterials/Substrate/Glints2/dict_0000_0074.uasset" 10472
"../../../Engine/Content/EngineMaterials/Substrate/Glints2/dict_0000_0173.uasset" 10473
"/Engine/EngineMaterials/Substrate/Glints2/dict_0000_0072" 10474
"/Engine/EngineMaterials/Substrate/Glints2/dict_0000_0073" 10475
"/Engine/EngineMaterials/Substrate/Glints2/dict_0000_0074" 10476
"../../../Engine/Content/EngineMaterials/Substrate/Glints2/dict_0000_0066.uasset" 10477
"../../../Engine/Content/EngineMaterials/Substrate/Glints2/dict_0000_0069.uasset" 10478
"/Engine/EngineMaterials/Substrate/Glints2/dict_0000_0075" 10479
"../../../Engine/Content/EngineMaterials/Substrate/Glints2/dict_0000_0068.uasset" 10480
"/Engine/EngineMaterials/Substrate/Glints2/dict_0000_0076" 10481
"/Engine/EngineMaterials/Substrate/Glints2/dict_0000_0173" 10482
"/Engine/EngineMaterials/Substrate/Glints2/dict_0000_0077" 10483
"/Engine/EngineMaterials/Substrate/Glints2/dict_0000_0066" 10484
"/Engine/EngineMaterials/Substrate/Glints2/dict_0000_0068" 10485
"/Engine/EngineMaterials/Substrate/Glints2/dict_0000_0069" 10486
"../../../Engine/Content/EngineMaterials/Substrate/Glints2/dict_0000_0067.uasset" 10487
"../../../Engine/Content/EngineMaterials/Substrate/Glints2/dict_0000_0071.uasset" 10488
"/Engine/EngineMaterials/Substrate/Glints2/dict_0000_0067" 10489
"/Engine/EngineMaterials/Substrate/Glints2/dict_0000_0071" 10490
"../../../Engine/Content/EngineMaterials/Substrate/Glints2/dict_0000_0070.uasset" 10491
"../../../Engine/Content/EngineMaterials/Substrate/Glints2/dict_0000_0064.uasset" 10492
"/Engine/EngineMaterials/Substrate/Glints2/dict_0000_0070" 10493
"/Engine/EngineMaterials/Substrate/Glints2/dict_0000_0064" 10494
"../../../Engine/Content/EngineMaterials/Substrate/Glints2/dict_0000_0063.uasset" 10495
"../../../Engine/Content/EngineMaterials/Substrate/Glints2/dict_0000_0062.uasset" 10496
"../../../Engine/Content/EngineMaterials/Substrate/Glints2/dict_0000_0061.uasset" 10497
"../../../Engine/Content/EngineMaterials/Substrate/Glints2/dict_0000_0058.uasset" 10498
"../../../Engine/Content/EngineMaterials/Substrate/Glints2/dict_0000_0060.uasset" 10499
"../../../Engine/Content/EngineMaterials/Substrate/Glints2/dict_0000_0059.uasset" 10500
"../../../Engine/Content/EngineMaterials/Substrate/Glints2/dict_0000_0056.uasset" 10501
"../../../Engine/Content/EngineMaterials/Substrate/Glints2/dict_0001_0053.uasset" 10502
"/Engine/EngineMaterials/Substrate/Glints2/dict_0000_0058" 10503
"../../../Engine/Content/EngineMaterials/Substrate/Glints2/dict_0000_0057.uasset" 10504
"/Engine/EngineMaterials/Substrate/Glints2/dict_0000_0059" 10505
"/Engine/EngineMaterials/Substrate/Glints2/dict_0000_0060" 10506
"/Engine/EngineMaterials/Substrate/Glints2/dict_0000_0056" 10507
"/Engine/EngineMaterials/Substrate/Glints2/dict_0000_0061" 10508
"/Engine/EngineMaterials/Substrate/Glints2/dict_0000_0062" 10509
"/Engine/EngineMaterials/Substrate/Glints2/dict_0000_0063" 10510
"/Engine/EngineMaterials/Substrate/Glints2/dict_0000_0057" 10511
"../../../Engine/Content/EngineMaterials/Substrate/Glints2/dict_0000_0053.uasset" 10512
"../../../Engine/Content/EngineMaterials/Substrate/Glints2/dict_0000_0052.uasset" 10513
"../../../Engine/Content/EngineMaterials/Substrate/Glints2/dict_0000_0055.uasset" 10514
"../../../Engine/Content/EngineMaterials/Substrate/Glints2/dict_0000_0051.uasset" 10515
"../../../Engine/Content/EngineMaterials/Substrate/Glints2/dict_0000_0054.uasset" 10516
"../../../Engine/Content/EngineMaterials/Substrate/Glints2/dict_0000_0049.uasset" 10517
"../../../Engine/Content/EngineMaterials/Substrate/Glints2/dict_0000_0050.uasset" 10518
"../../../Engine/Content/EngineMaterials/Substrate/Glints2/dict_0000_0048.uasset" 10519
"/Engine/EngineMaterials/Substrate/Glints2/dict_0001_0053" 10520
"/Engine/EngineMaterials/Substrate/Glints2/dict_0000_0052" 10521
"/Engine/EngineMaterials/Substrate/Glints2/dict_0000_0049" 10522
"/Engine/EngineMaterials/Substrate/Glints2/dict_0000_0053" 10523
"/Engine/EngineMaterials/Substrate/Glints2/dict_0000_0054" 10524
"/Engine/EngineMaterials/Substrate/Glints2/dict_0000_0055" 10525
"../../../Engine/Content/EngineMaterials/Substrate/Glints2/dict_0000_0045.uasset" 10526
"/Engine/EngineMaterials/Substrate/Glints2/dict_0000_0048" 10527
"/Engine/EngineMaterials/Substrate/Glints2/dict_0000_0050" 10528
"/Engine/EngineMaterials/Substrate/Glints2/dict_0000_0051" 10529
"../../../Engine/Content/EngineMaterials/Substrate/Glints2/dict_0000_0046.uasset" 10530
"/Engine/EngineMaterials/Substrate/Glints2/dict_0000_0045" 10531
"../../../Engine/Content/EngineMaterials/Substrate/Glints2/dict_0000_0041.uasset" 10532
"../../../Engine/Content/EngineMaterials/Substrate/Glints2/dict_0000_0043.uasset" 10533
"/Engine/EngineMaterials/Substrate/Glints2/dict_0000_0046" 10534
"/Engine/EngineMaterials/Substrate/Glints2/dict_0000_0041" 10535
"/Engine/EngineMaterials/Substrate/Glints2/dict_0000_0043" 10536
"../../../Engine/Content/EngineMaterials/Substrate/Glints2/dict_0000_0044.uasset" 10537
"../../../Engine/Content/EngineMaterials/Substrate/Glints2/dict_0000_0042.uasset" 10538
"../../../Engine/Content/EngineMaterials/Substrate/Glints2/dict_0000_0040.uasset" 10539
"../../../Engine/Content/EngineMaterials/Substrate/Glints2/dict_0000_0047.uasset" 10540
"../../../Engine/Content/EngineMaterials/Substrate/Glints2/dict_0000_0037.uasset" 10541
"../../../Engine/Content/EngineMaterials/Substrate/Glints2/dict_0000_0038.uasset" 10542
"../../../Engine/Content/EngineMaterials/Substrate/Glints2/dict_0000_0035.uasset" 10543
"../../../Engine/Content/EngineMaterials/Substrate/Glints2/dict_0000_0033.uasset" 10544
"../../../Engine/Content/EngineMaterials/Substrate/Glints2/dict_0000_0034.uasset" 10545
"/Engine/EngineMaterials/Substrate/Glints2/dict_0000_0035" 10546
"../../../Engine/Content/EngineMaterials/Substrate/Glints2/dict_0000_0036.uasset" 10547
"/Engine/EngineMaterials/Substrate/Glints2/dict_0000_0037" 10548
"../../../Engine/Content/EngineMaterials/Substrate/Glints2/dict_0000_0039.uasset" 10549
"/Engine/EngineMaterials/Substrate/Glints2/dict_0000_0042" 10550
"/Engine/EngineMaterials/Substrate/Glints2/dict_0000_0044" 10551
"/Engine/EngineMaterials/Substrate/Glints2/dict_0000_0047" 10552
"/Engine/EngineMaterials/Substrate/Glints2/dict_0000_0038" 10553
"/Engine/EngineMaterials/Substrate/Glints2/dict_0000_0040" 10554
"/Engine/EngineMaterials/Substrate/Glints2/dict_0000_0033" 10555
"/Engine/EngineMaterials/Substrate/Glints2/dict_0000_0034" 10556
"../../../Engine/Content/EngineMaterials/Substrate/Glints2/dict_0000_0032.uasset" 10557
"../../../Engine/Content/EngineMaterials/Substrate/Glints2/dict_0000_0029.uasset" 10558
"../../../Engine/Content/EngineMaterials/Substrate/Glints2/dict_0000_0030.uasset" 10559
"../../../Engine/Content/EngineMaterials/Substrate/Glints2/dict_0000_0028.uasset" 10560
"../../../Engine/Content/EngineMaterials/Substrate/Glints2/dict_0000_0031.uasset" 10561
"/Engine/EngineMaterials/Substrate/Glints2/dict_0000_0039" 10562
"/Engine/EngineMaterials/Substrate/Glints2/dict_0000_0028" 10563
"/Engine/EngineMaterials/Substrate/Glints2/dict_0000_0029" 10564
"/Engine/EngineMaterials/Substrate/Glints2/dict_0000_0030" 10565
"/Engine/EngineMaterials/Substrate/Glints2/dict_0000_0032" 10566
"/Engine/EngineMaterials/Substrate/Glints2/dict_0000_0036" 10567
"/Engine/EngineMaterials/Substrate/Glints2/dict_0000_0031" 10568
"../../../Engine/Content/EngineMaterials/Substrate/Glints2/dict_0000_0024.uasset" 10569
"../../../Engine/Content/EngineMaterials/Substrate/Glints2/dict_0000_0027.uasset" 10570
"../../../Engine/Content/EngineMaterials/Substrate/Glints2/dict_0000_0022.uasset" 10571
"../../../Engine/Content/EngineMaterials/Substrate/Glints2/dict_0000_0025.uasset" 10572
"../../../Engine/Content/EngineMaterials/Substrate/Glints2/dict_0000_0021.uasset" 10573
"../../../Engine/Content/EngineMaterials/Substrate/Glints2/dict_0000_0023.uasset" 10574
"../../../Engine/Content/EngineMaterials/Substrate/Glints2/dict_0000_0026.uasset" 10575
"../../../Engine/Content/EngineMaterials/Substrate/Glints2/dict_0000_0016.uasset" 10576
"/Engine/EngineMaterials/Substrate/Glints2/dict_0000_0027" 10577
"../../../Engine/Content/EngineMaterials/Substrate/Glints2/dict_0000_0020.uasset" 10578
"../../../Engine/Content/EngineMaterials/Substrate/Glints2/dict_0000_0018.uasset" 10579
"../../../Engine/Content/EngineMaterials/Substrate/Glints2/dict_0000_0019.uasset" 10580
"/Engine/EngineMaterials/Substrate/Glints2/dict_0000_0021" 10581
"../../../Engine/Content/EngineMaterials/Substrate/Glints2/dict_0000_0015.uasset" 10582
"/Engine/EngineMaterials/Substrate/Glints2/dict_0000_0022" 10583
"/Engine/EngineMaterials/Substrate/Glints2/dict_0000_0023" 10584
"/Engine/EngineMaterials/Substrate/Glints2/dict_0000_0024" 10585
"/Engine/EngineMaterials/Substrate/Glints2/dict_0000_0025" 10586
"../../../Engine/Content/EngineMaterials/Substrate/Glints2/dict_0000_0014.uasset" 10587
"/Engine/EngineMaterials/Substrate/Glints2/dict_0000_0026" 10588
"/Engine/EngineMaterials/Substrate/Glints2/dict_0000_0018" 10589
"/Engine/EngineMaterials/Substrate/Glints2/dict_0000_0019" 10590
"/Engine/EngineMaterials/Substrate/Glints2/dict_0000_0020" 10591
"/Engine/EngineMaterials/Substrate/Glints2/dict_0000_0014" 10592
"/Engine/EngineMaterials/Substrate/Glints2/dict_0000_0015" 10593
"/Engine/EngineMaterials/Substrate/Glints2/dict_0000_0016" 10594
"../../../Engine/Content/EngineMaterials/Substrate/Glints2/dict_0000_0013.uasset" 10595
"../../../Engine/Content/EngineMaterials/Substrate/Glints2/dict_0000_0009.uasset" 10596
"../../../Engine/Content/EngineMaterials/Substrate/Glints2/dict_0000_0011.uasset" 10597
"../../../Engine/Content/EngineMaterials/Substrate/Glints2/dict_0000_0012.uasset" 10598
"/Engine/EngineMaterials/Substrate/Glints2/dict_0000_0009" 10599
"../../../Engine/Content/EngineMaterials/Substrate/Glints2/dict_0000_0010.uasset" 10600
"/Engine/EngineMaterials/Substrate/Glints2/dict_0000_0011" 10601
"/Engine/EngineMaterials/Substrate/Glints2/dict_0000_0012" 10602
"/Engine/EngineMaterials/Substrate/Glints2/dict_0000_0013" 10603
"/Engine/EngineMaterials/Substrate/Glints2/dict_0000_0010" 10604
"../../../Engine/Content/EngineMaterials/Substrate/Glints2/dict_0000_0008.uasset" 10605
"../../../Engine/Content/EngineMaterials/Substrate/Glints2/dict_0000_0003.uasset" 10606
"../../../Engine/Content/EngineMaterials/Substrate/Glints2/dict_0000_0007.uasset" 10607
"../../../Engine/Content/EngineMaterials/Substrate/Glints2/dict_0000_0006.uasset" 10608
"../../../Engine/Content/EngineMaterials/Substrate/Glints2/dict_0000_0004.uasset" 10609
"../../../Engine/Content/EngineMaterials/Substrate/Glints2/dict_0000_0005.uasset" 10610
"../../../Engine/Content/EngineMaterials/Substrate/Volume/SubstrateSimpleVolumeLUT2D.uasset" 10611
"../../../Engine/Content/EngineMaterials/Substrate/Volume/SubstrateSimpleVolumeLUT3D.uasset" 10612
"../../../Engine/Content/EngineMaterials/Substrate/Volume/SubstrateSimpleVolumeEnvLUT2D.uasset" 10613
"../../../Engine/Content/EngineMaterials/Substrate/Volume/SubstrateSimpleVolumeEnvLUT3D.uasset" 10614
"/Engine/EngineMaterials/Substrate/Glints2/dict_0000_0005" 10615
"/Engine/EngineMaterials/Substrate/Glints2/dict_0000_0006" 10616
"/Engine/EngineMaterials/Substrate/Glints2/dict_0000_0007" 10617
"../../../Engine/Content/EngineMaterials/Substrate/Glints2/dict_0000_0000.uasset" 10618
"../../../Engine/Content/EngineMaterials/Substrate/Glints2/dict_0000_0001.uasset" 10619
"../../../Engine/Content/EngineMaterials/DefaultCalibrationColor.uasset" 10620
"/Engine/EngineMaterials/Substrate/Glints2/dict_0000_0008" 10621
"../../../Engine/Content/EngineMaterials/Substrate/Glints2/dict_0000_0002.uasset" 10622
"../../../Engine/Content/EngineMaterials/Substrate/Glints2/AGlintTex2dArray2.uasset" 10623
"../../../Engine/Content/EngineMaterials/PPM_DefaultCalibrationColor.uasset" 10624
"/Engine/EngineMaterials/Substrate/Volume/SubstrateSimpleVolumeLUT2D" 10625
"/Engine/EngineMaterials/Substrate/Glints2/dict_0000_0003" 10626
"/Engine/EngineMaterials/Substrate/Volume/SubstrateSimpleVolumeEnvLUT3D" 10627
"/Engine/EngineMaterials/Substrate/Volume/SubstrateSimpleVolumeLUT3D" 10628
"/Engine/EngineMaterials/Substrate/Glints2/dict_0000_0004" 10629
"/Engine/EngineMaterials/Substrate/Glints2/dict_0000_0000" 10630
"/Engine/EngineMaterials/Substrate/Glints2/dict_0000_0001" 10631
"/Engine/EngineMaterials/PPM_DefaultCalibrationColor" 10632
"../../../Engine/Plugins/Interchange/Assets/Content/Functions/MX_Surface.uasset" 10633
"../../../Engine/Content/Functions/MaterialLayerFunctions/MatLayerBlend_OverrideOpacity.uasset" 10634
"/Engine/EngineMaterials/Substrate/Glints2/dict_0000_0002" 10635
"../../../Engine/Content/EngineMaterials/DefaultCalibrationGrayscale.uasset" 10636
"/Engine/EngineMaterials/DefaultCalibrationGrayscale" 10637
"../../../Engine/Content/Functions/Engine_MaterialFunctions02/Utility/BlendAngleCorrectedNormals.uasset" 10638
"/InterchangeAssets/Functions/MX_Surface" 10639
"../../../Engine/Content/Functions/Engine_MaterialFunctions03/Procedurals/HeightToNormalSmooth.uasset" 10640
"../../../Engine/Content/EngineMaterials/PPM_DefaultCalibrationGrayscale.uasset" 10641
"/Engine/Functions/Engine_MaterialFunctions02/Utility/BlendAngleCorrectedNormals" 10642
"/Engine/Functions/Engine_MaterialFunctions03/Procedurals/HeightToNormalSmooth" 10643
"C:/Users/user1/Documents/Unreal Projects/Casino_Simulator_KCU/Content/2_Resource/Image/Gemini_Generated_Image_ssv3k4ssv3k4ssv3.uasset" 10644
"C:/Users/user1/Documents/Unreal Projects/Casino_Simulator_KCU/Content/2_Resource/Image/Gemini_Generated_Image_7sx6tl7sx6tl7sx6-Photoroom.uasset" 10645
"/Game/2_Resource/Image/Gemini_Generated_Image_ssv3k4ssv3k4ssv3" 10646
"../../../Engine/Plugins/Interchange/Assets/Content/Functions/MX_Displacement.uasset" 10647
"C:/Users/user1/Documents/Unreal Projects/Casino_Simulator_KCU/Content/2_Resource/Image/Gemini_Generated_Image_uvxxsnuvxxsnuvxx.uasset" 10648
"/Engine/EngineMaterials/PPM_DefaultCalibrationGrayscale" 10649
"/Game/2_Resource/Image/Gemini_Generated_Image_7sx6tl7sx6tl7sx6-Photoroom" 10650
"/InterchangeAssets/Functions/MX_Displacement" 10651
"C:/Users/user1/Documents/Unreal Projects/Casino_Simulator_KCU/Content/2_Resource/Image/Gemini_Generated_Image_bvq15fbvq15fbvq1-Photoroom.uasset" 10652
"/Game/2_Resource/Image/Gemini_Generated_Image_uvxxsnuvxxsnuvxx" 10653
"/Game/2_Resource/Image/Gemini_Generated_Image_bvq15fbvq15fbvq1-Photoroom" 10654
"../../../Engine/Plugins/NNE/NNEDenoiser/Content/NNEDIM_ColorAlbedoNormal_Default.uasset" 10655
"/NNEDenoiser/NNEDIM_ColorAlbedoNormal_Default" 10656
"../../../Engine/Plugins/NNE/NNEDenoiser/Content/NNEDIM_ColorAlbedoNormal_Alpha.uasset" 10657
"../../../Engine/Plugins/NNE/NNEDenoiser/Content/NNEDIM_HighQuality_Alpha.uasset" 10658
"/NNEDenoiser/NNEDIM_ColorAlbedoNormal_Alpha" 10659
"../../../Engine/Content/EngineMaterials/Substrate/Glints2/dict_0000_0112.uasset" 10660
"/NNEDenoiser/NNEDIM_HighQuality_Alpha" 10661
"/Engine/EngineMaterials/Substrate/Glints2/dict_0000_0112" 10662
"../../../Engine/Plugins/NNE/NNEDenoiser/Content/NNEDOM_Output_Alpha.uasset" 10663
"../../../Engine/Plugins/NNE/NNEDenoiser/Content/NNEDIM_HighQuality_Default.uasset" 10664
"../../../Engine/Plugins/NNE/NNEDenoiser/Content/NNEDTIM_ColorAlbedoNormal_Alpha.uasset" 10665
"../../../Engine/Plugins/NNE/NNEDenoiser/Content/NNEDTOM_Output_Alpha.uasset" 10666
"../../../Engine/Plugins/NNE/NNEDenoiser/Content/NNEDOM_Output_Default.uasset" 10667
"../../../Engine/Plugins/NNE/NNEDenoiser/Content/NNEDTIM_ColorAlbedoNormal_Default.uasset" 10668
"../../../Engine/Plugins/NNE/NNEDenoiser/Content/NNED_Oidn2-3_Balanced_Alpha.uasset" 10669
"../../../Engine/Plugins/NNE/NNEDenoiser/Content/NNED_Oidn2-3_Balanced.uasset" 10670
"../../../Engine/Plugins/NNE/NNEDenoiser/Content/NNEDT_Oidn2-3_Balanced.uasset" 10671
"../../../Engine/Plugins/NNE/NNEDenoiser/Content/NNEDT_Oidn2-3_Balanced_Alpha.uasset" 10672
"/NNEDenoiser/NNEDT_Oidn2-3_Balanced_Alpha" 10673
"/NNEDenoiser/NNEDT_Oidn2-3_Balanced" 10674
"/NNEDenoiser/NNEDTOM_Output_Alpha" 10675
"/NNEDenoiser/NNED_Oidn2-3_Balanced_Alpha" 10676
"/NNEDenoiser/NNED_Oidn2-3_Balanced" 10677
"/NNEDenoiser/NNEDTIM_ColorAlbedoNormal_Default" 10678
"../../../Engine/Plugins/NNE/NNEDenoiser/Content/NNED_Oidn2-3_HighQuality_Alpha.uasset" 10679
"/NNEDenoiser/NNEDTIM_ColorAlbedoNormal_Alpha" 10680
"../../../Engine/Plugins/NNE/NNEDenoiser/Content/NNED_Oidn2-3_Fast_Alpha.uasset" 10681
"../../../Engine/Plugins/NNE/NNEDenoiser/Content/NNED_Oidn2-3_HighQuality.uasset" 10682
"/NNEDenoiser/NNEDOM_Output_Default" 10683
"../../../Engine/Plugins/NNE/NNEDenoiser/Content/NNE_oidn2-3-0_rt_hdr_alb_nrm_small__dyn__fp16_opset11_DenoiseAlpha.uasset" 10684
"/NNEDenoiser/NNEDOM_Output_Alpha" 10685
"../../../Engine/Plugins/NNE/NNEDenoiser/Content/NNED_Oidn2-3_Fast.uasset" 10686
"../../../Engine/Content/EditorResources/BSPVertex.uasset" 10687
"../../../Engine/Content/EngineMaterials/DefaultBloomKernel.uasset" 10688
"/NNEDenoiser/NNEDIM_HighQuality_Default" 10689
"/Engine/EditorResources/BSPVertex" 10690
"../../../Engine/Plugins/NNE/NNEDenoiser/Content/NNE_oidn2-3-0_rt_hdr_alb_nrm_small__dyn__fp16_opset11_ForwardAlpha.uasset" 10691
"/NNEDenoiser/NNED_Oidn2-3_HighQuality" 10692
"/NNEDenoiser/NNE_oidn2-3-0_rt_hdr_alb_nrm_small__dyn__fp16_opset11_DenoiseAlpha" 10693
"../../../Engine/Plugins/NNE/NNEDenoiser/Content/NNE_oidn2-3-0_rt_hdr_alb_nrm__dyn__fp16_opset11_ForwardAlpha.uasset" 10694
"../../../Engine/Plugins/NNE/NNEDenoiser/Content/NNE_oidn2-3-0_rt_hdr_calb_cnrm_large__dyn__fp16_opset11_DenoiseAlpha.uasset" 10695
"../../../Engine/Plugins/NNE/NNEDenoiser/Content/NNE_oidn2-3-0_rt_hdr_calb_cnrm_large__dyn__fp16_opset11_ForwardAlpha.uasset" 10696
"/NNEDenoiser/NNED_Oidn2-3_Fast_Alpha" 10697
"../../../Engine/Content/EngineDebugMaterials/DebugEditorMaterial.uasset" 10698
"../../../Engine/Content/EngineMaterials/FastBlueNoise_scalar_128x128x64.uasset" 10699
"../../../Engine/Content/EngineMaterials/FastBlueNoise_vec2_128x128x64.uasset" 10700
"/NNEDenoiser/NNED_Oidn2-3_Fast" 10701
"/Engine/EngineMaterials/DefaultBloomKernel" 10702
"../../../Engine/Plugins/NNE/NNEDenoiser/Content/NNE_oidn2-3-0_rt_hdr_alb_nrm__dyn__fp16_opset11_DenoiseAlpha.uasset" 10703
"../../../Engine/Content/EngineResources/FilmGrains/Marcie_Grain_v3_128_M2_000.uasset" 10704
"../../../Engine/Content/EngineSounds/Master.uasset" 10705
"../../../Engine/Content/EngineMaterials/EnergyConservation/SheenLegacy_Energy.uasset" 10706
"../../../Engine/Content/EngineMaterials/FastBlueNoise_scalar_128x128x8.uasset" 10707
"../../../Engine/Content/EngineResources/Development/ZenLogo_64.uasset" 10708
"../../../Engine/Content/EngineMaterials/SMAAAreaTex.uasset" 10709
"../../../Engine/Plugins/NNE/NNEDenoiser/Content/NNEDTOM_Output_Default.uasset" 10710
"../../../Engine/Content/EngineMaterials/SMAASearchTex.uasset" 10711
"../../../Engine/Plugins/Interchange/Runtime/Content/Pipelines/DefaultGLTFPipeline.uasset" 10712
"../../../Engine/Plugins/Interchange/Runtime/Content/Pipelines/DefaultMaterialXPipeline.uasset" 10713
"../../../Engine/Plugins/Interchange/Runtime/Content/Pipelines/DefaultAssetsPipeline.uasset" 10714
"../../../Engine/Plugins/Interchange/Runtime/Content/Pipelines/DefaultMaterialPipeline.uasset" 10715
"../../../Engine/Plugins/Interchange/Runtime/Content/Pipelines/DefaultGLTFAssetsPipeline.uasset" 10716
"../../../Engine/Content/EngineMaterials/Substrate/Glints2/dict_0000_0065.uasset" 10717
"../../../Engine/Content/EngineMaterials/Substrate/Glints2/dict_0000_0017.uasset" 10718
"../../../Engine/Plugins/Interchange/Runtime/Content/Pipelines/DefaultTexturePipeline.uasset" 10719
"C:/Users/user1/Documents/Unreal Projects/Casino_Simulator_KCU/Intermediate/ORTOptimizerPass_Optimized14180A41483E75A26F6AA2B6EB91A6B6.onnx" 10720
"C:/Users/user1/Documents/Unreal Projects/Casino_Simulator_KCU/Intermediate/ORTOptimizerPass_Optimized10C8AF9C4D79F64CFD2C45B3EE2FE1EE.onnx" 10721
"/NNEDenoiser/NNED_Oidn2-3_HighQuality_Alpha" 10722
"/Interchange/Pipelines/DefaultTexturePipeline" 10723
"/Engine/EngineMaterials/Substrate/Glints2/AGlintTex2dArray2" 10724
"../../../Engine/Plugins/Interchange/Runtime/Content/Pipelines/DefaultSceneAssetsPipeline.uasset" 10725
"../../../Engine/Plugins/Interchange/Runtime/Content/Pipelines/DefaultAudioPipeline.uasset" 10726
"../../../Engine/Plugins/Interchange/Runtime/Content/Pipelines/DefaultSceneLevelPipeline.uasset" 10727
"../../../Engine/Plugins/Interchange/Runtime/Content/Pipelines/DefaultGLTFSceneAssetsPipeline.uasset" 10728
"../../../Engine/Plugins/Interchange/Assets/Content/Functions/MX_UsdPreviewSurface.uasset" 10729
"../../../Engine/Plugins/Interchange/Assets/Content/Functions/MX_SurfaceUnlit.uasset" 10730
"../../../Engine/Plugins/Interchange/Assets/Content/Substrate/MX_SimpleVolume.uasset" 10731
"/Engine/EngineResources/FilmGrains/Marcie_Grain_v3_128_M2_000" 10732
"/Interchange/Pipelines/DefaultMaterialPipeline" 10733
"/NNEDenoiser/NNE_oidn2-3-0_rt_hdr_calb_cnrm_large__dyn__fp16_opset11_ForwardAlpha" 10734
"/NNEDenoiser/NNE_oidn2-3-0_rt_hdr_alb_nrm__dyn__fp16_opset11_ForwardAlpha" 10735
"/NNEDenoiser/NNE_oidn2-3-0_rt_hdr_alb_nrm_small__dyn__fp16_opset11_ForwardAlpha" 10736
"/NNEDenoiser/NNEDTOM_Output_Default" 10737
"/NNEDenoiser/NNE_oidn2-3-0_rt_hdr_alb_nrm__dyn__fp16_opset11_DenoiseAlpha" 10738
"/Interchange/Pipelines/DefaultGLTFPipeline" 10739
"/Interchange/Pipelines/DefaultGLTFAssetsPipeline" 10740
"/Engine/EngineMaterials/FastBlueNoise_scalar_128x128x8" 10741
"/Engine/EngineMaterials/FastBlueNoise_vec2_128x128x64" 10742
"/Interchange/Pipelines/DefaultMaterialXPipeline" 10743
"/Engine/EngineDebugMaterials/DebugEditorMaterial" 10744
"C:/Users/user1/Documents/Unreal Projects/Casino_Simulator_KCU/Intermediate/ORTOptimizerPass_Optimized05C022E9426A328431834B903C58D5B8.onnx" 10745
"C:/Users/user1/Documents/Unreal Projects/Casino_Simulator_KCU/Intermediate/ORTOptimizerPass_OptimizedBEEEDF984EA544E5238D4693200EC304.onnx" 10746
"C:/Users/user1/Documents/Unreal Projects/Casino_Simulator_KCU/Intermediate/ORTOptimizerPass_OptimizedC927D86641D3A99631999CB59DF4E273.onnx" 10747
"C:/Users/user1/Documents/Unreal Projects/Casino_Simulator_KCU/Intermediate/ORTOptimizerPass_OptimizedFE7B0EAF49000A49EA8C0DB646CACF43.onnx" 10748
"C:/Users/user1/Documents/Unreal Projects/Casino_Simulator_KCU/Intermediate/ORTOptimizerPass_Optimized87E1880D45F6C1448E6EADBC2E86B33C.onnx" 10749
"C:/Users/user1/Documents/Unreal Projects/Casino_Simulator_KCU/Intermediate/ORTOptimizerPass_OptimizedE854089C45A575FA0B0314AA56EA4BFB.onnx" 10750
"C:/Users/user1/Documents/Unreal Projects/Casino_Simulator_KCU/Intermediate/ORTOptimizerPass_Optimized8D0AFDD84982A15B64520FB468FBAA82.onnx" 10751
"C:/Users/user1/Documents/Unreal Projects/Casino_Simulator_KCU/Intermediate/ORTOptimizerPass_OptimizedAEDE89AA4A12D25AC45F9EB98E6BDDDC.onnx" 10752
"/Engine/EngineResources/Development/ZenLogo_64" 10753
"/Interchange/Pipelines/DefaultAssetsPipeline" 10754
"/Engine/EngineSounds/Master" 10755
"/Engine/EngineMaterials/SMAASearchTex" 10756
"/NNEDenoiser/NNE_oidn2-3-0_rt_hdr_calb_cnrm_large__dyn__fp16_opset11_DenoiseAlpha" 10757
"/Engine/EngineMaterials/SMAAAreaTex" 10758
"/Engine/EngineMaterials/EnergyConservation/SheenLegacy_Energy" 10759
"/Engine/EngineMaterials/FastBlueNoise_scalar_128x128x64" 10760
"/InterchangeAssets/Substrate/MX_SimpleVolume" 10761
"/InterchangeAssets/Functions/MX_UsdPreviewSurface" 10762
"../../../Engine/Plugins/Interchange/Assets/Content/Functions/MX_TranslucentBSDF.uasset" 10763
"/InterchangeAssets/Functions/MX_SurfaceUnlit" 10764
"../../../Engine/Plugins/Interchange/Assets/Content/Functions/MX_OrenNayarBSDF.uasset" 10765
"/Interchange/Pipelines/DefaultGLTFSceneAssetsPipeline" 10766
"/Interchange/Pipelines/DefaultSceneLevelPipeline" 10767
"../../../Engine/Plugins/Interchange/Assets/Content/Functions/MX_BurleyDiffuseBSDF.uasset" 10768
"../../../Engine/Plugins/Interchange/Assets/Content/Functions/MX_DielectricBSDF.uasset" 10769
"../../../Engine/Plugins/Interchange/Assets/Content/Functions/MX_ConductorBSDF.uasset" 10770
"../../../Engine/Plugins/Interchange/Assets/Content/Functions/MX_GeneralizedSchlickBSDF.uasset" 10771
"/Interchange/Pipelines/DefaultSceneAssetsPipeline" 10772
"../../../Engine/Plugins/Interchange/Assets/Content/Functions/MX_SubsurfaceBSDF.uasset" 10773
"../../../Engine/Plugins/Interchange/Assets/Content/Functions/MX_SheenBSDF.uasset" 10774
"/Interchange/Pipelines/DefaultAudioPipeline" 10775
"/InterchangeAssets/Functions/MX_SheenBSDF" 10776
"../../../Engine/Plugins/Interchange/Assets/Content/Functions/MX_UniformEDF.uasset" 10777
"../../../Engine/Plugins/Interchange/Assets/Content/Functions/MX_AbsorptionVDF.uasset" 10778
"../../../Engine/Plugins/Interchange/Assets/Content/Functions/MX_ChiangHairBSDF.uasset" 10779
"../../../Engine/Plugins/Interchange/Assets/Content/Functions/MX_ConicalEDF.uasset" 10780
"../../../Engine/Plugins/Interchange/Assets/Content/Functions/MX_MeasuredEDF.uasset" 10781
"../../../Engine/Plugins/Interchange/Assets/Content/Functions/MX_AnisotropicVDF.uasset" 10782
"../../../Engine/Plugins/Animation/ControlRig/Content/Controls/ControlRigGizmoMaterial.uasset" 10783
"C:/Users/user1/Documents/Unreal Projects/Casino_Simulator_KCU/Intermediate/ORTOptimizerPass_Optimized6960B42344A28FE603988D921833FA9F.onnx" 10784
"C:/Users/user1/Documents/Unreal Projects/Casino_Simulator_KCU/Intermediate/ORTOptimizerPass_OptimizedBE61039D49912127ACD7719CB2DAD8EA.onnx" 10785
"/InterchangeAssets/Functions/MX_SubsurfaceBSDF" 10786
"/InterchangeAssets/Functions/MX_GeneralizedSchlickBSDF" 10787
"/InterchangeAssets/Functions/MX_ConductorBSDF" 10788
"/InterchangeAssets/Functions/MX_DielectricBSDF" 10789
"/InterchangeAssets/Functions/MX_TranslucentBSDF" 10790
"/InterchangeAssets/Functions/MX_BurleyDiffuseBSDF" 10791
"/InterchangeAssets/Functions/MX_OrenNayarBSDF" 10792
"/ControlRig/Controls/ControlRigGizmoMaterial" 10793
"/InterchangeAssets/Functions/MX_AnisotropicVDF" 10794
"/InterchangeAssets/Functions/MX_AbsorptionVDF" 10795
"/InterchangeAssets/Functions/MX_MeasuredEDF" 10796
"/InterchangeAssets/Functions/MX_ConicalEDF" 10797
"/InterchangeAssets/Functions/MX_UniformEDF" 10798
"/InterchangeAssets/Functions/MX_ChiangHairBSDF" 10799
"C:/Users/user1/Documents/Unreal Projects/Casino_Simulator_KCU/DerivedDataCache/VT/TEXTURE_7C16439390E24F1F9468894FB4D4BC55_VTCHUNKD2DAB16BFF152507817E734DBB935160EA97A322" 10800
"C:/Users/user1/Documents/Unreal Projects/Casino_Simulator_KCU/DerivedDataCache/VT/TEXTURE_7C16439390E24F1F9468894FB4D4BC55_VTCHUNK38740DBD4108040D6985AA56705D97D46F27920C" 10801
"C:/Users/user1/Documents/Unreal Projects/Casino_Simulator_KCU/DerivedDataCache/VT/TEXTURE_7C16439390E24F1F9468894FB4D4BC55_VTCHUNK84C05FFC339C0CEFE446DED1628C0AFB5362331E" 10802
"C:/Users/user1/Documents/Unreal Projects/Casino_Simulator_KCU/DerivedDataCache/VT/TEXTURE_7C16439390E24F1F9468894FB4D4BC55_VTCHUNKC0393DE8C5B4673D99D1BECB92AA8C1F72FEB491" 10803
"C:/Users/user1/Documents/Unreal Projects/Casino_Simulator_KCU/DerivedDataCache/VT/TEXTURE_7C16439390E24F1F9468894FB4D4BC55_VTCHUNK02D4C3BCAD7DFA48AB32B8281FB06B8B83DB6275" 10804
"C:/Users/user1/Documents/Unreal Projects/Casino_Simulator_KCU/Saved/Cooked/Windows/casino_simulator/Metadata/CookedSettings.txt" 10805
